time_step,node_id,density
1,1,0.24
1,2,0.24
1,3,0.24
1,4,0.24
1,5,0.24
1,6,0.24
1,7,0.28
1,8,0.4
1,9,0.24
1,10,0.24
1,11,0.24
1,12,0.36
1,13,0.4
1,14,0.28
1,15,0.24
1,16,0.4
1,17,0.24
1,18,0.24
1,19,0.24
1,20,0.24
1,21,0.36
1,22,0.36
1,23,0.24
1,24,0.24
1,25,0.24
1,26,0.24
1,27,0.24
1,28,0.36
1,29,0.28
1,30,0.4
1,31,0.24
1,32,0.28
1,33,0.28
1,34,0.36
1,35,0.24
1,36,0.28
1,37,0.24
1,38,0.24
1,39,0.24
1,40,0.28
1,41,0.24
1,42,0.24
1,43,0.24
1,44,0.24
1,45,0.24
1,46,0.28
1,47,0.24
1,48,0.24
1,49,0.24
1,50,0.24
1,51,0.24
1,52,0.24
1,53,0.24
1,54,0.24
1,55,0.24
1,56,0.36
1,57,0.24
1,58,0.4
1,59,0.24
1,60,0.4
1,61,0.24
1,62,0.36
1,63,0.24
1,64,0.24
1,65,0.24
1,66,0.24
1,67,0.24
1,68,0.24
1,69,0.4
1,70,0.24
1,71,0.24
1,72,0.4
1,73,0
1,74,0.36
1,75,0.36
1,76,0
1,77,0.24
1,78,0.36
1,79,0.28
1,80,0.24
1,81,0.24
1,82,0.4
1,83,0.24
1,84,0.24
1,85,0.24
1,86,0.24
1,87,0.24
1,88,0.24
1,89,0.28
1,90,0.24
1,91,0.24
1,92,0.24
1,93,0.24
1,94,0.28
1,95,0.28
1,96,0.24
1,97,0.24
1,98,0.4
1,99,0.36
1,100,0.36
1,101,0.24
1,102,0.4
1,103,0.24
1,104,0.24
1,105,0.24
1,106,0.36
1,107,0.24
1,108,0.28
1,109,0.4
1,110,0.28
1,111,0.24
1,112,0.24
1,113,0.24
1,114,0.24
1,115,0.24
1,116,0.28
1,117,0.36
1,118,0.24
1,119,0.24
1,120,0.36
1,121,0.24
1,122,0.24
1,123,0.24
1,124,0.24
1,125,0.36
1,126,0
1,127,0.24
1,128,0.24
1,129,0
1,130,0.24
1,131,0.24
1,132,0.4
1,133,0.4
1,134,0
1,135,0.28
1,136,0.24
1,137,0.24
1,138,0.24
1,139,0.4
1,140,0.24
1,141,0.36
1,142,0.36
1,143,0.36
1,144,0.4
1,145,0.36
1,146,0.24
1,147,0.4
1,148,0.44
1,149,0.4
1,150,0.24
1,151,0.24
1,152,0.24
1,153,0.4
1,154,0.36
1,155,0.24
1,156,0.24
1,157,0.28
1,158,0.24
1,159,0.24
1,160,0.24
1,161,0.24
1,162,0.24
1,163,0.24
1,164,0.24
1,165,0.24
1,166,0.24
1,167,0.36
1,168,0.24
1,169,0.4
1,170,0.24
1,171,0.24
1,172,0.24
1,173,0.24
1,174,0.24
1,175,0.36
1,176,0.24
1,177,0.28
1,178,0.24
1,179,0.24
1,180,0.36
1,181,0.36
1,182,0.24
1,183,0.24
1,184,0.24
1,185,0.24
1,186,0.24
1,187,0.24
1,188,0.28
1,189,0.24
1,190,0.24
1,191,0.4
1,192,0.24
1,193,0.36
1,194,0.24
1,195,0.36
1,196,0.24
1,197,0.36
1,198,0.24
1,199,0.4
1,200,0.24
1,201,0.28
1,202,0.36
1,203,0.24
1,204,0.4
1,205,0.24
1,206,0.4
1,207,0.36
1,208,0.24
1,209,0.24
1,210,0.24
1,211,0.24
1,212,0.24
1,213,0.24
1,214,0.24
1,215,0.24
1,216,0.24
1,217,0.24
1,218,0.24
1,219,0.24
1,220,0.24
1,221,0.24
1,222,0.24
1,223,0.36
1,224,0.36
1,225,0.36
1,226,0.24
1,227,0.24
1,228,0.24
1,229,0.36
1,230,0.36
1,231,0.24
1,232,0.24
1,233,0.24
1,234,0.24
1,235,0
1,236,0
2,1,0.16
2,2,0.36
2,3,0.24
2,4,0.24
2,5,0.16
2,6,0.48
2,7,0.32
2,8,0.4
2,9,0.24
2,10,0.24
2,11,0.12
2,12,0.48
2,13,0.44
2,14,0.44
2,15,0.4
2,16,0.32
2,17,0.12
2,18,0.16
2,19,0.12
2,20,0.24
2,21,0.32
2,22,0.44
2,23,0.44
2,24,0.36
2,25,0.24
2,26,0.48
2,27,0.4
2,28,0.2
2,29,0.28
2,30,0.44
2,31,0.08
2,32,0.28
2,33,0.16
2,34,0.4
2,35,0.16
2,36,0.32
2,37,0.08
2,38,0.08
2,39,0.36
2,40,0.36
2,41,0.08
2,42,0.08
2,43,0.28
2,44,0.24
2,45,0.24
2,46,0.2
2,47,0.08
2,48,0.08
2,49,0.4
2,50,0.32
2,51,0.12
2,52,0.2
2,53,0.36
2,54,0.2
2,55,0.2
2,56,0.32
2,57,0.4
2,58,0.2
2,59,0.24
2,60,0.2
2,61,0.12
2,62,0.16
2,63,0.4
2,64,0.16
2,65,0.12
2,66,0.16
2,67,0.52
2,68,0.2
2,69,0.2
2,70,0.2
2,71,0.16
2,72,0.32
2,73,0
2,74,0.24
2,75,0.08
2,76,0
2,77,0.24
2,78,0.4
2,79,0.16
2,80,0.28
2,81,0.36
2,82,0.28
2,83,0.44
2,84,0.48
2,85,0.16
2,86,0.4
2,87,0.4
2,88,0.28
2,89,0.32
2,90,0.16
2,91,0.36
2,92,0.4
2,93,0.16
2,94,0.24
2,95,0.08
2,96,0.12
2,97,0.44
2,98,0.36
2,99,0.08
2,100,0.12
2,101,0.36
2,102,0.4
2,103,0.4
2,104,0.36
2,105,0.24
2,106,0.36
2,107,0.12
2,108,0.28
2,109,0.4
2,110,0.2
2,111,0.36
2,112,0.28
2,113,0.04
2,114,0.32
2,115,0.28
2,116,0.4
2,117,0.48
2,118,0.16
2,119,0.48
2,120,0.08
2,121,0.44
2,122,0.24
2,123,0.08
2,124,0.28
2,125,0.4
2,126,0
2,127,0.44
2,128,0.44
2,129,0
2,130,0.4
2,131,0.44
2,132,0.24
2,133,0.16
2,134,0
2,135,0.32
2,136,0.04
2,137,0.12
2,138,0.16
2,139,0.12
2,140,0.36
2,141,0.48
2,142,0.2
2,143,0.4
2,144,0.36
2,145,0.16
2,146,0.28
2,147,0.08
2,148,0.12
2,149,0.48
2,150,0.08
2,151,0.12
2,152,0.44
2,153,0.48
2,154,0.32
2,155,0.16
2,156,0.2
2,157,0.24
2,158,0.44
2,159,0.08
2,160,0.36
2,161,0.56
2,162,0.44
2,163,0.24
2,164,0.12
2,165,0.08
2,166,0.36
2,167,0.16
2,168,0.4
2,169,0.48
2,170,0.24
2,171,0.24
2,172,0.44
2,173,0.32
2,174,0.16
2,175,0.16
2,176,0.28
2,177,0.32
2,178,0.32
2,179,0.24
2,180,0.12
2,181,0.2
2,182,0.16
2,183,0.12
2,184,0.36
2,185,0.08
2,186,0.32
2,187,0.2
2,188,0.12
2,189,0.24
2,190,0.36
2,191,0.48
2,192,0.36
2,193,0.48
2,194,0.48
2,195,0.36
2,196,0.52
2,197,0.44
2,198,0.16
2,199,0.4
2,200,0.12
2,201,0.28
2,202,0.32
2,203,0.16
2,204,0.36
2,205,0.24
2,206,0.24
2,207,0.32
2,208,0.08
2,209,0.32
2,210,0.24
2,211,0.2
2,212,0.24
2,213,0.2
2,214,0.52
2,215,0.56
2,216,0.4
2,217,0.48
2,218,0.32
2,219,0.16
2,220,0.48
2,221,0.12
2,222,0.12
2,223,0.32
2,224,0.08
2,225,0.36
2,226,0.36
2,227,0.36
2,228,0.08
2,229,0.36
2,230,0.4
2,231,0.48
2,232,0.52
2,233,0.28
2,234,0.44
2,235,0
2,236,0
3,1,0.16
3,2,0.2
3,3,0.56
3,4,0.12
3,5,0.36
3,6,0.2
3,7,0.12
3,8,0.24
3,9,0.44
3,10,0.36
3,11,0.32
3,12,0.4
3,13,0.28
3,14,0.32
3,15,0.12
3,16,0.16
3,17,0.12
3,18,0.2
3,19,0.32
3,20,0.24
3,21,0.16
3,22,0.12
3,23,0.24
3,24,0.24
3,25,0.12
3,26,0.4
3,27,0.12
3,28,0.4
3,29,0.16
3,30,0.44
3,31,0.16
3,32,0.4
3,33,0.32
3,34,0.24
3,35,0.12
3,36,0.4
3,37,0.16
3,38,0.12
3,39,0.2
3,40,0.2
3,41,0.44
3,42,0.52
3,43,0.16
3,44,0.44
3,45,0.28
3,46,0.32
3,47,0.32
3,48,0.56
3,49,0.12
3,50,0.44
3,51,0.12
3,52,0.44
3,53,0.16
3,54,0.28
3,55,0.44
3,56,0.08
3,57,0.16
3,58,0.16
3,59,0.28
3,60,0.12
3,61,0.08
3,62,0.44
3,63,0.12
3,64,0.44
3,65,0.44
3,66,0.2
3,67,0.52
3,68,0.36
3,69,0.28
3,70,0.48
3,71,0.36
3,72,0.28
3,73,0
3,74,0.4
3,75,0.44
3,76,0
3,77,0.2
3,78,0.32
3,79,0.24
3,80,0.4
3,81,0.24
3,82,0.16
3,83,0.24
3,84,0.28
3,85,0.4
3,86,0.28
3,87,0.08
3,88,0.32
3,89,0.08
3,90,0.44
3,91,0.24
3,92,0.16
3,93,0.08
3,94,0.2
3,95,0.12
3,96,0.44
3,97,0.2
3,98,0.28
3,99,0.12
3,100,0.2
3,101,0.08
3,102,0.32
3,103,0.28
3,104,0.56
3,105,0.4
3,106,0.44
3,107,0.48
3,108,0.56
3,109,0.36
3,110,0.32
3,111,0.24
3,112,0.2
3,113,0.12
3,114,0.36
3,115,0.44
3,116,0.4
3,117,0.32
3,118,0.16
3,119,0.16
3,120,0.2
3,121,0.08
3,122,0.24
3,123,0.16
3,124,0.28
3,125,0.28
3,126,0
3,127,0.24
3,128,0.4
3,129,0
3,130,0.2
3,131,0.2
3,132,0.32
3,133,0.36
3,134,0
3,135,0.24
3,136,0.08
3,137,0.16
3,138,0.4
3,139,0.16
3,140,0.12
3,141,0.4
3,142,0.16
3,143,0.32
3,144,0.28
3,145,0.24
3,146,0.2
3,147,0.2
3,148,0.28
3,149,0.24
3,150,0.4
3,151,0.2
3,152,0.44
3,153,0.32
3,154,0.12
3,155,0.24
3,156,0.32
3,157,0.24
3,158,0.48
3,159,0.28
3,160,0.52
3,161,0.52
3,162,0.44
3,163,0.12
3,164,0.24
3,165,0.4
3,166,0.36
3,167,0.44
3,168,0.08
3,169,0.32
3,170,0.2
3,171,0.16
3,172,0.44
3,173,0.24
3,174,0.36
3,175,0.08
3,176,0.12
3,177,0.28
3,178,0.28
3,179,0.36
3,180,0.08
3,181,0.08
3,182,0.24
3,183,0.2
3,184,0.2
3,185,0.24
3,186,0.28
3,187,0.36
3,188,0.32
3,189,0.08
3,190,0.36
3,191,0.12
3,192,0.28
3,193,0.28
3,194,0.56
3,195,0.36
3,196,0.24
3,197,0.08
3,198,0.44
3,199,0.2
3,200,0.36
3,201,0.24
3,202,0.28
3,203,0.32
3,204,0.36
3,205,0.24
3,206,0.44
3,207,0.44
3,208,0.12
3,209,0.44
3,210,0.48
3,211,0.44
3,212,0.36
3,213,0.52
3,214,0.52
3,215,0.4
3,216,0.12
3,217,0.16
3,218,0.52
3,219,0.48
3,220,0.2
3,221,0.56
3,222,0.28
3,223,0.16
3,224,0.08
3,225,0.24
3,226,0.24
3,227,0.44
3,228,0.28
3,229,0.36
3,230,0.16
3,231,0.08
3,232,0.12
3,233,0.32
3,234,0.2
3,235,0
3,236,0
4,1,0.44
4,2,0.2
4,3,0.56
4,4,0.16
4,5,0.36
4,6,0.6
4,7,0.28
4,8,0.08
4,9,0.48
4,10,0.32
4,11,0.28
4,12,0.2
4,13,0.36
4,14,0.52
4,15,0.08
4,16,0.36
4,17,0.32
4,18,0.4
4,19,0.36
4,20,0.24
4,21,0.08
4,22,0.36
4,23,0.28
4,24,0.28
4,25,0.24
4,26,0.2
4,27,0.24
4,28,0.2
4,29,0.56
4,30,0.28
4,31,0.36
4,32,0.24
4,33,0.28
4,34,0.12
4,35,0.36
4,36,0.08
4,37,0.32
4,38,0.16
4,39,0.4
4,40,0.32
4,41,0.16
4,42,0.4
4,43,0.36
4,44,0.4
4,45,0.2
4,46,0.24
4,47,0.2
4,48,0.44
4,49,0.24
4,50,0.24
4,51,0.32
4,52,0.44
4,53,0.4
4,54,0.4
4,55,0.12
4,56,0.32
4,57,0.12
4,58,0.32
4,59,0.16
4,60,0.2
4,61,0.28
4,62,0.12
4,63,0.12
4,64,0.16
4,65,0.24
4,66,0.4
4,67,0.24
4,68,0.48
4,69,0.36
4,70,0.2
4,71,0.36
4,72,0.08
4,73,0
4,74,0.32
4,75,0.2
4,76,0
4,77,0.44
4,78,0.24
4,79,0.4
4,80,0.24
4,81,0.56
4,82,0.12
4,83,0.48
4,84,0.52
4,85,0.32
4,86,0.24
4,87,0.2
4,88,0.16
4,89,0.24
4,90,0.16
4,91,0.24
4,92,0.24
4,93,0.16
4,94,0.24
4,95,0.2
4,96,0.12
4,97,0.08
4,98,0.44
4,99,0.2
4,100,0.12
4,101,0.2
4,102,0.12
4,103,0.28
4,104,0.16
4,105,0.28
4,106,0.12
4,107,0.12
4,108,0.52
4,109,0.2
4,110,0.48
4,111,0.36
4,112,0.24
4,113,0.12
4,114,0.36
4,115,0.28
4,116,0.4
4,117,0.36
4,118,0.16
4,119,0.36
4,120,0.36
4,121,0.2
4,122,0.12
4,123,0.08
4,124,0.24
4,125,0.44
4,126,0
4,127,0.24
4,128,0.32
4,129,0
4,130,0.36
4,131,0.2
4,132,0.12
4,133,0.2
4,134,0
4,135,0.08
4,136,0.24
4,137,0.16
4,138,0.08
4,139,0.2
4,140,0.52
4,141,0.32
4,142,0.28
4,143,0.36
4,144,0.28
4,145,0.2
4,146,0.12
4,147,0.32
4,148,0.4
4,149,0.36
4,150,0.24
4,151,0.16
4,152,0.52
4,153,0.24
4,154,0.08
4,155,0.24
4,156,0.28
4,157,0.48
4,158,0.44
4,159,0.48
4,160,0.64
4,161,0.2
4,162,0.16
4,163,0.16
4,164,0.24
4,165,0.16
4,166,0.36
4,167,0.12
4,168,0.4
4,169,0.16
4,170,0.6
4,171,0.44
4,172,0.16
4,173,0.28
4,174,0.16
4,175,0.4
4,176,0.16
4,177,0.32
4,178,0.44
4,179,0.24
4,180,0.08
4,181,0.4
4,182,0.2
4,183,0.12
4,184,0.48
4,185,0.32
4,186,0.24
4,187,0.28
4,188,0.44
4,189,0.24
4,190,0.32
4,191,0.24
4,192,0.28
4,193,0.08
4,194,0.52
4,195,0.2
4,196,0.16
4,197,0.16
4,198,0.28
4,199,0.36
4,200,0.4
4,201,0.12
4,202,0.2
4,203,0.08
4,204,0.4
4,205,0.12
4,206,0.08
4,207,0.28
4,208,0.24
4,209,0.24
4,210,0.24
4,211,0.36
4,212,0.12
4,213,0.36
4,214,0.12
4,215,0.12
4,216,0.56
4,217,0.12
4,218,0.08
4,219,0.4
4,220,0.52
4,221,0.16
4,222,0.36
4,223,0.44
4,224,0.24
4,225,0.44
4,226,0.4
4,227,0.48
4,228,0.4
4,229,0.16
4,230,0.36
4,231,0.08
4,232,0.6
4,233,0.24
4,234,0.6
4,235,0
4,236,0
5,1,0.24
5,2,0.32
5,3,0.12
5,4,0.36
5,5,0.32
5,6,0.24
5,7,0.12
5,8,0.32
5,9,0.12
5,10,0.24
5,11,0.4
5,12,0.12
5,13,0.4
5,14,0.52
5,15,0.4
5,16,0.28
5,17,0.16
5,18,0.28
5,19,0.2
5,20,0.2
5,21,0.44
5,22,0.28
5,23,0.16
5,24,0.6
5,25,0.08
5,26,0.08
5,27,0.2
5,28,0.24
5,29,0.4
5,30,0.28
5,31,0.36
5,32,0.4
5,33,0.08
5,34,0.12
5,35,0.16
5,36,0.2
5,37,0.28
5,38,0.16
5,39,0.2
5,40,0.12
5,41,0.32
5,42,0.12
5,43,0.4
5,44,0.16
5,45,0.28
5,46,0.16
5,47,0.36
5,48,0.48
5,49,0.48
5,50,0.28
5,51,0.12
5,52,0.08
5,53,0.24
5,54,0.16
5,55,0.36
5,56,0.2
5,57,0.36
5,58,0.28
5,59,0.44
5,60,0.08
5,61,0.24
5,62,0.08
5,63,0.12
5,64,0.08
5,65,0.32
5,66,0.08
5,67,0.32
5,68,0.36
5,69,0.2
5,70,0.2
5,71,0.08
5,72,0.12
5,73,0
5,74,0.44
5,75,0.36
5,76,0
5,77,0.36
5,78,0.16
5,79,0.12
5,80,0.4
5,81,0.4
5,82,0.44
5,83,0.4
5,84,0.32
5,85,0.16
5,86,0.52
5,87,0.12
5,88,0.44
5,89,0.28
5,90,0.44
5,91,0.2
5,92,0.4
5,93,0.16
5,94,0.16
5,95,0.44
5,96,0.16
5,97,0.36
5,98,0.2
5,99,0.4
5,100,0.28
5,101,0.24
5,102,0.28
5,103,0.24
5,104,0.48
5,105,0.16
5,106,0.12
5,107,0.48
5,108,0.28
5,109,0.16
5,110,0.4
5,111,0.48
5,112,0.24
5,113,0.12
5,114,0.48
5,115,0.48
5,116,0.2
5,117,0.32
5,118,0.2
5,119,0.16
5,120,0.12
5,121,0.36
5,122,0.12
5,123,0.28
5,124,0.24
5,125,0.24
5,126,0
5,127,0.2
5,128,0.52
5,129,0
5,130,0.32
5,131,0.08
5,132,0.44
5,133,0.12
5,134,0
5,135,0.16
5,136,0.44
5,137,0.08
5,138,0.2
5,139,0.12
5,140,0.24
5,141,0.2
5,142,0.28
5,143,0.12
5,144,0.12
5,145,0.12
5,146,0.6
5,147,0.12
5,148,0.44
5,149,0.44
5,150,0.36
5,151,0.32
5,152,0.52
5,153,0.2
5,154,0.08
5,155,0.32
5,156,0.6
5,157,0.08
5,158,0.48
5,159,0.32
5,160,0.76
5,161,0.24
5,162,0.24
5,163,0.16
5,164,0.36
5,165,0.24
5,166,0.08
5,167,0.2
5,168,0.24
5,169,0.2
5,170,0.12
5,171,0.4
5,172,0.32
5,173,0.28
5,174,0.2
5,175,0.36
5,176,0.2
5,177,0.28
5,178,0.32
5,179,0.36
5,180,0.36
5,181,0.08
5,182,0.28
5,183,0.2
5,184,0.32
5,185,0.08
5,186,0.36
5,187,0.28
5,188,0.4
5,189,0.24
5,190,0.16
5,191,0.4
5,192,0.4
5,193,0.36
5,194,0.08
5,195,0.2
5,196,0.44
5,197,0.08
5,198,0.48
5,199,0.4
5,200,0.2
5,201,0.4
5,202,0.4
5,203,0.24
5,204,0.2
5,205,0.24
5,206,0.08
5,207,0.16
5,208,0.32
5,209,0.32
5,210,0.16
5,211,0.48
5,212,0.16
5,213,0.4
5,214,0.56
5,215,0.24
5,216,0.48
5,217,0.56
5,218,0.6
5,219,0.48
5,220,0.6
5,221,0.56
5,222,0.48
5,223,0.16
5,224,0.36
5,225,0.28
5,226,0.2
5,227,0.12
5,228,0.36
5,229,0.16
5,230,0.16
5,231,0.44
5,232,0.24
5,233,0.08
5,234,0.52
5,235,0
5,236,0
6,1,0.48
6,2,0.32
6,3,0.16
6,4,0.28
6,5,0.2
6,6,0.12
6,7,0.08
6,8,0.12
6,9,0.12
6,10,0.44
6,11,0.08
6,12,0.12
6,13,0.24
6,14,0.12
6,15,0.2
6,16,0.36
6,17,0.44
6,18,0.32
6,19,0.48
6,20,0.4
6,21,0.28
6,22,0.16
6,23,0.32
6,24,0.2
6,25,0.12
6,26,0.12
6,27,0.48
6,28,0.2
6,29,0.64
6,30,0.4
6,31,0.2
6,32,0.48
6,33,0.28
6,34,0.12
6,35,0.16
6,36,0.36
6,37,0.24
6,38,0.2
6,39,0.24
6,40,0.36
6,41,0.08
6,42,0.36
6,43,0.2
6,44,0.12
6,45,0.36
6,46,0.16
6,47,0.24
6,48,0.16
6,49,0.32
6,50,0.12
6,51,0.4
6,52,0.2
6,53,0.36
6,54,0.28
6,55,0.28
6,56,0.36
6,57,0.28
6,58,0.36
6,59,0.12
6,60,0.16
6,61,0.48
6,62,0.36
6,63,0.2
6,64,0.16
6,65,0.16
6,66,0.24
6,67,0.2
6,68,0.12
6,69,0.32
6,70,0.4
6,71,0.12
6,72,0.32
6,73,0
6,74,0.32
6,75,0.28
6,76,0
6,77,0.16
6,78,0.2
6,79,0.2
6,80,0.2
6,81,0.56
6,82,0.08
6,83,0.48
6,84,0.16
6,85,0.16
6,86,0.4
6,87,0.36
6,88,0.12
6,89,0.16
6,90,0.56
6,91,0.28
6,92,0.24
6,93,0.28
6,94,0.48
6,95,0.36
6,96,0.32
6,97,0.44
6,98,0.44
6,99,0.16
6,100,0.44
6,101,0.24
6,102,0.36
6,103,0.16
6,104,0.2
6,105,0.48
6,106,0.44
6,107,0.36
6,108,0.2
6,109,0.16
6,110,0.08
6,111,0.16
6,112,0.08
6,113,0.2
6,114,0.52
6,115,0.24
6,116,0.32
6,117,0.16
6,118,0.24
6,119,0.28
6,120,0.24
6,121,0.4
6,122,0.32
6,123,0.36
6,124,0.12
6,125,0.32
6,126,0
6,127,0.16
6,128,0.4
6,129,0
6,130,0.2
6,131,0.16
6,132,0.2
6,133,0.2
6,134,0
6,135,0.16
6,136,0.72
6,137,0.48
6,138,0.4
6,139,0.32
6,140,0.4
6,141,0.28
6,142,0.2
6,143,0.2
6,144,0.28
6,145,0.08
6,146,0.4
6,147,0.36
6,148,0.4
6,149,0.28
6,150,0.12
6,151,0.28
6,152,0.24
6,153,0.16
6,154,0.12
6,155,0.28
6,156,0.52
6,157,0.12
6,158,0.16
6,159,0.48
6,160,0.92
6,161,0.36
6,162,0.36
6,163,0.08
6,164,0.36
6,165,0.28
6,166,0.36
6,167,0.12
6,168,0.12
6,169,0.12
6,170,0.12
6,171,0.16
6,172,0.12
6,173,0.12
6,174,0.44
6,175,0.24
6,176,0.2
6,177,0.16
6,178,0.24
6,179,0.32
6,180,0.28
6,181,0.16
6,182,0.44
6,183,0.2
6,184,0.6
6,185,0.48
6,186,0.28
6,187,0.12
6,188,0.08
6,189,0.16
6,190,0.28
6,191,0.16
6,192,0.2
6,193,0.28
6,194,0.32
6,195,0.12
6,196,0.28
6,197,0.2
6,198,0.32
6,199,0.36
6,200,0.28
6,201,0.28
6,202,0.4
6,203,0.52
6,204,0.12
6,205,0.24
6,206,0.16
6,207,0.24
6,208,0.28
6,209,0.16
6,210,0.52
6,211,0.52
6,212,0.24
6,213,0.52
6,214,0.36
6,215,0.2
6,216,0.48
6,217,0.36
6,218,0.6
6,219,0.12
6,220,0.4
6,221,0.36
6,222,0.32
6,223,0.4
6,224,0.2
6,225,0.2
6,226,0.12
6,227,0.6
6,228,0.28
6,229,0.4
6,230,0.4
6,231,0.28
6,232,0.56
6,233,0.08
6,234,0.36
6,235,0
6,236,0
7,1,0.2
7,2,0.44
7,3,0.36
7,4,0.32
7,5,0.24
7,6,0.52
7,7,0.28
7,8,0.32
7,9,0.16
7,10,0.36
7,11,0.28
7,12,0.28
7,13,0.4
7,14,0.44
7,15,0.16
7,16,0.36
7,17,0.4
7,18,0.4
7,19,0.4
7,20,0.2
7,21,0.24
7,22,0.32
7,23,0.2
7,24,0.16
7,25,0.24
7,26,0.32
7,27,0.2
7,28,0.32
7,29,0.56
7,30,0.12
7,31,0.08
7,32,0.28
7,33,0.36
7,34,0.08
7,35,0.32
7,36,0.36
7,37,0.2
7,38,0.16
7,39,0.16
7,40,0.2
7,41,0.44
7,42,0.48
7,43,0.48
7,44,0.28
7,45,0.16
7,46,0.36
7,47,0.12
7,48,0.24
7,49,0.2
7,50,0.44
7,51,0.2
7,52,0.52
7,53,0.16
7,54,0.24
7,55,0.44
7,56,0.12
7,57,0.2
7,58,0.44
7,59,0.32
7,60,0.08
7,61,0.28
7,62,0.16
7,63,0.48
7,64,0.52
7,65,0.28
7,66,0.44
7,67,0.56
7,68,0.44
7,69,0.32
7,70,0.4
7,71,0.16
7,72,0.16
7,73,0
7,74,0.36
7,75,0.16
7,76,0
7,77,0.44
7,78,0.12
7,79,0.12
7,80,0.12
7,81,0.4
7,82,0.2
7,83,0.2
7,84,0.28
7,85,0.16
7,86,0.2
7,87,0.08
7,88,0.12
7,89,0.08
7,90,0.16
7,91,0.44
7,92,0.16
7,93,0.28
7,94,0.44
7,95,0.12
7,96,0.16
7,97,0.2
7,98,0.08
7,99,0.4
7,100,0.16
7,101,0.44
7,102,0.32
7,103,0.36
7,104,0.12
7,105,0.32
7,106,0.36
7,107,0.4
7,108,0.24
7,109,0.12
7,110,0.16
7,111,0.28
7,112,0.4
7,113,0.24
7,114,0.56
7,115,0.2
7,116,0.28
7,117,0.08
7,118,0.36
7,119,0.08
7,120,0.16
7,121,0.32
7,122,0.28
7,123,0.16
7,124,0.24
7,125,0.2
7,126,0
7,127,0.36
7,128,0.56
7,129,0
7,130,0.24
7,131,0.4
7,132,0.16
7,133,0.12
7,134,0
7,135,0.28
7,136,0.92
7,137,0.24
7,138,0.44
7,139,0.28
7,140,0.56
7,141,0.16
7,142,0.44
7,143,0.4
7,144,0.08
7,145,0.28
7,146,0.12
7,147,0.28
7,148,0.12
7,149,0.24
7,150,0.08
7,151,0.16
7,152,0.4
7,153,0.16
7,154,0.2
7,155,0.44
7,156,0.16
7,157,0.4
7,158,0.32
7,159,0.12
7,160,1.04
7,161,0.52
7,162,0.32
7,163,0.44
7,164,0.2
7,165,0.28
7,166,0.36
7,167,0.28
7,168,0.08
7,169,0.24
7,170,0.2
7,171,0.12
7,172,0.32
7,173,0.2
7,174,0.32
7,175,0.12
7,176,0.24
7,177,0.48
7,178,0.12
7,179,0.12
7,180,0.16
7,181,0.36
7,182,0.2
7,183,0.16
7,184,0.4
7,185,0.16
7,186,0.12
7,187,0.2
7,188,0.12
7,189,0.08
7,190,0.2
7,191,0.36
7,192,0.16
7,193,0.12
7,194,0.4
7,195,0.2
7,196,0.16
7,197,0.16
7,198,0.12
7,199,0.4
7,200,0.36
7,201,0.28
7,202,0.24
7,203,0.56
7,204,0.24
7,205,0.16
7,206,0.12
7,207,0.28
7,208,0.08
7,209,0.12
7,210,0.2
7,211,0.44
7,212,0.24
7,213,0.4
7,214,0.36
7,215,0.16
7,216,0.6
7,217,0.32
7,218,0.48
7,219,0.16
7,220,0.56
7,221,0.28
7,222,0.44
7,223,0.36
7,224,0.16
7,225,0.24
7,226,0.24
7,227,0.48
7,228,0.44
7,229,0.12
7,230,0.4
7,231,0.16
7,232,0.36
7,233,0.36
7,234,0.24
7,235,0
7,236,0
8,1,0.24
8,2,0.2
8,3,0.52
8,4,0.44
8,5,0.16
8,6,0.24
8,7,0.24
8,8,0.08
8,9,0.32
8,10,0.32
8,11,0.32
8,12,0.2
8,13,0.08
8,14,0.52
8,15,0.36
8,16,0.2
8,17,0.44
8,18,0.36
8,19,0.08
8,20,0.2
8,21,0.16
8,22,0.32
8,23,0.12
8,24,0.16
8,25,0.28
8,26,0.08
8,27,0.32
8,28,0.24
8,29,0.44
8,30,0.32
8,31,0.36
8,32,0.12
8,33,0.4
8,34,0.12
8,35,0.32
8,36,0.24
8,37,0.08
8,38,0.32
8,39,0.32
8,40,0.4
8,41,0.36
8,42,0.16
8,43,0.36
8,44,0.2
8,45,0.2
8,46,0.44
8,47,0.08
8,48,0.2
8,49,0.4
8,50,0.32
8,51,0.2
8,52,0.16
8,53,0.12
8,54,0.36
8,55,0.16
8,56,0.2
8,57,0.28
8,58,0.28
8,59,0.08
8,60,0.36
8,61,0.24
8,62,0.28
8,63,0.12
8,64,0.16
8,65,0.08
8,66,0.16
8,67,0.28
8,68,0.28
8,69,0.4
8,70,0.08
8,71,0.12
8,72,0.2
8,73,0
8,74,0.32
8,75,0.28
8,76,0
8,77,0.52
8,78,0.28
8,79,0.32
8,80,0.36
8,81,0.16
8,82,0.36
8,83,0.12
8,84,0.24
8,85,0.28
8,86,0.36
8,87,0.08
8,88,0.32
8,89,0.16
8,90,0.4
8,91,0.32
8,92,0.24
8,93,0.16
8,94,0.36
8,95,0.24
8,96,0.32
8,97,0.2
8,98,0.08
8,99,0.16
8,100,0.12
8,101,0.28
8,102,0.32
8,103,0.32
8,104,0.28
8,105,0.24
8,106,0.32
8,107,0.44
8,108,0.36
8,109,0.2
8,110,0.08
8,111,0.28
8,112,0.4
8,113,0.32
8,114,0.56
8,115,0.32
8,116,0.12
8,117,0.36
8,118,0.64
8,119,0.28
8,120,0.32
8,121,0.2
8,122,0.16
8,123,0.12
8,124,0.28
8,125,0.12
8,126,0
8,127,0.2
8,128,0.24
8,129,0
8,130,0.36
8,131,0.28
8,132,0.24
8,133,0.28
8,134,0
8,135,0.36
8,136,1.04
8,137,0.36
8,138,0.24
8,139,0.2
8,140,0.28
8,141,0.16
8,142,0.08
8,143,0.28
8,144,0.16
8,145,0.12
8,146,0.36
8,147,0.08
8,148,0.2
8,149,0.28
8,150,0.4
8,151,0.32
8,152,0.44
8,153,0.08
8,154,0.36
8,155,0.12
8,156,0.52
8,157,0.28
8,158,0.28
8,159,0.28
8,160,1.16
8,161,0.56
8,162,0.4
8,163,0.44
8,164,0.44
8,165,0.28
8,166,0.16
8,167,0.08
8,168,0.08
8,169,0.24
8,170,0.52
8,171,0.4
8,172,0.12
8,173,0.12
8,174,0.24
8,175,0.28
8,176,0.36
8,177,0.28
8,178,0.16
8,179,0.4
8,180,0.2
8,181,0.08
8,182,0.24
8,183,0.44
8,184,0.48
8,185,0.16
8,186,0.12
8,187,0.12
8,188,0.24
8,189,0.2
8,190,0.16
8,191,0.32
8,192,0.12
8,193,0.32
8,194,0.44
8,195,0.36
8,196,0.4
8,197,0.12
8,198,0.52
8,199,0.08
8,200,0.4
8,201,0.36
8,202,0.16
8,203,0.36
8,204,0.24
8,205,0.36
8,206,0.2
8,207,0.32
8,208,0.16
8,209,0.28
8,210,0.4
8,211,0.28
8,212,0.24
8,213,0.56
8,214,0.52
8,215,0.4
8,216,0.08
8,217,0.28
8,218,0.28
8,219,0.52
8,220,0.52
8,221,0.12
8,222,0.48
8,223,0.28
8,224,0.08
8,225,0.16
8,226,0.28
8,227,0.32
8,228,0.36
8,229,0.12
8,230,0.2
8,231,0.28
8,232,0.48
8,233,0.4
8,234,0.48
8,235,0
8,236,0
9,1,0.44
9,2,0.12
9,3,0.4
9,4,0.2
9,5,0.2
9,6,0.52
9,7,0.32
9,8,0.36
9,9,0.24
9,10,0.16
9,11,0.12
9,12,0.32
9,13,0.16
9,14,0.36
9,15,0.2
9,16,0.24
9,17,0.28
9,18,0.16
9,19,0.16
9,20,0.08
9,21,0.2
9,22,0.16
9,23,0.2
9,24,0.52
9,25,0.44
9,26,0.36
9,27,0.2
9,28,0.24
9,29,0.52
9,30,0.32
9,31,0.36
9,32,0.16
9,33,0.4
9,34,0.16
9,35,0.12
9,36,0.36
9,37,0.16
9,38,0.12
9,39,0.36
9,40,0.4
9,41,0.12
9,42,0.28
9,43,0.28
9,44,0.32
9,45,0.24
9,46,0.44
9,47,0.48
9,48,0.08
9,49,0.16
9,50,0.16
9,51,0.16
9,52,0.44
9,53,0.16
9,54,0.08
9,55,0.24
9,56,0.2
9,57,0.2
9,58,0.36
9,59,0.36
9,60,0.12
9,61,0.2
9,62,0.08
9,63,0.28
9,64,0.6
9,65,0.32
9,66,0.4
9,67,0.08
9,68,0.12
9,69,0.36
9,70,0.32
9,71,0.32
9,72,0.24
9,73,0
9,74,0.32
9,75,0.12
9,76,0
9,77,0.52
9,78,0.28
9,79,0.2
9,80,0.12
9,81,0.4
9,82,0.32
9,83,0.52
9,84,0.28
9,85,0.24
9,86,0.36
9,87,0.28
9,88,0.4
9,89,0.12
9,90,0.12
9,91,0.12
9,92,0.16
9,93,0.32
9,94,0.44
9,95,0.4
9,96,0.16
9,97,0.2
9,98,0.16
9,99,0.36
9,100,0.08
9,101,0.08
9,102,0.28
9,103,0.4
9,104,0.12
9,105,0.4
9,106,0.24
9,107,0.28
9,108,0.32
9,109,0.32
9,110,0.32
9,111,0.28
9,112,0.2
9,113,0.44
9,114,0.6
9,115,0.16
9,116,0.08
9,117,0.08
9,118,1.08
9,119,0.28
9,120,0.16
9,121,0.28
9,122,0.16
9,123,0.2
9,124,0.08
9,125,0.32
9,126,0
9,127,0.32
9,128,0.12
9,129,0
9,130,0.12
9,131,0.32
9,132,0.08
9,133,0.32
9,134,0
9,135,0.28
9,136,1
9,137,0.36
9,138,0.32
9,139,0.36
9,140,0.12
9,141,0.24
9,142,0.08
9,143,0.36
9,144,0.36
9,145,0.28
9,146,0.56
9,147,0.32
9,148,0.32
9,149,0.12
9,150,0.44
9,151,0.32
9,152,0.08
9,153,0.12
9,154,0.16
9,155,0.16
9,156,0.16
9,157,0.12
9,158,0.44
9,159,0.28
9,160,1.32
9,161,0.28
9,162,0.28
9,163,0.12
9,164,0.12
9,165,0.16
9,166,0.36
9,167,0.12
9,168,0.32
9,169,0.2
9,170,0.4
9,171,0.08
9,172,0.28
9,173,0.32
9,174,0.16
9,175,0.12
9,176,0.44
9,177,0.16
9,178,0.32
9,179,0.2
9,180,0.24
9,181,0.24
9,182,0.4
9,183,0.28
9,184,0.36
9,185,0.4
9,186,0.2
9,187,0.36
9,188,0.32
9,189,0.4
9,190,0.44
9,191,0.24
9,192,0.2
9,193,0.08
9,194,0.16
9,195,0.36
9,196,0.28
9,197,0.08
9,198,0.12
9,199,0.32
9,200,0.56
9,201,0.16
9,202,0.4
9,203,0.6
9,204,0.28
9,205,0.24
9,206,0.16
9,207,0.16
9,208,0.44
9,209,0.2
9,210,0.44
9,211,0.2
9,212,0.52
9,213,0.2
9,214,0.24
9,215,0.32
9,216,0.12
9,217,0.48
9,218,0.32
9,219,0.4
9,220,0.4
9,221,0.08
9,222,0.24
9,223,0.36
9,224,0.16
9,225,0.12
9,226,0.44
9,227,0.44
9,228,0.16
9,229,0.12
9,230,0.32
9,231,0.32
9,232,0.44
9,233,0.24
9,234,0.36
9,235,0
9,236,0
10,1,0.24
10,2,0.28
10,3,0.12
10,4,0.28
10,5,0.28
10,6,0.12
10,7,0.08
10,8,0.24
10,9,0.24
10,10,0.32
10,11,0.2
10,12,0.28
10,13,0.2
10,14,0.24
10,15,0.44
10,16,0.08
10,17,0.36
10,18,0.44
10,19,0.12
10,20,0.24
10,21,0.24
10,22,0.12
10,23,0.12
10,24,0.32
10,25,0.52
10,26,0.36
10,27,0.16
10,28,0.32
10,29,0.6
10,30,0.36
10,31,0.24
10,32,0.32
10,33,0.36
10,34,0.36
10,35,0.24
10,36,0.12
10,37,0.32
10,38,0.4
10,39,0.24
10,40,0.16
10,41,0.24
10,42,0.2
10,43,0.12
10,44,0.12
10,45,0.44
10,46,0.2
10,47,0.12
10,48,0.4
10,49,0.2
10,50,0.2
10,51,0.24
10,52,0.48
10,53,0.28
10,54,0.2
10,55,0.08
10,56,0.28
10,57,0.32
10,58,0.24
10,59,0.4
10,60,0.08
10,61,0.08
10,62,0.12
10,63,0.2
10,64,0.36
10,65,0.12
10,66,0.28
10,67,0.28
10,68,0.52
10,69,0.08
10,70,0.44
10,71,0.24
10,72,0.12
10,73,0
10,74,0.16
10,75,0.2
10,76,0
10,77,0.48
10,78,0.28
10,79,0.16
10,80,0.2
10,81,0.28
10,82,0.32
10,83,0.52
10,84,0.12
10,85,0.16
10,86,0.44
10,87,0.32
10,88,0.28
10,89,0.2
10,90,0.4
10,91,0.32
10,92,0.44
10,93,0.2
10,94,0.16
10,95,0.32
10,96,0.28
10,97,0.16
10,98,0.24
10,99,0.28
10,100,0.16
10,101,0.12
10,102,0.28
10,103,0.16
10,104,0.32
10,105,0.28
10,106,0.2
10,107,0.52
10,108,0.16
10,109,0.08
10,110,0.2
10,111,0.16
10,112,0.32
10,113,0.48
10,114,0.56
10,115,0.52
10,116,0.28
10,117,0.36
10,118,1.64
10,119,0.16
10,120,0.12
10,121,0.12
10,122,0.12
10,123,0.2
10,124,0.32
10,125,0.12
10,126,0
10,127,0.32
10,128,0.56
10,129,0
10,130,0.4
10,131,0.32
10,132,0.36
10,133,0.36
10,134,0
10,135,0.32
10,136,0.76
10,137,0.08
10,138,0.12
10,139,0.2
10,140,0.28
10,141,0.32
10,142,0.12
10,143,0.16
10,144,0.36
10,145,0.16
10,146,0.52
10,147,0.24
10,148,0.16
10,149,0.24
10,150,0.08
10,151,0.24
10,152,0.08
10,153,0.28
10,154,0.36
10,155,0.32
10,156,0.56
10,157,0.36
10,158,0.52
10,159,0.32
10,160,1.6
10,161,0.52
10,162,0.28
10,163,0.12
10,164,0.24
10,165,0.32
10,166,0.36
10,167,0.12
10,168,0.24
10,169,0.24
10,170,0.2
10,171,0.36
10,172,0.2
10,173,0.16
10,174,0.2
10,175,0.2
10,176,0.08
10,177,0.56
10,178,0.08
10,179,0.24
10,180,0.16
10,181,0.08
10,182,0.24
10,183,0.08
10,184,0.56
10,185,0.16
10,186,0.44
10,187,0.4
10,188,0.08
10,189,0.16
10,190,0.12
10,191,0.08
10,192,0.4
10,193,0.24
10,194,0.16
10,195,0.32
10,196,0.08
10,197,0.24
10,198,0.56
10,199,0.32
10,200,0.48
10,201,0.08
10,202,0.24
10,203,0.4
10,204,0.12
10,205,0.2
10,206,0.16
10,207,0.12
10,208,0.28
10,209,0.08
10,210,0.44
10,211,0.2
10,212,0.08
10,213,0.08
10,214,0.28
10,215,0.56
10,216,0.16
10,217,0.52
10,218,0.6
10,219,0.16
10,220,0.08
10,221,0.28
10,222,0.36
10,223,0.24
10,224,0.12
10,225,0.28
10,226,0.28
10,227,0.6
10,228,0.36
10,229,0.12
10,230,0.12
10,231,0.36
10,232,0.28
10,233,0.2
10,234,0.6
10,235,0
10,236,0
11,1,0.32
11,2,0.32
11,3,0.28
11,4,0.6
11,5,0.08
11,6,0.2
11,7,0.28
11,8,0.2
11,9,0.12
11,10,0.08
11,11,0.36
11,12,0.12
11,13,0.16
11,14,0.24
11,15,0.24
11,16,0.32
11,17,0.4
11,18,0.12
11,19,0.32
11,20,0.36
11,21,0.16
11,22,0.24
11,23,0.36
11,24,0.32
11,25,0.4
11,26,0.08
11,27,0.2
11,28,0.12
11,29,0.32
11,30,0.28
11,31,0.16
11,32,0.12
11,33,0.08
11,34,0.32
11,35,0.32
11,36,0.24
11,37,0.28
11,38,0.36
11,39,0.24
11,40,0.36
11,41,0.24
11,42,0.56
11,43,0.16
11,44,0.32
11,45,0.28
11,46,0.24
11,47,0.44
11,48,0.32
11,49,0.36
11,50,0.16
11,51,0.12
11,52,0.2
11,53,0.36
11,54,0.16
11,55,0.28
11,56,0.28
11,57,0.28
11,58,0.12
11,59,0.2
11,60,0.2
11,61,0.4
11,62,0.32
11,63,0.36
11,64,0.4
11,65,0.2
11,66,0.16
11,67,0.28
11,68,0.12
11,69,0.12
11,70,0.12
11,71,0.32
11,72,0.08
11,73,0
11,74,0.24
11,75,0.28
11,76,0
11,77,0.36
11,78,0.08
11,79,0.24
11,80,0.08
11,81,0.16
11,82,0.24
11,83,0.08
11,84,0.4
11,85,0.12
11,86,0.4
11,87,0.16
11,88,0.16
11,89,0.2
11,90,0.56
11,91,0.24
11,92,0.24
11,93,0.28
11,94,0.36
11,95,0.08
11,96,0.32
11,97,0.36
11,98,0.2
11,99,0.28
11,100,0.08
11,101,0.28
11,102,0.04
11,103,0.36
11,104,0.36
11,105,0.4
11,106,0.08
11,107,0.4
11,108,0.2
11,109,0.08
11,110,0.32
11,111,0.24
11,112,0.12
11,113,0.56
11,114,0.52
11,115,0.12
11,116,0.24
11,117,0.04
11,118,2
11,119,0.56
11,120,0.16
11,121,0.12
11,122,0.2
11,123,0.2
11,124,0.2
11,125,0.08
11,126,0
11,127,0.4
11,128,0.12
11,129,0
11,130,0.32
11,131,0.2
11,132,0.24
11,133,0.16
11,134,0
11,135,0.08
11,136,0.64
11,137,0.16
11,138,0.24
11,139,0.16
11,140,0.36
11,141,0.28
11,142,0.04
11,143,0.32
11,144,0.16
11,145,0.08
11,146,0.28
11,147,0.08
11,148,0.12
11,149,0.32
11,150,0.32
11,151,0.2
11,152,0.48
11,153,0.24
11,154,0.12
11,155,0.36
11,156,0.44
11,157,0.28
11,158,0.4
11,159,0.08
11,160,1.4
11,161,0.32
11,162,0.28
11,163,0.32
11,164,0.36
11,165,0.2
11,166,0.32
11,167,0.32
11,168,0.32
11,169,0.2
11,170,0.56
11,171,0.24
11,172,0.4
11,173,0.36
11,174,0.32
11,175,0.16
11,176,0.32
11,177,0.48
11,178,0.36
11,179,0.36
11,180,0.08
11,181,0.2
11,182,0.4
11,183,0.2
11,184,0.48
11,185,0.32
11,186,0.12
11,187,0.2
11,188,0.32
11,189,0.2
11,190,0.2
11,191,0.12
11,192,0.4
11,193,0.28
11,194,0.48
11,195,0.24
11,196,0.36
11,197,0.32
11,198,0.16
11,199,0.28
11,200,0.44
11,201,0.24
11,202,0.16
11,203,0.4
11,204,0.2
11,205,0.32
11,206,0.2
11,207,0.32
11,208,0.24
11,209,0.24
11,210,0.16
11,211,0.2
11,212,0.4
11,213,0.44
11,214,0.2
11,215,0.48
11,216,0.52
11,217,0.32
11,218,0.32
11,219,0.44
11,220,0.56
11,221,0.24
11,222,0.52
11,223,0.08
11,224,0.28
11,225,0.08
11,226,0.2
11,227,0.28
11,228,0.4
11,229,0.12
11,230,0.2
11,231,0.2
11,232,0.44
11,233,0.12
11,234,0.32
11,235,0
11,236,0
12,1,0.44
12,2,0.08
12,3,0.4
12,4,0.44
12,5,0.4
12,6,0.4
12,7,0.2
12,8,0.08
12,9,0.28
12,10,0.04
12,11,0.12
12,12,0.08
12,13,0.12
12,14,0.2
12,15,0.2
12,16,0.08
12,17,0.24
12,18,0.16
12,19,0.4
12,20,0.16
12,21,0.32
12,22,0.08
12,23,0.12
12,24,0.44
12,25,0.24
12,26,0.32
12,27,0.36
12,28,0.32
12,29,0.28
12,30,0.32
12,31,0.2
12,32,0.28
12,33,0.16
12,34,0.2
12,35,0.44
12,36,0.32
12,37,0.24
12,38,0.32
12,39,0.2
12,40,0.28
12,41,0.16
12,42,0.2
12,43,0.12
12,44,0.32
12,45,0.36
12,46,0.2
12,47,0.2
12,48,0.36
12,49,0.28
12,50,0.2
12,51,0.12
12,52,0.2
12,53,0.12
12,54,0.28
12,55,0.32
12,56,0.12
12,57,0.04
12,58,0.2
12,59,0.2
12,60,0.08
12,61,0.36
12,62,0.04
12,63,0.24
12,64,0.48
12,65,0.2
12,66,0.36
12,67,0.32
12,68,0.44
12,69,0.28
12,70,0.12
12,71,0.44
12,72,0.24
12,73,0
12,74,0.08
12,75,0.12
12,76,0
12,77,0.12
12,78,0.24
12,79,0.28
12,80,0.24
12,81,0.52
12,82,0.32
12,83,0.52
12,84,0.24
12,85,0.32
12,86,0.32
12,87,0.4
12,88,0.36
12,89,0.36
12,90,0.52
12,91,0.28
12,92,0.12
12,93,0.4
12,94,0.36
12,95,0.44
12,96,0.36
12,97,0.24
12,98,0.24
12,99,0.2
12,100,0.12
12,101,0.32
12,102,0.32
12,103,0.28
12,104,0.24
12,105,0.56
12,106,0.04
12,107,0.52
12,108,0.48
12,109,0.08
12,110,0.24
12,111,0.28
12,112,0.32
12,113,0.68
12,114,0.48
12,115,0.4
12,116,0.32
12,117,0.12
12,118,2.2
12,119,0.56
12,120,0.28
12,121,0.36
12,122,0.24
12,123,0.36
12,124,0.4
12,125,0.24
12,126,0
12,127,0.2
12,128,0.56
12,129,0
12,130,0.12
12,131,0.16
12,132,0.24
12,133,0.24
12,134,0
12,135,0.4
12,136,0.48
12,137,0.4
12,138,0.32
12,139,0.04
12,140,0.2
12,141,0.04
12,142,0.2
12,143,0.32
12,144,0.2
12,145,0.28
12,146,0.2
12,147,0.32
12,148,0.2
12,149,0.12
12,150,0.4
12,151,0.2
12,152,0.44
12,153,0.2
12,154,0.32
12,155,0.36
12,156,0.28
12,157,0.16
12,158,0.12
12,159,0.36
12,160,1.72
12,161,0.48
12,162,0.2
12,163,0.36
12,164,0.4
12,165,0.44
12,166,0.28
12,167,0.28
12,168,0.08
12,169,0.28
12,170,0.12
12,171,0.08
12,172,0.08
12,173,0.24
12,174,0.32
12,175,0.08
12,176,0.28
12,177,0.28
12,178,0.08
12,179,0.16
12,180,0.16
12,181,0.24
12,182,0.4
12,183,0.4
12,184,0.12
12,185,0.16
12,186,0.28
12,187,0.32
12,188,0.16
12,189,0.16
12,190,0.08
12,191,0.16
12,192,0.16
12,193,0.08
12,194,0.28
12,195,0.08
12,196,0.28
12,197,0.04
12,198,0.08
12,199,0.04
12,200,0.44
12,201,0.16
12,202,0.16
12,203,0.12
12,204,0.24
12,205,0.16
12,206,0.28
12,207,0.28
12,208,0.36
12,209,0.28
12,210,0.4
12,211,0.36
12,212,0.44
12,213,0.12
12,214,0.2
12,215,0.6
12,216,0.28
12,217,0.24
12,218,0.56
12,219,0.48
12,220,0.12
12,221,0.12
12,222,0.08
12,223,0.16
12,224,0.32
12,225,0.16
12,226,0.16
12,227,0.12
12,228,0.12
12,229,0.2
12,230,0.28
12,231,0.28
12,232,0.48
12,233,0.16
12,234,0.44
12,235,0
12,236,0
13,1,0.24
13,2,0.48
13,3,0.6
13,4,0.32
13,5,0.2
13,6,0.56
13,7,0.16
13,8,0.24
13,9,0.36
13,10,0.08
13,11,0.2
13,12,0.28
13,13,0.04
13,14,0.28
13,15,0.12
13,16,0.28
13,17,0.2
13,18,0.2
13,19,0.24
13,20,0.12
13,21,0.28
13,22,0.2
13,23,0.2
13,24,0.52
13,25,0.16
13,26,0.16
13,27,0.2
13,28,0.28
13,29,0.4
13,30,0.28
13,31,0.32
13,32,0.12
13,33,0.36
13,34,0.24
13,35,0.4
13,36,0.08
13,37,0.28
13,38,0.32
13,39,0.44
13,40,0.44
13,41,0.08
13,42,0.32
13,43,0.32
13,44,0.08
13,45,0.36
13,46,0.28
13,47,0.08
13,48,0.12
13,49,0.16
13,50,0.08
13,51,0.44
13,52,0.56
13,53,0.16
13,54,0.44
13,55,0.16
13,56,0.24
13,57,0.08
13,58,0.12
13,59,0.32
13,60,0.32
13,61,0.12
13,62,0.28
13,63,0.28
13,64,0.32
13,65,0.24
13,66,0.16
13,67,0.2
13,68,0.56
13,69,0.24
13,70,0.28
13,71,0.16
13,72,0.08
13,73,0
13,74,0.16
13,75,0.08
13,76,0
13,77,0.4
13,78,0.12
13,79,0.2
13,80,0.2
13,81,0.24
13,82,0.08
13,83,0.6
13,84,0.24
13,85,0.12
13,86,0.2
13,87,0.32
13,88,0.36
13,89,0.24
13,90,0.44
13,91,0.32
13,92,0.32
13,93,0.2
13,94,0.12
13,95,0.36
13,96,0.08
13,97,0.12
13,98,0.08
13,99,0.12
13,100,0.28
13,101,0.36
13,102,0.2
13,103,0.44
13,104,0.44
13,105,0.4
13,106,0.04
13,107,0.12
13,108,0.2
13,109,0.12
13,110,0.2
13,111,0.36
13,112,0.16
13,113,0.72
13,114,0.44
13,115,0.08
13,116,0.2
13,117,0.08
13,118,2.04
13,119,0.32
13,120,0.2
13,121,0.24
13,122,0.2
13,123,0.32
13,124,0.16
13,125,0.2
13,126,0
13,127,0.48
13,128,0.6
13,129,0
13,130,0.28
13,131,0.24
13,132,0.28
13,133,0.2
13,134,0
13,135,0.28
13,136,0.44
13,137,0.16
13,138,0.2
13,139,0.28
13,140,0.12
13,141,0.32
13,142,0.32
13,143,0.28
13,144,0.16
13,145,0.16
13,146,0.08
13,147,0.16
13,148,0.12
13,149,0.24
13,150,0.32
13,151,0.08
13,152,0.16
13,153,0.16
13,154,0.16
13,155,0.24
13,156,0.12
13,157,0.36
13,158,0.12
13,159,0.08
13,160,1.72
13,161,0.48
13,162,0.32
13,163,0.24
13,164,0.24
13,165,0.44
13,166,0.12
13,167,0.24
13,168,0.16
13,169,0.24
13,170,0.16
13,171,0.2
13,172,0.4
13,173,0.32
13,174,0.08
13,175,0.04
13,176,0.28
13,177,0.32
13,178,0.12
13,179,0.28
13,180,0.2
13,181,0.12
13,182,0.4
13,183,0.16
13,184,0.16
13,185,0.4
13,186,0.48
13,187,0.16
13,188,0.32
13,189,0.12
13,190,0.12
13,191,0.28
13,192,0.24
13,193,0.08
13,194,0.56
13,195,0.24
13,196,0.28
13,197,0.08
13,198,0.2
13,199,0.28
13,200,0.36
13,201,0.16
13,202,0.12
13,203,0.48
13,204,0.32
13,205,0.12
13,206,0.24
13,207,0.28
13,208,0.44
13,209,0.12
13,210,0.48
13,211,0.4
13,212,0.36
13,213,0.6
13,214,0.48
13,215,0.52
13,216,0.4
13,217,0.6
13,218,0.36
13,219,0.48
13,220,0.56
13,221,0.32
13,222,0.12
13,223,0.24
13,224,0.24
13,225,0.12
13,226,0.2
13,227,0.16
13,228,0.36
13,229,0.24
13,230,0.08
13,231,0.2
13,232,0.6
13,233,0.28
13,234,0.4
13,235,0
13,236,0
14,1,0.2
14,2,0.08
14,3,0.08
14,4,0.4
14,5,0.4
14,6,0.12
14,7,0.4
14,8,0.32
14,9,0.24
14,10,0.28
14,11,0.24
14,12,0.24
14,13,0.2
14,14,0.16
14,15,0.2
14,16,0.08
14,17,0.08
14,18,0.4
14,19,0.2
14,20,0.24
14,21,0.12
14,22,0.24
14,23,0.16
14,24,0.12
14,25,0.2
14,26,0.36
14,27,0.08
14,28,0.24
14,29,0.24
14,30,0.08
14,31,0.44
14,32,0.44
14,33,0.28
14,34,0.24
14,35,0.16
14,36,0.28
14,37,0.36
14,38,0.32
14,39,0.4
14,40,0.2
14,41,0.24
14,42,0.52
14,43,0.44
14,44,0.08
14,45,0.28
14,46,0.24
14,47,0.36
14,48,0.44
14,49,0.28
14,50,0.4
14,51,0.44
14,52,0.4
14,53,0.28
14,54,0.28
14,55,0.24
14,56,0.2
14,57,0.32
14,58,0.12
14,59,0.08
14,60,0.16
14,61,0.24
14,62,0.28
14,63,0.36
14,64,0.16
14,65,0.08
14,66,0.32
14,67,0.32
14,68,0.48
14,69,0.28
14,70,0.08
14,71,0.28
14,72,0.24
14,73,0
14,74,0.16
14,75,0.28
14,76,0
14,77,0.48
14,78,0.12
14,79,0.44
14,80,0.08
14,81,0.56
14,82,0.2
14,83,0.48
14,84,0.36
14,85,0.2
14,86,0.56
14,87,0.24
14,88,0.24
14,89,0.24
14,90,0.12
14,91,0.16
14,92,0.24
14,93,0.08
14,94,0.28
14,95,0.28
14,96,0.16
14,97,0.08
14,98,0.24
14,99,0.08
14,100,0.32
14,101,0.16
14,102,0.08
14,103,0.2
14,104,0.2
14,105,0.36
14,106,0.08
14,107,0.2
14,108,0.6
14,109,0.16
14,110,0.12
14,111,0.08
14,112,0.08
14,113,0.76
14,114,0.36
14,115,0.16
14,116,0.2
14,117,0.2
14,118,1.6
14,119,0.44
14,120,0.24
14,121,0.16
14,122,0.4
14,123,0.44
14,124,0.16
14,125,0.24
14,126,0
14,127,0.24
14,128,0.56
14,129,0
14,130,0.08
14,131,0.36
14,132,0.28
14,133,0.08
14,134,0
14,135,0.44
14,136,0.48
14,137,0.16
14,138,0.12
14,139,0.28
14,140,0.48
14,141,0.16
14,142,0.2
14,143,0.08
14,144,0.2
14,145,0.16
14,146,0.48
14,147,0.24
14,148,0.24
14,149,0.2
14,150,0.24
14,151,0.32
14,152,0.36
14,153,0.08
14,154,0.2
14,155,0.16
14,156,0.6
14,157,0.36
14,158,0.56
14,159,0.2
14,160,1.76
14,161,0.6
14,162,0.08
14,163,0.12
14,164,0.12
14,165,0.32
14,166,0.2
14,167,0.16
14,168,0.4
14,169,0.24
14,170,0.44
14,171,0.16
14,172,0.2
14,173,0.24
14,174,0.28
14,175,0.28
14,176,0.32
14,177,0.12
14,178,0.12
14,179,0.4
14,180,0.2
14,181,0.16
14,182,0.28
14,183,0.24
14,184,0.2
14,185,0.48
14,186,0.28
14,187,0.24
14,188,0.24
14,189,0.16
14,190,0.4
14,191,0.16
14,192,0.12
14,193,0.24
14,194,0.2
14,195,0.08
14,196,0.28
14,197,0.2
14,198,0.6
14,199,0.04
14,200,0.28
14,201,0.36
14,202,0.16
14,203,0.36
14,204,0.12
14,205,0.08
14,206,0.12
14,207,0.2
14,208,0.24
14,209,0.36
14,210,0.16
14,211,0.4
14,212,0.32
14,213,0.24
14,214,0.36
14,215,0.12
14,216,0.2
14,217,0.36
14,218,0.44
14,219,0.24
14,220,0.48
14,221,0.24
14,222,0.28
14,223,0.24
14,224,0.28
14,225,0.24
14,226,0.16
14,227,0.44
14,228,0.36
14,229,0.28
14,230,0.04
14,231,0.16
14,232,0.36
14,233,0.36
14,234,0.36
14,235,0
14,236,0
15,1,0.24
15,2,0.16
15,3,0.32
15,4,0.64
15,5,0.2
15,6,0.24
15,7,0.44
15,8,0.2
15,9,0.28
15,10,0.28
15,11,0.08
15,12,0.2
15,13,0.08
15,14,0.12
15,15,0.24
15,16,0.08
15,17,0.36
15,18,0.28
15,19,0.32
15,20,0.28
15,21,0.08
15,22,0.08
15,23,0.16
15,24,0.36
15,25,0.44
15,26,0.28
15,27,0.44
15,28,0.24
15,29,0.28
15,30,0.16
15,31,0.32
15,32,0.48
15,33,0.2
15,34,0.24
15,35,0.12
15,36,0.28
15,37,0.28
15,38,0.24
15,39,0.32
15,40,0.16
15,41,0.44
15,42,0.44
15,43,0.44
15,44,0.24
15,45,0.16
15,46,0.36
15,47,0.56
15,48,0.44
15,49,0.12
15,50,0.48
15,51,0.48
15,52,0.24
15,53,0.32
15,54,0.48
15,55,0.24
15,56,0.12
15,57,0.12
15,58,0.2
15,59,0.12
15,60,0.12
15,61,0.16
15,62,0.16
15,63,0.36
15,64,0.28
15,65,0.08
15,66,0.48
15,67,0.64
15,68,0.56
15,69,0.12
15,70,0.24
15,71,0.32
15,72,0.2
15,73,0
15,74,0.04
15,75,0.16
15,76,0
15,77,0.52
15,78,0.24
15,79,0.44
15,80,0.08
15,81,0.56
15,82,0.28
15,83,0.64
15,84,0.24
15,85,0.36
15,86,0.52
15,87,0.44
15,88,0.44
15,89,0.16
15,90,0.24
15,91,0.16
15,92,0.12
15,93,0.48
15,94,0.24
15,95,0.16
15,96,0.28
15,97,0.28
15,98,0.16
15,99,0.16
15,100,0.24
15,101,0.08
15,102,0.16
15,103,0.44
15,104,0.56
15,105,0.2
15,106,0.24
15,107,0.36
15,108,0.16
15,109,0.28
15,110,0.12
15,111,0.08
15,112,0.28
15,113,0.8
15,114,0.32
15,115,0.2
15,116,0.24
15,117,0.32
15,118,1.08
15,119,0.08
15,120,0.16
15,121,0.28
15,122,0.12
15,123,0.28
15,124,0.32
15,125,0.16
15,126,0
15,127,0.12
15,128,0.56
15,129,0
15,130,0.12
15,131,0.28
15,132,0.12
15,133,0.2
15,134,0
15,135,0.36
15,136,0.44
15,137,0.28
15,138,0.24
15,139,0.32
15,140,0.36
15,141,0.08
15,142,0.16
15,143,0.16
15,144,0.2
15,145,0.24
15,146,0.24
15,147,0.2
15,148,0.24
15,149,0.24
15,150,0.28
15,151,0.16
15,152,0.44
15,153,0.08
15,154,0.2
15,155,0.32
15,156,0.16
15,157,0.32
15,158,0.36
15,159,0.2
15,160,1.72
15,161,0.12
15,162,0.16
15,163,0.16
15,164,0.32
15,165,0.32
15,166,0.2
15,167,0.08
15,168,0.2
15,169,0.04
15,170,0.44
15,171,0.08
15,172,0.32
15,173,0.4
15,174,0.08
15,175,0.12
15,176,0.16
15,177,0.64
15,178,0.08
15,179,0.2
15,180,0.28
15,181,0.2
15,182,0.16
15,183,0.32
15,184,0.32
15,185,0.32
15,186,0.44
15,187,0.08
15,188,0.08
15,189,0.36
15,190,0.12
15,191,0.12
15,192,0.12
15,193,0.16
15,194,0.28
15,195,0.04
15,196,0.36
15,197,0.08
15,198,0.12
15,199,0.12
15,200,0.48
15,201,0.2
15,202,0.16
15,203,0.12
15,204,0.12
15,205,0.28
15,206,0.2
15,207,0.12
15,208,0.12
15,209,0.24
15,210,0.16
15,211,0.28
15,212,0.16
15,213,0.12
15,214,0.4
15,215,0.6
15,216,0.52
15,217,0.44
15,218,0.52
15,219,0.4
15,220,0.36
15,221,0.4
15,222,0.28
15,223,0.16
15,224,0.32
15,225,0.2
15,226,0.48
15,227,0.16
15,228,0.16
15,229,0.16
15,230,0.12
15,231,0.08
15,232,0.4
15,233,0.2
15,234,0.16
15,235,0
15,236,0
16,1,0.4
16,2,0.36
16,3,0.16
16,4,0.48
16,5,0.12
16,6,0.48
16,7,0.16
16,8,0.04
16,9,0.12
16,10,0.28
16,11,0.24
16,12,0.08
16,13,0.24
16,14,0.08
16,15,0.12
16,16,0.24
16,17,0.44
16,18,0.12
16,19,0.36
16,20,0.28
16,21,0.24
16,22,0.24
16,23,0.44
16,24,0.32
16,25,0.36
16,26,0.28
16,27,0.32
16,28,0.04
16,29,0.6
16,30,0.04
16,31,0.44
16,32,0.4
16,33,0.28
16,34,0.2
16,35,0.16
16,36,0.24
16,37,0.12
16,38,0.24
16,39,0.16
16,40,0.28
16,41,0.28
16,42,0.36
16,43,0.4
16,44,0.24
16,45,0.28
16,46,0.36
16,47,0.44
16,48,0.48
16,49,0.12
16,50,0.24
16,51,0.12
16,52,0.6
16,53,0.16
16,54,0.28
16,55,0.16
16,56,0.24
16,57,0.32
16,58,0.16
16,59,0.2
16,60,0.2
16,61,0.28
16,62,0.2
16,63,0.28
16,64,0.28
16,65,0.16
16,66,0.28
16,67,0.2
16,68,0.24
16,69,0.2
16,70,0.2
16,71,0.36
16,72,0.08
16,73,0
16,74,0.24
16,75,0.08
16,76,0
16,77,0.44
16,78,0.24
16,79,0.16
16,80,0.16
16,81,0.32
16,82,0.08
16,83,0.28
16,84,0.44
16,85,0.16
16,86,0.4
16,87,0.16
16,88,0.44
16,89,0.16
16,90,0.2
16,91,0.16
16,92,0.16
16,93,0.2
16,94,0.2
16,95,0.2
16,96,0.16
16,97,0.08
16,98,0.08
16,99,0.16
16,100,0.08
16,101,0.24
16,102,0.2
16,103,0.24
16,104,0.2
16,105,0.28
16,106,0.28
16,107,0.44
16,108,0.36
16,109,0.2
16,110,0.32
16,111,0.24
16,112,0.16
16,113,0.84
16,114,0.2
16,115,0.56
16,116,0.6
16,117,0.08
16,118,0.64
16,119,0.36
16,120,0.16
16,121,0.16
16,122,0.4
16,123,0.36
16,124,0.24
16,125,0.2
16,126,0
16,127,0.08
16,128,0.12
16,129,0
16,130,0.12
16,131,0.2
16,132,0.24
16,133,0.24
16,134,0
16,135,0.32
16,136,0.48
16,137,0.36
16,138,0.24
16,139,0.12
16,140,0.56
16,141,0.08
16,142,0.08
16,143,0.28
16,144,0.24
16,145,0.16
16,146,0.44
16,147,0.08
16,148,0.28
16,149,0.08
16,150,0.12
16,151,0.4
16,152,0.48
16,153,0.28
16,154,0.2
16,155,0.2
16,156,0.44
16,157,0.12
16,158,0.56
16,159,0.28
16,160,1.96
16,161,0.48
16,162,0.2
16,163,0.16
16,164,0.32
16,165,0.24
16,166,0.28
16,167,0.16
16,168,0.28
16,169,0.16
16,170,0.4
16,171,0.08
16,172,0.12
16,173,0.16
16,174,0.4
16,175,0.24
16,176,0.24
16,177,0.08
16,178,0.16
16,179,0.44
16,180,0.04
16,181,0.24
16,182,0.44
16,183,0.32
16,184,0.36
16,185,0.2
16,186,0.16
16,187,0.32
16,188,0.28
16,189,0.08
16,190,0.32
16,191,0.2
16,192,0.32
16,193,0.28
16,194,0.16
16,195,0.12
16,196,0.32
16,197,0.04
16,198,0.2
16,199,0.24
16,200,0.24
16,201,0.08
16,202,0.16
16,203,0.36
16,204,0.08
16,205,0.08
16,206,0.2
16,207,0.12
16,208,0.24
16,209,0.2
16,210,0.56
16,211,0.44
16,212,0.44
16,213,0.6
16,214,0.4
16,215,0.44
16,216,0.4
16,217,0.36
16,218,0.24
16,219,0.56
16,220,0.16
16,221,0.48
16,222,0.28
16,223,0.12
16,224,0.24
16,225,0.24
16,226,0.08
16,227,0.6
16,228,0.44
16,229,0.2
16,230,0.16
16,231,0.2
16,232,0.16
16,233,0.24
16,234,0.32
16,235,0
16,236,0
17,1,0.2
17,2,0.28
17,3,0.4
17,4,0.28
17,5,0.32
17,6,0.44
17,7,0.24
17,8,0.2
17,9,0.08
17,10,0.24
17,11,0.04
17,12,0.24
17,13,0.2
17,14,0.24
17,15,0.4
17,16,0.24
17,17,0.48
17,18,0.16
17,19,0.24
17,20,0.28
17,21,0.12
17,22,0.28
17,23,0.12
17,24,0.2
17,25,0.28
17,26,0.08
17,27,0.12
17,28,0.12
17,29,0.48
17,30,0.08
17,31,0.32
17,32,0.32
17,33,0.08
17,34,0.08
17,35,0.12
17,36,0.36
17,37,0.16
17,38,0.24
17,39,0.2
17,40,0.44
17,41,0.44
17,42,0.64
17,43,0.28
17,44,0.12
17,45,0.4
17,46,0.36
17,47,0.36
17,48,0.12
17,49,0.08
17,50,0.08
17,51,0.24
17,52,0.16
17,53,0.2
17,54,0.2
17,55,0.28
17,56,0.12
17,57,0.28
17,58,0.2
17,59,0.28
17,60,0.04
17,61,0.24
17,62,0.12
17,63,0.08
17,64,0.12
17,65,0.24
17,66,0.32
17,67,0.56
17,68,0.24
17,69,0.16
17,70,0.08
17,71,0.4
17,72,0.04
17,73,0
17,74,0.28
17,75,0.12
17,76,0
17,77,0.36
17,78,0.12
17,79,0.24
17,80,0.32
17,81,0.44
17,82,0.08
17,83,0.16
17,84,0.36
17,85,0.2
17,86,0.4
17,87,0.24
17,88,0.24
17,89,0.28
17,90,0.44
17,91,0.2
17,92,0.2
17,93,0.16
17,94,0.16
17,95,0.28
17,96,0.2
17,97,0.32
17,98,0.16
17,99,0.08
17,100,0.28
17,101,0.32
17,102,0.08
17,103,0.08
17,104,0.6
17,105,0.64
17,106,0.08
17,107,0.24
17,108,0.44
17,109,0.24
17,110,0.16
17,111,0.12
17,112,0.32
17,113,0.84
17,114,0.24
17,115,0.56
17,116,0.56
17,117,0.08
17,118,0.36
17,119,0.28
17,120,0.24
17,121,0.36
17,122,0.32
17,123,0.12
17,124,0.44
17,125,0.08
17,126,0
17,127,0.48
17,128,0.48
17,129,0
17,130,0.2
17,131,0.24
17,132,0.04
17,133,0.08
17,134,0
17,135,0.48
17,136,0.36
17,137,0.12
17,138,0.12
17,139,0.2
17,140,0.52
17,141,0.16
17,142,0.08
17,143,0.16
17,144,0.16
17,145,0.08
17,146,0.56
17,147,0.2
17,148,0.12
17,149,0.16
17,150,0.4
17,151,0.12
17,152,0.52
17,153,0.16
17,154,0.16
17,155,0.44
17,156,0.36
17,157,0.2
17,158,0.12
17,159,0.28
17,160,2.12
17,161,0.24
17,162,0.28
17,163,0.28
17,164,0.16
17,165,0.36
17,166,0.24
17,167,0.04
17,168,0.48
17,169,0.16
17,170,0.52
17,171,0.28
17,172,0.24
17,173,0.2
17,174,0.4
17,175,0.24
17,176,0.32
17,177,0.16
17,178,0.24
17,179,0.4
17,180,0.2
17,181,0.08
17,182,0.32
17,183,0.16
17,184,0.28
17,185,0.44
17,186,0.4
17,187,0.2
17,188,0.08
17,189,0.16
17,190,0.4
17,191,0.2
17,192,0.44
17,193,0.2
17,194,0.28
17,195,0.28
17,196,0.08
17,197,0.08
17,198,0.52
17,199,0.2
17,200,0.12
17,201,0.16
17,202,0.2
17,203,0.56
17,204,0.16
17,205,0.2
17,206,0.16
17,207,0.24
17,208,0.44
17,209,0.12
17,210,0.52
17,211,0.12
17,212,0.4
17,213,0.2
17,214,0.44
17,215,0.56
17,216,0.24
17,217,0.44
17,218,0.44
17,219,0.52
17,220,0.28
17,221,0.28
17,222,0.16
17,223,0.16
17,224,0.2
17,225,0.12
17,226,0.08
17,227,0.12
17,228,0.08
17,229,0.24
17,230,0.24
17,231,0.12
17,232,0.36
17,233,0.12
17,234,0.56
17,235,0
17,236,0
18,1,0.2
18,2,0.44
18,3,0.28
18,4,0.4
18,5,0.24
18,6,0.24
18,7,0.28
18,8,0.24
18,9,0.28
18,10,0.28
18,11,0.16
18,12,0.24
18,13,0.08
18,14,0.32
18,15,0.44
18,16,0.24
18,17,0.36
18,18,0.16
18,19,0.44
18,20,0.24
18,21,0.08
18,22,0.08
18,23,0.28
18,24,0.32
18,25,0.24
18,26,0.16
18,27,0.4
18,28,0.08
18,29,0.44
18,30,0.12
18,31,0.36
18,32,0.36
18,33,0.12
18,34,0.16
18,35,0.4
18,36,0.12
18,37,0.2
18,38,0.32
18,39,0.48
18,40,0.16
18,41,0.16
18,42,0.28
18,43,0.36
18,44,0.44
18,45,0.28
18,46,0.32
18,47,0.12
18,48,0.28
18,49,0.32
18,50,0.12
18,51,0.2
18,52,0.28
18,53,0.44
18,54,0.12
18,55,0.36
18,56,0.24
18,57,0.28
18,58,0.08
18,59,0.04
18,60,0.24
18,61,0.44
18,62,0.04
18,63,0.12
18,64,0.16
18,65,0.12
18,66,0.48
18,67,0.16
18,68,0.48
18,69,0.08
18,70,0.12
18,71,0.08
18,72,0.16
18,73,0
18,74,0.08
18,75,0.08
18,76,0
18,77,0.56
18,78,0.08
18,79,0.2
18,80,0.24
18,81,0.32
18,82,0.04
18,83,0.64
18,84,0.08
18,85,0.08
18,86,0.32
18,87,0.48
18,88,0.28
18,89,0.32
18,90,0.56
18,91,0.28
18,92,0.4
18,93,0.44
18,94,0.28
18,95,0.36
18,96,0.08
18,97,0.12
18,98,0.08
18,99,0.16
18,100,0.16
18,101,0.28
18,102,0.12
18,103,0.24
18,104,0.12
18,105,0.36
18,106,0.24
18,107,0.48
18,108,0.64
18,109,0.28
18,110,0.12
18,111,0.08
18,112,0.04
18,113,0.88
18,114,0.16
18,115,0.2
18,116,0.2
18,117,0.16
18,118,0.2
18,119,0.56
18,120,0.08
18,121,0.08
18,122,0.36
18,123,0.36
18,124,0.32
18,125,0.08
18,126,0
18,127,0.36
18,128,0.52
18,129,0
18,130,0.36
18,131,0.24
18,132,0.12
18,133,0.24
18,134,0
18,135,0.44
18,136,0.28
18,137,0.4
18,138,0.32
18,139,0.2
18,140,0.36
18,141,0.24
18,142,0.08
18,143,0.16
18,144,0.2
18,145,0.12
18,146,0.36
18,147,0.12
18,148,0.16
18,149,0.12
18,150,0.28
18,151,0.32
18,152,0.16
18,153,0.2
18,154,0.24
18,155,0.12
18,156,0.64
18,157,0.04
18,158,0.6
18,159,0.04
18,160,2.32
18,161,0.16
18,162,0.32
18,163,0.32
18,164,0.28
18,165,0.36
18,166,0.24
18,167,0.16
18,168,0.28
18,169,0.2
18,170,0.36
18,171,0.08
18,172,0.12
18,173,0.04
18,174,0.16
18,175,0.04
18,176,0.24
18,177,0.12
18,178,0.08
18,179,0.28
18,180,0.2
18,181,0.12
18,182,0.08
18,183,0.52
18,184,0.52
18,185,0.2
18,186,0.08
18,187,0.24
18,188,0.16
18,189,0.08
18,190,0.24
18,191,0.04
18,192,0.28
18,193,0.2
18,194,0.32
18,195,0.04
18,196,0.12
18,197,0.08
18,198,0.36
18,199,0.16
18,200,0.52
18,201,0.36
18,202,0.12
18,203,0.44
18,204,0.04
18,205,0.2
18,206,0.24
18,207,0.24
18,208,0.16
18,209,0.16
18,210,0.28
18,211,0.56
18,212,0.6
18,213,0.56
18,214,0.16
18,215,0.56
18,216,0.36
18,217,0.16
18,218,0.2
18,219,0.32
18,220,0.44
18,221,0.44
18,222,0.32
18,223,0.2
18,224,0.08
18,225,0.16
18,226,0.16
18,227,0.52
18,228,0.44
18,229,0.24
18,230,0.04
18,231,0.12
18,232,0.12
18,233,0.16
18,234,0.28
18,235,0
18,236,0
19,1,0.36
19,2,0.16
19,3,0.48
19,4,0.44
19,5,0.24
19,6,0.12
19,7,0.16
19,8,0.2
19,9,0.04
19,10,0.24
19,11,0.16
19,12,0.12
19,13,0.2
19,14,0.56
19,15,0.4
19,16,0.24
19,17,0.44
19,18,0.36
19,19,0.16
19,20,0.28
19,21,0.16
19,22,0.2
19,23,0.36
19,24,0.16
19,25,0.4
19,26,0.24
19,27,0.4
19,28,0.12
19,29,0.48
19,30,0.04
19,31,0.2
19,32,0.16
19,33,0.28
19,34,0.16
19,35,0.4
19,36,0.44
19,37,0.16
19,38,0.12
19,39,0.16
19,40,0.32
19,41,0.28
19,42,0.2
19,43,0.16
19,44,0.32
19,45,0.44
19,46,0.2
19,47,0.4
19,48,0.56
19,49,0.24
19,50,0.32
19,51,0.08
19,52,0.2
19,53,0.08
19,54,0.12
19,55,0.16
19,56,0.12
19,57,0.04
19,58,0.16
19,59,0.24
19,60,0.2
19,61,0.4
19,62,0.2
19,63,0.16
19,64,0.48
19,65,0.32
19,66,0.44
19,67,0.4
19,68,0.44
19,69,0.12
19,70,0.16
19,71,0.24
19,72,0.04
19,73,0
19,74,0.16
19,75,0.04
19,76,0
19,77,0.28
19,78,0.24
19,79,0.36
19,80,0.2
19,81,0.32
19,82,0.04
19,83,0.4
19,84,0.6
19,85,0.28
19,86,0.56
19,87,0.4
19,88,0.44
19,89,0.08
19,90,0.12
19,91,0.16
19,92,0.24
19,93,0.36
19,94,0.32
19,95,0.16
19,96,0.2
19,97,0.12
19,98,0.08
19,99,0.12
19,100,0.12
19,101,0.08
19,102,0.24
19,103,0.4
19,104,0.4
19,105,0.2
19,106,0.16
19,107,0.36
19,108,0.64
19,109,0.2
19,110,0.08
19,111,0.16
19,112,0.08
19,113,0.8
19,114,0.12
19,115,0.56
19,116,0.32
19,117,0.08
19,118,0.08
19,119,0.32
19,120,0.12
19,121,0.16
19,122,0.12
19,123,0.4
19,124,0.48
19,125,0.16
19,126,0
19,127,0.4
19,128,0.12
19,129,0
19,130,0.08
19,131,0.16
19,132,0.08
19,133,0.08
19,134,0
19,135,0.44
19,136,0.2
19,137,0.28
19,138,0.08
19,139,0.12
19,140,0.48
19,141,0.04
19,142,0.2
19,143,0.2
19,144,0.2
19,145,0.2
19,146,0.32
19,147,0.24
19,148,0.04
19,149,0.16
19,150,0.16
19,151,0.48
19,152,0.24
19,153,0.2
19,154,0.04
19,155,0.12
19,156,0.24
19,157,0.24
19,158,0.56
19,159,0.04
19,160,2.32
19,161,0.12
19,162,0.08
19,163,0.4
19,164,0.12
19,165,0.24
19,166,0.08
19,167,0.08
19,168,0.24
19,169,0.12
19,170,0.52
19,171,0.24
19,172,0.28
19,173,0.12
19,174,0.28
19,175,0.08
19,176,0.16
19,177,0.28
19,178,0.2
19,179,0.4
19,180,0.24
19,181,0.16
19,182,0.12
19,183,0.44
19,184,0.2
19,185,0.24
19,186,0.48
19,187,0.16
19,188,0.24
19,189,0.36
19,190,0.36
19,191,0.24
19,192,0.44
19,193,0.08
19,194,0.16
19,195,0.04
19,196,0.16
19,197,0.08
19,198,0.4
19,199,0.24
19,200,0.28
19,201,0.24
19,202,0.04
19,203,0.4
19,204,0.24
19,205,0.32
19,206,0.16
19,207,0.2
19,208,0.44
19,209,0.08
19,210,0.28
19,211,0.6
19,212,0.28
19,213,0.2
19,214,0.48
19,215,0.6
19,216,0.12
19,217,0.24
19,218,0.12
19,219,0.36
19,220,0.08
19,221,0.4
19,222,0.2
19,223,0.12
19,224,0.16
19,225,0.08
19,226,0.08
19,227,0.44
19,228,0.12
19,229,0.16
19,230,0.08
19,231,0.28
19,232,0.52
19,233,0.2
19,234,0.6
19,235,0
19,236,0
20,1,0.44
20,2,0.08
20,3,0.16
20,4,0.52
20,5,0.36
20,6,0.32
20,7,0.44
20,8,0.12
20,9,0.2
20,10,0.2
20,11,0.2
20,12,0.2
20,13,0.08
20,14,0.4
20,15,0.28
20,16,0.24
20,17,0.36
20,18,0.16
20,19,0.36
20,20,0.12
20,21,0.12
20,22,0.16
20,23,0.4
20,24,0.4
20,25,0.28
20,26,0.16
20,27,0.36
20,28,0.2
20,29,0.56
20,30,0.04
20,31,0.08
20,32,0.4
20,33,0.12
20,34,0.24
20,35,0.32
20,36,0.12
20,37,0.2
20,38,0.24
20,39,0.44
20,40,0.12
20,41,0.32
20,42,0.4
20,43,0.12
20,44,0.36
20,45,0.08
20,46,0.12
20,47,0.24
20,48,0.28
20,49,0.2
20,50,0.4
20,51,0.28
20,52,0.4
20,53,0.28
20,54,0.12
20,55,0.28
20,56,0.16
20,57,0.24
20,58,0.12
20,59,0.12
20,60,0.16
20,61,0.28
20,62,0.2
20,63,0.04
20,64,0.2
20,65,0.16
20,66,0.4
20,67,0.16
20,68,0.28
20,69,0.2
20,70,0.12
20,71,0.24
20,72,0.16
20,73,0
20,74,0.04
20,75,0.12
20,76,0
20,77,0.16
20,78,0.16
20,79,0.28
20,80,0.24
20,81,0.32
20,82,0.2
20,83,0.4
20,84,0.4
20,85,0.2
20,86,0.52
20,87,0.36
20,88,0.12
20,89,0.28
20,90,0.52
20,91,0.12
20,92,0.2
20,93,0.32
20,94,0.2
20,95,0.2
20,96,0.28
20,97,0.24
20,98,0.16
20,99,0.2
20,100,0.2
20,101,0.2
20,102,0.04
20,103,0.28
20,104,0.56
20,105,0.32
20,106,0.04
20,107,0.24
20,108,0.28
20,109,0.12
20,110,0.08
20,111,0.12
20,112,0.08
20,113,0.76
20,114,0.08
20,115,0.4
20,116,0.52
20,117,0.08
20,118,0.08
20,119,0.44
20,120,0.08
20,121,0.24
20,122,0.16
20,123,0.24
20,124,0.24
20,125,0.04
20,126,0
20,127,0.24
20,128,0.6
20,129,0
20,130,0.24
20,131,0.24
20,132,0.12
20,133,0.12
20,134,0
20,135,0.4
20,136,0.16
20,137,0.28
20,138,0.2
20,139,0.04
20,140,0.48
20,141,0.04
20,142,0.04
20,143,0.16
20,144,0.12
20,145,0.2
20,146,0.36
20,147,0.08
20,148,0.2
20,149,0.08
20,150,0.28
20,151,0.08
20,152,0.24
20,153,0.16
20,154,0.2
20,155,0.44
20,156,0.36
20,157,0.2
20,158,0.32
20,159,0.24
20,160,2.64
20,161,0.16
20,162,0.16
20,163,0.24
20,164,0.2
20,165,0.16
20,166,0.08
20,167,0.08
20,168,0.28
20,169,0.04
20,170,0.52
20,171,0.28
20,172,0.4
20,173,0.2
20,174,0.24
20,175,0.08
20,176,0.08
20,177,0.32
20,178,0.2
20,179,0.16
20,180,0.08
20,181,0.16
20,182,0.4
20,183,0.52
20,184,0.24
20,185,0.08
20,186,0.28
20,187,0.16
20,188,0.28
20,189,0.16
20,190,0.28
20,191,0.16
20,192,0.24
20,193,0.08
20,194,0.12
20,195,0.16
20,196,0.28
20,197,0.16
20,198,0.28
20,199,0.2
20,200,0.36
20,201,0.12
20,202,0.16
20,203,0.52
20,204,0.08
20,205,0.04
20,206,0.12
20,207,0.16
20,208,0.08
20,209,0.16
20,210,0.28
20,211,0.28
20,212,0.56
20,213,0.2
20,214,0.48
20,215,0.56
20,216,0.28
20,217,0.4
20,218,0.2
20,219,0.28
20,220,0.2
20,221,0.6
20,222,0.48
20,223,0.2
20,224,0.12
20,225,0.08
20,226,0.32
20,227,0.36
20,228,0.24
20,229,0.08
20,230,0.24
20,231,0.16
20,232,0.4
20,233,0.24
20,234,0.36
20,235,0
20,236,0
21,1,0.16
21,2,0.36
21,3,0.44
21,4,0.28
21,5,0.36
21,6,0.36
21,7,0.44
21,8,0.12
21,9,0.12
21,10,0.28
21,11,0.2
21,12,0.16
21,13,0.16
21,14,0.16
21,15,0.44
21,16,0.08
21,17,0.44
21,18,0.48
21,19,0.36
21,20,0.16
21,21,0.12
21,22,0.12
21,23,0.2
21,24,0.24
21,25,0.48
21,26,0.32
21,27,0.32
21,28,0.16
21,29,0.24
21,30,0.16
21,31,0.24
21,32,0.28
21,33,0.16
21,34,0.2
21,35,0.48
21,36,0.48
21,37,0.2
21,38,0.2
21,39,0.32
21,40,0.12
21,41,0.44
21,42,0.4
21,43,0.2
21,44,0.2
21,45,0.08
21,46,0.08
21,47,0.32
21,48,0.28
21,49,0.2
21,50,0.12
21,51,0.36
21,52,0.2
21,53,0.44
21,54,0.28
21,55,0.16
21,56,0.16
21,57,0.12
21,58,0.16
21,59,0.28
21,60,0.08
21,61,0.32
21,62,0.08
21,63,0.04
21,64,0.6
21,65,0.16
21,66,0.4
21,67,0.56
21,68,0.24
21,69,0.2
21,70,0.28
21,71,0.12
21,72,0.16
21,73,0
21,74,0.04
21,75,0.16
21,76,0
21,77,0.6
21,78,0.04
21,79,0.2
21,80,0.16
21,81,0.4
21,82,0.04
21,83,0.44
21,84,0.4
21,85,0.04
21,86,0.28
21,87,0.36
21,88,0.16
21,89,0.12
21,90,0.4
21,91,0.28
21,92,0.32
21,93,0.4
21,94,0.16
21,95,0.36
21,96,0.08
21,97,0.04
21,98,0.04
21,99,0.08
21,100,0.12
21,101,0.12
21,102,0.16
21,103,0.12
21,104,0.4
21,105,0.56
21,106,0.16
21,107,0.36
21,108,0.56
21,109,0.16
21,110,0.16
21,111,0.16
21,112,0.24
21,113,0.72
21,114,0.12
21,115,0.2
21,116,0.44
21,117,0.2
21,118,0.04
21,119,0.28
21,120,0.12
21,121,0.28
21,122,0.36
21,123,0.12
21,124,0.08
21,125,0.04
21,126,0
21,127,0.2
21,128,0.24
21,129,0
21,130,0.28
21,131,0.24
21,132,0.16
21,133,0.04
21,134,0
21,135,0.32
21,136,0.12
21,137,0.28
21,138,0.16
21,139,0.08
21,140,0.4
21,141,0.08
21,142,0.12
21,143,0.16
21,144,0.2
21,145,0.2
21,146,0.24
21,147,0.16
21,148,0.08
21,149,0.2
21,150,0.2
21,151,0.12
21,152,0.36
21,153,0.2
21,154,0.04
21,155,0.16
21,156,0.48
21,157,0.24
21,158,0.4
21,159,0.08
21,160,2.8
21,161,0.16
21,162,0.16
21,163,0.36
21,164,0.16
21,165,0.16
21,166,0.16
21,167,0.08
21,168,0.24
21,169,0.2
21,170,0.48
21,171,0.16
21,172,0.44
21,173,0.16
21,174,0.24
21,175,0.04
21,176,0.16
21,177,0.44
21,178,0.2
21,179,0.4
21,180,0.04
21,181,0.2
21,182,0.2
21,183,0.12
21,184,0.32
21,185,0.16
21,186,0.36
21,187,0.28
21,188,0.08
21,189,0.32
21,190,0.16
21,191,0.12
21,192,0.12
21,193,0.08
21,194,0.2
21,195,0.2
21,196,0.04
21,197,0.2
21,198,0.24
21,199,0.12
21,200,0.6
21,201,0.12
21,202,0.2
21,203,0.12
21,204,0.16
21,205,0.24
21,206,0.04
21,207,0.16
21,208,0.2
21,209,0.12
21,210,0.52
21,211,0.08
21,212,0.32
21,213,0.52
21,214,0.28
21,215,0.44
21,216,0.08
21,217,0.36
21,218,0.2
21,219,0.12
21,220,0.08
21,221,0.36
21,222,0.52
21,223,0.08
21,224,0.12
21,225,0.16
21,226,0.2
21,227,0.12
21,228,0.24
21,229,0.12
21,230,0.2
21,231,0.28
21,232,0.24
21,233,0.12
21,234,0.4
21,235,0
21,236,0
22,1,0.16
22,2,0.4
22,3,0.2
22,4,0.44
22,5,0.12
22,6,0.52
22,7,0.12
22,8,0.2
22,9,0.16
22,10,0.24
22,11,0.12
22,12,0.08
22,13,0.2
22,14,0.48
22,15,0.08
22,16,0.2
22,17,0.36
22,18,0.36
22,19,0.16
22,20,0.12
22,21,0.16
22,22,0.08
22,23,0.24
22,24,0.12
22,25,0.48
22,26,0.16
22,27,0.44
22,28,0.04
22,29,0.24
22,30,0.12
22,31,0.4
22,32,0.2
22,33,0.08
22,34,0.08
22,35,0.28
22,36,0.16
22,37,0.24
22,38,0.24
22,39,0.16
22,40,0.12
22,41,0.4
22,42,0.12
22,43,0.08
22,44,0.12
22,45,0.16
22,46,0.2
22,47,0.48
22,48,0.28
22,49,0.24
22,50,0.2
22,51,0.28
22,52,0.36
22,53,0.28
22,54,0.24
22,55,0.24
22,56,0.2
22,57,0.24
22,58,0.12
22,59,0.28
22,60,0.16
22,61,0.24
22,62,0.16
22,63,0.24
22,64,0.28
22,65,0.16
22,66,0.28
22,67,0.08
22,68,0.16
22,69,0.16
22,70,0.16
22,71,0.16
22,72,0.16
22,73,0
22,74,0.08
22,75,0.2
22,76,0
22,77,0.48
22,78,0.12
22,79,0.28
22,80,0.16
22,81,0.28
22,82,0.08
22,83,0.12
22,84,0.16
22,85,0.2
22,86,0.36
22,87,0.24
22,88,0.4
22,89,0.2
22,90,0.2
22,91,0.2
22,92,0.2
22,93,0.24
22,94,0.2
22,95,0.12
22,96,0.2
22,97,0.2
22,98,0.08
22,99,0.12
22,100,0.2
22,101,0.12
22,102,0.2
22,103,0.36
22,104,0.16
22,105,0.12
22,106,0.12
22,107,0.12
22,108,0.12
22,109,0.04
22,110,0.2
22,111,0.16
22,112,0.24
22,113,0.64
22,114,0.04
22,115,0.6
22,116,0.32
22,117,0.12
22,118,0.04
22,119,0.2
22,120,0.16
22,121,0.28
22,122,0.08
22,123,0.12
22,124,0.32
22,125,0.08
22,126,0
22,127,0.36
22,128,0.52
22,129,0
22,130,0.16
22,131,0.08
22,132,0.04
22,133,0.2
22,134,0
22,135,0.16
22,136,0.04
22,137,0.12
22,138,0.16
22,139,0.04
22,140,0.48
22,141,0.16
22,142,0.08
22,143,0.2
22,144,0.16
22,145,0.08
22,146,0.28
22,147,0.08
22,148,0.12
22,149,0.16
22,150,0.24
22,151,0.36
22,152,0.4
22,153,0.08
22,154,0.16
22,155,0.28
22,156,0.32
22,157,0.12
22,158,0.24
22,159,0.04
22,160,2.92
22,161,0.44
22,162,0.16
22,163,0.24
22,164,0.24
22,165,0.32
22,166,0.16
22,167,0.08
22,168,0.44
22,169,0.16
22,170,0.48
22,171,0.08
22,172,0.16
22,173,0.2
22,174,0.24
22,175,0.16
22,176,0.12
22,177,0.52
22,178,0.04
22,179,0.44
22,180,0.2
22,181,0.08
22,182,0.36
22,183,0.4
22,184,0.24
22,185,0.08
22,186,0.4
22,187,0.2
22,188,0.24
22,189,0.24
22,190,0.44
22,191,0.12
22,192,0.24
22,193,0.2
22,194,0.6
22,195,0.2
22,196,0.16
22,197,0.04
22,198,0.2
22,199,0.12
22,200,0.56
22,201,0.12
22,202,0.12
22,203,0.48
22,204,0.12
22,205,0.24
22,206,0.16
22,207,0.16
22,208,0.2
22,209,0.12
22,210,0.44
22,211,0.44
22,212,0.4
22,213,0.12
22,214,0.4
22,215,0.12
22,216,0.56
22,217,0.56
22,218,0.56
22,219,0.24
22,220,0.2
22,221,0.48
22,222,0.36
22,223,0.08
22,224,0.12
22,225,0.2
22,226,0.32
22,227,0.36
22,228,0.08
22,229,0.08
22,230,0.16
22,231,0.16
22,232,0.24
22,233,0.2
22,234,0.56
22,235,0
22,236,0
23,1,0.32
23,2,0.16
23,3,0.48
23,4,0.2
23,5,0.36
23,6,0.48
23,7,0.2
23,8,0.2
23,9,0.12
23,10,0.04
23,11,0.2
23,12,0.08
23,13,0.08
23,14,0.64
23,15,0.16
23,16,0.04
23,17,0.16
23,18,0.12
23,19,0.24
23,20,0.08
23,21,0.16
23,22,0.08
23,23,0.44
23,24,0.12
23,25,0.12
23,26,0.12
23,27,0.24
23,28,0.08
23,29,0.36
23,30,0.08
23,31,0.08
23,32,0.12
23,33,0.16
23,34,0.04
23,35,0.12
23,36,0.48
23,37,0.24
23,38,0.2
23,39,0.12
23,40,0.12
23,41,0.4
23,42,0.28
23,43,0.28
23,44,0.24
23,45,0.24
23,46,0.24
23,47,0.6
23,48,0.56
23,49,0.08
23,50,0.2
23,51,0.44
23,52,0.36
23,53,0.24
23,54,0.32
23,55,0.24
23,56,0.04
23,57,0.08
23,58,0.2
23,59,0.16
23,60,0.08
23,61,0.12
23,62,0.2
23,63,0.2
23,64,0.36
23,65,0.28
23,66,0.2
23,67,0.2
23,68,0.32
23,69,0.16
23,70,0.24
23,71,0.24
23,72,0.16
23,73,0
23,74,0.16
23,75,0.08
23,76,0
23,77,0.36
23,78,0.08
23,79,0.08
23,80,0.08
23,81,0.12
23,82,0.16
23,83,0.56
23,84,0.36
23,85,0.04
23,86,0.24
23,87,0.32
23,88,0.32
23,89,0.2
23,90,0.44
23,91,0.16
23,92,0.12
23,93,0.32
23,94,0.4
23,95,0.48
23,96,0.28
23,97,0.28
23,98,0.12
23,99,0.2
23,100,0.12
23,101,0.08
23,102,0.2
23,103,0.12
23,104,0.16
23,105,0.2
23,106,0.08
23,107,0.28
23,108,0.28
23,109,0.04
23,110,0.24
23,111,0.2
23,112,0.2
23,113,0.56
23,114,0.08
23,115,0.48
23,116,0.56
23,117,0.16
23,118,0.04
23,119,0.32
23,120,0.2
23,121,0.16
23,122,0.08
23,123,0.4
23,124,0.08
23,125,0.08
23,126,0
23,127,0.48
23,128,0.48
23,129,0
23,130,0.24
23,131,0.16
23,132,0.12
23,133,0.16
23,134,0
23,135,0.28
23,136,0
23,137,0.32
23,138,0.16
23,139,0.08
23,140,0.12
23,141,0.04
23,142,0.16
23,143,0.08
23,144,0.12
23,145,0.12
23,146,0.12
23,147,0.08
23,148,0.16
23,149,0.16
23,150,0.08
23,151,0.08
23,152,0.56
23,153,0.12
23,154,0.12
23,155,0.12
23,156,0.28
23,157,0.12
23,158,0.2
23,159,0.08
23,160,3.08
23,161,0.16
23,162,0.08
23,163,0.24
23,164,0.08
23,165,0.4
23,166,0.08
23,167,0.16
23,168,0.32
23,169,0.16
23,170,0.12
23,171,0.08
23,172,0.16
23,173,0.28
23,174,0.44
23,175,0.2
23,176,0.04
23,177,0.44
23,178,0.28
23,179,0.08
23,180,0.04
23,181,0.2
23,182,0.12
23,183,0.48
23,184,0.6
23,185,0.24
23,186,0.44
23,187,0.28
23,188,0.12
23,189,0.12
23,190,0.16
23,191,0.2
23,192,0.24
23,193,0.2
23,194,0.24
23,195,0.16
23,196,0.2
23,197,0.12
23,198,0.48
23,199,0.08
23,200,0.36
23,201,0.08
23,202,0.12
23,203,0.6
23,204,0.04
23,205,0.2
23,206,0.12
23,207,0.08
23,208,0.2
23,209,0.04
23,210,0.32
23,211,0.16
23,212,0.2
23,213,0.12
23,214,0.52
23,215,0.44
23,216,0.32
23,217,0.32
23,218,0.36
23,219,0.36
23,220,0.32
23,221,0.24
23,222,0.6
23,223,0.2
23,224,0.16
23,225,0.04
23,226,0.08
23,227,0.56
23,228,0.08
23,229,0.08
23,230,0.08
23,231,0.16
23,232,0.12
23,233,0.08
23,234,0.6
23,235,0
23,236,0
24,1,0.32
24,2,0.32
24,3,0.24
24,4,0.48
24,5,0.12
24,6,0.56
24,7,0.36
24,8,0.04
24,9,0.08
24,10,0.08
24,11,0.2
24,12,0.08
24,13,0.08
24,14,0.28
24,15,0.44
24,16,0.12
24,17,0.32
24,18,0.16
24,19,0.28
24,20,0.2
24,21,0.04
24,22,0.08
24,23,0.2
24,24,0.24
24,25,0.2
24,26,0.08
24,27,0.32
24,28,0.08
24,29,0.56
24,30,0.16
24,31,0.36
24,32,0.12
24,33,0.24
24,34,0.04
24,35,0.16
24,36,0.08
24,37,0.16
24,38,0.12
24,39,0.16
24,40,0.12
24,41,0.28
24,42,0.16
24,43,0.32
24,44,0.12
24,45,0.16
24,46,0.08
24,47,0.44
24,48,0.12
24,49,0.08
24,50,0.28
24,51,0.44
24,52,0.28
24,53,0.36
24,54,0.2
24,55,0.12
24,56,0.16
24,57,0.2
24,58,0.08
24,59,0.24
24,60,0.04
24,61,0.08
24,62,0.12
24,63,0.24
24,64,0.12
24,65,0.16
24,66,0.32
24,67,0.4
24,68,0.44
24,69,0.12
24,70,0.04
24,71,0.36
24,72,0.04
24,73,0
24,74,0.16
24,75,0.04
24,76,0
24,77,0.36
24,78,0.16
24,79,0.08
24,80,0.24
24,81,0.52
24,82,0.08
24,83,0.16
24,84,0.4
24,85,0.08
24,86,0.56
24,87,0.16
24,88,0.2
24,89,0.12
24,90,0.52
24,91,0.16
24,92,0.08
24,93,0.28
24,94,0.24
24,95,0.2
24,96,0.08
24,97,0.12
24,98,0.16
24,99,0.12
24,100,0.04
24,101,0.2
24,102,0.08
24,103,0.24
24,104,0.52
24,105,0.32
24,106,0.12
24,107,0.24
24,108,0.4
24,109,0.08
24,110,0.08
24,111,0.16
24,112,0.24
24,113,0.56
24,114,0.04
24,115,0.44
24,116,0.24
24,117,0.16
24,118,0
24,119,0.36
24,120,0.12
24,121,0.16
24,122,0.36
24,123,0.36
24,124,0.2
24,125,0.12
24,126,0
24,127,0.16
24,128,0.4
24,129,0
24,130,0.04
24,131,0.04
24,132,0.16
24,133,0.08
24,134,0
24,135,0.24
24,136,0
24,137,0.36
24,138,0.04
24,139,0.16
24,140,0.24
24,141,0.16
24,142,0.08
24,143,0.12
24,144,0.16
24,145,0.04
24,146,0.44
24,147,0.12
24,148,0.12
24,149,0.16
24,150,0.16
24,151,0.36
24,152,0.32
24,153,0.04
24,154,0.12
24,155,0.08
24,156,0.32
24,157,0.16
24,158,0.4
24,159,0.04
24,160,3.16
24,161,0.24
24,162,0.16
24,163,0.16
24,164,0.24
24,165,0.16
24,166,0.08
24,167,0.04
24,168,0.16
24,169,0.16
24,170,0.4
24,171,0.2
24,172,0.36
24,173,0.16
24,174,0.08
24,175,0.08
24,176,0.16
24,177,0.24
24,178,0.24
24,179,0.24
24,180,0.16
24,181,0.16
24,182,0.32
24,183,0.08
24,184,0.12
24,185,0.16
24,186,0.32
24,187,0.2
24,188,0.12
24,189,0.32
24,190,0.4
24,191,0.16
24,192,0.12
24,193,0.12
24,194,0.4
24,195,0.08
24,196,0.08
24,197,0.16
24,198,0.4
24,199,0.08
24,200,0.24
24,201,0.16
24,202,0.12
24,203,0.28
24,204,0.04
24,205,0.12
24,206,0.16
24,207,0.16
24,208,0.24
24,209,0.24
24,210,0.52
24,211,0.36
24,212,0.32
24,213,0.28
24,214,0.36
24,215,0.44
24,216,0.36
24,217,0.28
24,218,0.44
24,219,0.52
24,220,0.16
24,221,0.44
24,222,0.08
24,223,0.12
24,224,0.08
24,225,0.04
24,226,0.12
24,227,0.56
24,228,0.2
24,229,0.16
24,230,0.16
24,231,0.24
24,232,0.52
24,233,0.2
24,234,0.16
24,235,0
24,236,0
25,1,0.24
25,2,0.28
25,3,0.32
25,4,0.2
25,5,0.12
25,6,0.12
25,7,0.16
25,8,0.04
25,9,0.16
25,10,0.24
25,11,0.04
25,12,0.16
25,13,0.08
25,14,0.12
25,15,0.28
25,16,0.12
25,17,0.32
25,18,0.12
25,19,0.08
25,20,0.04
25,21,0.16
25,22,0.16
25,23,0.28
25,24,0.32
25,25,0.2
25,26,0.16
25,27,0.12
25,28,0.16
25,29,0.2
25,30,0.08
25,31,0.2
25,32,0.12
25,33,0.32
25,34,0.08
25,35,0.12
25,36,0.24
25,37,0.08
25,38,0.08
25,39,0.16
25,40,0.16
25,41,0.2
25,42,0.28
25,43,0.12
25,44,0.4
25,45,0.4
25,46,0.24
25,47,0.16
25,48,0.12
25,49,0.08
25,50,0.4
25,51,0.24
25,52,0.4
25,53,0.4
25,54,0.28
25,55,0.2
25,56,0.04
25,57,0.08
25,58,0.08
25,59,0.2
25,60,0.12
25,61,0.24
25,62,0.04
25,63,0.04
25,64,0.28
25,65,0.04
25,66,0.24
25,67,0.16
25,68,0.32
25,69,0.16
25,70,0.24
25,71,0.4
25,72,0.04
25,73,0
25,74,0.08
25,75,0.04
25,76,0
25,77,0.56
25,78,0.16
25,79,0.28
25,80,0.2
25,81,0.08
25,82,0.04
25,83,0.32
25,84,0.16
25,85,0.08
25,86,0.4
25,87,0.16
25,88,0.28
25,89,0.2
25,90,0.28
25,91,0.24
25,92,0.08
25,93,0.4
25,94,0.36
25,95,0.24
25,96,0.08
25,97,0.24
25,98,0.08
25,99,0.08
25,100,0.12
25,101,0.12
25,102,0.12
25,103,0.2
25,104,0.48
25,105,0.12
25,106,0.08
25,107,0.48
25,108,0.4
25,109,0.12
25,110,0.12
25,111,0.16
25,112,0.04
25,113,0.48
25,114,0.08
25,115,0.12
25,116,0.32
25,117,0.16
25,118,0
25,119,0.52
25,120,0.12
25,121,0.16
25,122,0.12
25,123,0.12
25,124,0.08
25,125,0.16
25,126,0
25,127,0.16
25,128,0.12
25,129,0
25,130,0.2
25,131,0.2
25,132,0.16
25,133,0.12
25,134,0
25,135,0.24
25,136,0.04
25,137,0.12
25,138,0.04
25,139,0.08
25,140,0.28
25,141,0.08
25,142,0.16
25,143,0.08
25,144,0.16
25,145,0.04
25,146,0.44
25,147,0.12
25,148,0.08
25,149,0.08
25,150,0.28
25,151,0.36
25,152,0.4
25,153,0.08
25,154,0.12
25,155,0.32
25,156,0.12
25,157,0.04
25,158,0.2
25,159,0.2
25,160,3.04
25,161,0.32
25,162,0.12
25,163,0.16
25,164,0.16
25,165,0.24
25,166,0.2
25,167,0.16
25,168,0.32
25,169,0.12
25,170,0.44
25,171,0.2
25,172,0.36
25,173,0.12
25,174,0.4
25,175,0.08
25,176,0.16
25,177,0.36
25,178,0.12
25,179,0.08
25,180,0.12
25,181,0.08
25,182,0.24
25,183,0.44
25,184,0.48
25,185,0.36
25,186,0.36
25,187,0.12
25,188,0.08
25,189,0.28
25,190,0.12
25,191,0.16
25,192,0.2
25,193,0.12
25,194,0.32
25,195,0.08
25,196,0.24
25,197,0.08
25,198,0.24
25,199,0.16
25,200,0.36
25,201,0.24
25,202,0.08
25,203,0.08
25,204,0.08
25,205,0.04
25,206,0.08
25,207,0.08
25,208,0.4
25,209,0.08
25,210,0.32
25,211,0.36
25,212,0.44
25,213,0.28
25,214,0.48
25,215,0.32
25,216,0.24
25,217,0.56
25,218,0.52
25,219,0.32
25,220,0.4
25,221,0.2
25,222,0.52
25,223,0.08
25,224,0.08
25,225,0.08
25,226,0.16
25,227,0.2
25,228,0.36
25,229,0.16
25,230,0.16
25,231,0.08
25,232,0.44
25,233,0.2
25,234,0.32
25,235,0
25,236,0
26,1,0.12
26,2,0.36
26,3,0.28
26,4,0.32
26,5,0.2
26,6,0.36
26,7,0.28
26,8,0.08
26,9,0.12
26,10,0.16
26,11,0.04
26,12,0.04
26,13,0.12
26,14,0.48
26,15,0.32
26,16,0.12
26,17,0.08
26,18,0.28
26,19,0.32
26,20,0.12
26,21,0.04
26,22,0.12
26,23,0.08
26,24,0.44
26,25,0.4
26,26,0.16
26,27,0.4
26,28,0.08
26,29,0.44
26,30,0.04
26,31,0.4
26,32,0.08
26,33,0.08
26,34,0.16
26,35,0.16
26,36,0.36
26,37,0.16
26,38,0.12
26,39,0.4
26,40,0.16
26,41,0.24
26,42,0.16
26,43,0.12
26,44,0.16
26,45,0.36
26,46,0.08
26,47,0.36
26,48,0.28
26,49,0.12
26,50,0.28
26,51,0.12
26,52,0.48
26,53,0.24
26,54,0.12
26,55,0.16
26,56,0.16
26,57,0.12
26,58,0.12
26,59,0.08
26,60,0.08
26,61,0.08
26,62,0.16
26,63,0.12
26,64,0.36
26,65,0.2
26,66,0.16
26,67,0.12
26,68,0.24
26,69,0.16
26,70,0.04
26,71,0.08
26,72,0.08
26,73,0
26,74,0.12
26,75,0.08
26,76,0
26,77,0.28
26,78,0.12
26,79,0.2
26,80,0.2
26,81,0.48
26,82,0.04
26,83,0.44
26,84,0.24
26,85,0.08
26,86,0.48
26,87,0.2
26,88,0.08
26,89,0.08
26,90,0.16
26,91,0.16
26,92,0.2
26,93,0.28
26,94,0.2
26,95,0.28
26,96,0.08
26,97,0.16
26,98,0.12
26,99,0.08
26,100,0.04
26,101,0.2
26,102,0.12
26,103,0.08
26,104,0.16
26,105,0.2
26,106,0.04
26,107,0.2
26,108,0.4
26,109,0.08
26,110,0.16
26,111,0.24
26,112,0.04
26,113,0.44
26,114,0.08
26,115,0.44
26,116,0.48
26,117,0.12
26,118,0
26,119,0.2
26,120,0.12
26,121,0.16
26,122,0.24
26,123,0.36
26,124,0.4
26,125,0.04
26,126,0
26,127,0.24
26,128,0.28
26,129,0
26,130,0.16
26,131,0.16
26,132,0.04
26,133,0.04
26,134,0
26,135,0.32
26,136,0
26,137,0.36
26,138,0.12
26,139,0.12
26,140,0.24
26,141,0.16
26,142,0.12
26,143,0.08
26,144,0.04
26,145,0.16
26,146,0.16
26,147,0.12
26,148,0.08
26,149,0.12
26,150,0.28
26,151,0.36
26,152,0.52
26,153,0.04
26,154,0.04
26,155,0.24
26,156,0.12
26,157,0.08
26,158,0.24
26,159,0.2
26,160,3.08
26,161,0.24
26,162,0.08
26,163,0.32
26,164,0.04
26,165,0.2
26,166,0.08
26,167,0.12
26,168,0.16
26,169,0.12
26,170,0.2
26,171,0.12
26,172,0.2
26,173,0.12
26,174,0.24
26,175,0.04
26,176,0.16
26,177,0.52
26,178,0.12
26,179,0.24
26,180,0.04
26,181,0.04
26,182,0.32
26,183,0.52
26,184,0.36
26,185,0.32
26,186,0.2
26,187,0.08
26,188,0.12
26,189,0.36
26,190,0.16
26,191,0.08
26,192,0.28
26,193,0.16
26,194,0.16
26,195,0.04
26,196,0.08
26,197,0.08
26,198,0.32
26,199,0.08
26,200,0.44
26,201,0.12
26,202,0.08
26,203,0.4
26,204,0.08
26,205,0.08
26,206,0.12
26,207,0.08
26,208,0.08
26,209,0.12
26,210,0.32
26,211,0.52
26,212,0.24
26,213,0.2
26,214,0.52
26,215,0.12
26,216,0.12
26,217,0.08
26,218,0.12
26,219,0.36
26,220,0.44
26,221,0.12
26,222,0.16
26,223,0.04
26,224,0.08
26,225,0.12
26,226,0.28
26,227,0.48
26,228,0.32
26,229,0.04
26,230,0.04
26,231,0.16
26,232,0.52
26,233,0.16
26,234,0.12
26,235,0
26,236,0
27,1,0.28
27,2,0.12
27,3,0.16
27,4,0.28
27,5,0.12
27,6,0.28
27,7,0.12
27,8,0.16
27,9,0.16
27,10,0.08
27,11,0.16
27,12,0.04
27,13,0.08
27,14,0.36
27,15,0.32
27,16,0.04
27,17,0.24
27,18,0.36
27,19,0.12
27,20,0.08
27,21,0.08
27,22,0.12
27,23,0.16
27,24,0.24
27,25,0.28
27,26,0.16
27,27,0.24
27,28,0.08
27,29,0.16
27,30,0.08
27,31,0.16
27,32,0.16
27,33,0.16
27,34,0.04
27,35,0.24
27,36,0.24
27,37,0.04
27,38,0.04
27,39,0.32
27,40,0.24
27,41,0.36
27,42,0.28
27,43,0.16
27,44,0.2
27,45,0.08
27,46,0.28
27,47,0.24
27,48,0.48
27,49,0.04
27,50,0.2
27,51,0.36
27,52,0.24
27,53,0.28
27,54,0.24
27,55,0.08
27,56,0.08
27,57,0.12
27,58,0.08
27,59,0.16
27,60,0.08
27,61,0.36
27,62,0.08
27,63,0.08
27,64,0.08
27,65,0.08
27,66,0.32
27,67,0.28
27,68,0.08
27,69,0.04
27,70,0.12
27,71,0.36
27,72,0.04
27,73,0
27,74,0.08
27,75,0.08
27,76,0
27,77,0.2
27,78,0.12
27,79,0.28
27,80,0.2
27,81,0.24
27,82,0.04
27,83,0.32
27,84,0.24
27,85,0.12
27,86,0.2
27,87,0.08
27,88,0.12
27,89,0.16
27,90,0.08
27,91,0.12
27,92,0.08
27,93,0.36
27,94,0.36
27,95,0.32
27,96,0.16
27,97,0.2
27,98,0.08
27,99,0.08
27,100,0.04
27,101,0.08
27,102,0.08
27,103,0.24
27,104,0.2
27,105,0.36
27,106,0.04
27,107,0.24
27,108,0.08
27,109,0.12
27,110,0.2
27,111,0.12
27,112,0.08
27,113,0.44
27,114,0.08
27,115,0.44
27,116,0.2
27,117,0.04
27,118,0.04
27,119,0.32
27,120,0.08
27,121,0.16
27,122,0.28
27,123,0.36
27,124,0.24
27,125,0.08
27,126,0
27,127,0.2
27,128,0.32
27,129,0
27,130,0.04
27,131,0.16
27,132,0.08
27,133,0.12
27,134,0
27,135,0.4
27,136,0
27,137,0.2
27,138,0.04
27,139,0.04
27,140,0.48
27,141,0.12
27,142,0.04
27,143,0.16
27,144,0.08
27,145,0.08
27,146,0.12
27,147,0.12
27,148,0.04
27,149,0.08
27,150,0.12
27,151,0.32
27,152,0.4
27,153,0.12
27,154,0.04
27,155,0.36
27,156,0.32
27,157,0.16
27,158,0.16
27,159,0.12
27,160,2.88
27,161,0.24
27,162,0.16
27,163,0.24
27,164,0.08
27,165,0.4
27,166,0.16
27,167,0.08
27,168,0.36
27,169,0.12
27,170,0.24
27,171,0.04
27,172,0.36
27,173,0.08
27,174,0.36
27,175,0.12
27,176,0.12
27,177,0.36
27,178,0.08
27,179,0.24
27,180,0.08
27,181,0.04
27,182,0.16
27,183,0.4
27,184,0.44
27,185,0.24
27,186,0.04
27,187,0.16
27,188,0.12
27,189,0.28
27,190,0.16
27,191,0.04
27,192,0.16
27,193,0.04
27,194,0.32
27,195,0.08
27,196,0.12
27,197,0.16
27,198,0.32
27,199,0.04
27,200,0.08
27,201,0.16
27,202,0.04
27,203,0.12
27,204,0.04
27,205,0.16
27,206,0.12
27,207,0.16
27,208,0.32
27,209,0.08
27,210,0.4
27,211,0.44
27,212,0.48
27,213,0.28
27,214,0.2
27,215,0.52
27,216,0.24
27,217,0.24
27,218,0.4
27,219,0.48
27,220,0.08
27,221,0.16
27,222,0.12
27,223,0.12
27,224,0.12
27,225,0.04
27,226,0.32
27,227,0.2
27,228,0.12
27,229,0.08
27,230,0.04
27,231,0.04
27,232,0.16
27,233,0.16
27,234,0.32
27,235,0
27,236,0
28,1,0.32
28,2,0.16
28,3,0.08
28,4,0.24
28,5,0.2
28,6,0.36
28,7,0.2
28,8,0.12
28,9,0.08
28,10,0.08
28,11,0.08
28,12,0.04
28,13,0.04
28,14,0.12
28,15,0.16
28,16,0.08
28,17,0.24
28,18,0.36
28,19,0.08
28,20,0.12
28,21,0.08
28,22,0.12
28,23,0.24
28,24,0.24
28,25,0.48
28,26,0.08
28,27,0.24
28,28,0.08
28,29,0.2
28,30,0.08
28,31,0.24
28,32,0.28
28,33,0.32
28,34,0.08
28,35,0.32
28,36,0.2
28,37,0.04
28,38,0.08
28,39,0.28
28,40,0.16
28,41,0.16
28,42,0.36
28,43,0.12
28,44,0.32
28,45,0.2
28,46,0.12
28,47,0.08
28,48,0.32
28,49,0.08
28,50,0.08
28,51,0.28
28,52,0.32
28,53,0.28
28,54,0.08
28,55,0.2
28,56,0.04
28,57,0.12
28,58,0.12
28,59,0.04
28,60,0.04
28,61,0.24
28,62,0.04
28,63,0.08
28,64,0.36
28,65,0.08
28,66,0.08
28,67,0.36
28,68,0.08
28,69,0.12
28,70,0.2
28,71,0.16
28,72,0.12
28,73,0
28,74,0.12
28,75,0.12
28,76,0
28,77,0.2
28,78,0.04
28,79,0.04
28,80,0.08
28,81,0.12
28,82,0.04
28,83,0.48
28,84,0.4
28,85,0.04
28,86,0.48
28,87,0.32
28,88,0.2
28,89,0.16
28,90,0.36
28,91,0.04
28,92,0.12
28,93,0.12
28,94,0.08
28,95,0.28
28,96,0.08
28,97,0.2
28,98,0.08
28,99,0.04
28,100,0.08
28,101,0.04
28,102,0.04
28,103,0.04
28,104,0.44
28,105,0.12
28,106,0.04
28,107,0.16
28,108,0.2
28,109,0.04
28,110,0.16
28,111,0.12
28,112,0.16
28,113,0.36
28,114,0.04
28,115,0.4
28,116,0.32
28,117,0.12
28,118,0
28,119,0.24
28,120,0.08
28,121,0.04
28,122,0.2
28,123,0.08
28,124,0.24
28,125,0.08
28,126,0
28,127,0.36
28,128,0.08
28,129,0
28,130,0.2
28,131,0.04
28,132,0.08
28,133,0.08
28,134,0
28,135,0.12
28,136,0
28,137,0.28
28,138,0.16
28,139,0.08
28,140,0.28
28,141,0.12
28,142,0.12
28,143,0.08
28,144,0.08
28,145,0.04
28,146,0.2
28,147,0.08
28,148,0.08
28,149,0.12
28,150,0.16
28,151,0.32
28,152,0.32
28,153,0.08
28,154,0.04
28,155,0.08
28,156,0.16
28,157,0.12
28,158,0.32
28,159,0.16
28,160,2.72
28,161,0.36
28,162,0.16
28,163,0.2
28,164,0.08
28,165,0.28
28,166,0.2
28,167,0.04
28,168,0.24
28,169,0.04
28,170,0.08
28,171,0.04
28,172,0.28
28,173,0.2
28,174,0.04
28,175,0.04
28,176,0.16
28,177,0.16
28,178,0.16
28,179,0.16
28,180,0.12
28,181,0.04
28,182,0.28
28,183,0.28
28,184,0.48
28,185,0.16
28,186,0.32
28,187,0.16
28,188,0.16
28,189,0.36
28,190,0.36
28,191,0.04
28,192,0.12
28,193,0.08
28,194,0.44
28,195,0.08
28,196,0.08
28,197,0
28,198,0.16
28,199,0.12
28,200,0.32
28,201,0.04
28,202,0.08
28,203,0.44
28,204,0.04
28,205,0.04
28,206,0.08
28,207,0.08
28,208,0.16
28,209,0.16
28,210,0.2
28,211,0.28
28,212,0.2
28,213,0.08
28,214,0.32
28,215,0.48
28,216,0.4
28,217,0.36
28,218,0.36
28,219,0.16
28,220,0.2
28,221,0.16
28,222,0.28
28,223,0.12
28,224,0.08
28,225,0.12
28,226,0.32
28,227,0.36
28,228,0.2
28,229,0.08
28,230,0.08
28,231,0.08
28,232,0.24
28,233,0.08
28,234,0.44
28,235,0
28,236,0
29,1,0.28
29,2,0.2
29,3,0.36
29,4,0.24
29,5,0.28
29,6,0.32
29,7,0.12
29,8,0.04
29,9,0.16
29,10,0.04
29,11,0.08
29,12,0.12
29,13,0.04
29,14,0.24
29,15,0.04
29,16,0.08
29,17,0.28
29,18,0.16
29,19,0.32
29,20,0.08
29,21,0
29,22,0.12
29,23,0.08
29,24,0.36
29,25,0.12
29,26,0.12
29,27,0.32
29,28,0.12
29,29,0.2
29,30,0.08
29,31,0.08
29,32,0.32
29,33,0.24
29,34,0.08
29,35,0.32
29,36,0.12
29,37,0.16
29,38,0.16
29,39,0.08
29,40,0.24
29,41,0.24
29,42,0.44
29,43,0.2
29,44,0.12
29,45,0.08
29,46,0.28
29,47,0.36
29,48,0.24
29,49,0.16
29,50,0.32
29,51,0.28
29,52,0.32
29,53,0.12
29,54,0.28
29,55,0.16
29,56,0.04
29,57,0.12
29,58,0.04
29,59,0.16
29,60,0.08
29,61,0.24
29,62,0.08
29,63,0.08
29,64,0.36
29,65,0.04
29,66,0.32
29,67,0.28
29,68,0.2
29,69,0.08
29,70,0.08
29,71,0.2
29,72,0.04
29,73,0
29,74,0.04
29,75,0.04
29,76,0
29,77,0.16
29,78,0.04
29,79,0.24
29,80,0.04
29,81,0.28
29,82,0.04
29,83,0.44
29,84,0.44
29,85,0.04
29,86,0.2
29,87,0.16
29,88,0.32
29,89,0.04
29,90,0.36
29,91,0.12
29,92,0.28
29,93,0.16
29,94,0.28
29,95,0.28
29,96,0.08
29,97,0.16
29,98,0.04
29,99,0.12
29,100,0.04
29,101,0.08
29,102,0.08
29,103,0.32
29,104,0.2
29,105,0.36
29,106,0.04
29,107,0.32
29,108,0.32
29,109,0.04
29,110,0.12
29,111,0.16
29,112,0.04
29,113,0.36
29,114,0.08
29,115,0.24
29,116,0.08
29,117,0.12
29,118,0
29,119,0.16
29,120,0.08
29,121,0.16
29,122,0.24
29,123,0.12
29,124,0.16
29,125,0.04
29,126,0
29,127,0.04
29,128,0.32
29,129,0
29,130,0.04
29,131,0.16
29,132,0.08
29,133,0.08
29,134,0
29,135,0.28
29,136,0
29,137,0.16
29,138,0.12
29,139,0.08
29,140,0.08
29,141,0.08
29,142,0.04
29,143,0.08
29,144,0.08
29,145,0.04
29,146,0.2
29,147,0.04
29,148,0.04
29,149,0.08
29,150,0.2
29,151,0.28
29,152,0.16
29,153,0.04
29,154,0.12
29,155,0.32
29,156,0.08
29,157,0.08
29,158,0.4
29,159,0.12
29,160,2.4
29,161,0.12
29,162,0.04
29,163,0.04
29,164,0.08
29,165,0.12
29,166,0.16
29,167,0.08
29,168,0.2
29,169,0.04
29,170,0.44
29,171,0.04
29,172,0.16
29,173,0.12
29,174,0.32
29,175,0.04
29,176,0.08
29,177,0.28
29,178,0.12
29,179,0.2
29,180,0.08
29,181,0.08
29,182,0.24
29,183,0.24
29,184,0.12
29,185,0.12
29,186,0.28
29,187,0.12
29,188,0.12
29,189,0.28
29,190,0.04
29,191,0.08
29,192,0.24
29,193,0.04
29,194,0.24
29,195,0.04
29,196,0.08
29,197,0.08
29,198,0.16
29,199,0.12
29,200,0.2
29,201,0.08
29,202,0.08
29,203,0.36
29,204,0.04
29,205,0.12
29,206,0.04
29,207,0.04
29,208,0.04
29,209,0.08
29,210,0.24
29,211,0.12
29,212,0.44
29,213,0.24
29,214,0.24
29,215,0.32
29,216,0.36
29,217,0.36
29,218,0.12
29,219,0.08
29,220,0.36
29,221,0.4
29,222,0.36
29,223,0.04
29,224,0
29,225,0.08
29,226,0.28
29,227,0.12
29,228,0.28
29,229,0.04
29,230,0.12
29,231,0.16
29,232,0.24
29,233,0.08
29,234,0.16
29,235,0
29,236,0
30,1,0.12
30,2,0.12
30,3,0.16
30,4,0.08
30,5,0.16
30,6,0.36
30,7,0.24
30,8,0.08
30,9,0.16
30,10,0.16
30,11,0.04
30,12,0.08
30,13,0.08
30,14,0.2
30,15,0.08
30,16,0.08
30,17,0.16
30,18,0.08
30,19,0.32
30,20,0.12
30,21,0.04
30,22,0.04
30,23,0.28
30,24,0.44
30,25,0.4
30,26,0.12
30,27,0.16
30,28,0.08
30,29,0.12
30,30,0.04
30,31,0.08
30,32,0.16
30,33,0.12
30,34,0.04
30,35,0.08
30,36,0.28
30,37,0.04
30,38,0.12
30,39,0.24
30,40,0.12
30,41,0.28
30,42,0.12
30,43,0.28
30,44,0.24
30,45,0.28
30,46,0.2
30,47,0.2
30,48,0.4
30,49,0.08
30,50,0.2
30,51,0.08
30,52,0.36
30,53,0.2
30,54,0.28
30,55,0.08
30,56,0.08
30,57,0.04
30,58,0.04
30,59,0.08
30,60,0.08
30,61,0.16
30,62,0.04
30,63,0.12
30,64,0.32
30,65,0.12
30,66,0.12
30,67,0.16
30,68,0.16
30,69,0.08
30,70,0.12
30,71,0.04
30,72,0.04
30,73,0
30,74,0.04
30,75,0.08
30,76,0
30,77,0.16
30,78,0.04
30,79,0.24
30,80,0.08
30,81,0.08
30,82,0.08
30,83,0.08
30,84,0.16
30,85,0.08
30,86,0.24
30,87,0.08
30,88,0.32
30,89,0.08
30,90,0.32
30,91,0.12
30,92,0.16
30,93,0.32
30,94,0.32
30,95,0.16
30,96,0.08
30,97,0.08
30,98,0.08
30,99,0.04
30,100,0.04
30,101,0.04
30,102,0.08
30,103,0.32
30,104,0.36
30,105,0.36
30,106,0.04
30,107,0.2
30,108,0.24
30,109,0.04
30,110,0.04
30,111,0.08
30,112,0.08
30,113,0.28
30,114,0.08
30,115,0.12
30,116,0.24
30,117,0
30,118,0
30,119,0.36
30,120,0.08
30,121,0.16
30,122,0.08
30,123,0.32
30,124,0.2
30,125,0.08
30,126,0
30,127,0.16
30,128,0.08
30,129,0
30,130,0.04
30,131,0.16
30,132,0.04
30,133,0.08
30,134,0
30,135,0.2
30,136,0
30,137,0.28
30,138,0.08
30,139,0.08
30,140,0.08
30,141,0.08
30,142,0.04
30,143,0.08
30,144,0.04
30,145,0.08
30,146,0.36
30,147,0.08
30,148,0.04
30,149,0.08
30,150,0.32
30,151,0.32
30,152,0.4
30,153,0.04
30,154,0.08
30,155,0.32
30,156,0.08
30,157,0.08
30,158,0.16
30,159,0.08
30,160,2.24
30,161,0.16
30,162,0.16
30,163,0.08
30,164,0.16
30,165,0.12
30,166,0.16
30,167,0.08
30,168,0.28
30,169,0.08
30,170,0.24
30,171,0.08
30,172,0.28
30,173,0.08
30,174,0.32
30,175,0.04
30,176,0.08
30,177,0.36
30,178,0.16
30,179,0.08
30,180,0.08
30,181,0.04
30,182,0.2
30,183,0.12
30,184,0.28
30,185,0.2
30,186,0.24
30,187,0.08
30,188,0.04
30,189,0.24
30,190,0.32
30,191,0.08
30,192,0.12
30,193,0.08
30,194,0.28
30,195,0.04
30,196,0.08
30,197,0.08
30,198,0.28
30,199,0.04
30,200,0.08
30,201,0.04
30,202,0.08
30,203,0.08
30,204,0.08
30,205,0.12
30,206,0.08
30,207,0.04
30,208,0.2
30,209,0.08
30,210,0.12
30,211,0.36
30,212,0.12
30,213,0.44
30,214,0.08
30,215,0.36
30,216,0.36
30,217,0.12
30,218,0.4
30,219,0.2
30,220,0.24
30,221,0.4
30,222,0.2
30,223,0.08
30,224,0.12
30,225,0.04
30,226,0.2
30,227,0.2
30,228,0.12
30,229,0.08
30,230,0.04
30,231,0.08
30,232,0.32
30,233,0.04
30,234,0.32
30,235,0
30,236,0
31,1,0.08
31,2,0.08
31,3,0.36
31,4,0.08
31,5,0.08
31,6,0.36
31,7,0.2
31,8,0.08
31,9,0.12
31,10,0.08
31,11,0.12
31,12,0.08
31,13,0.04
31,14,0.2
31,15,0.04
31,16,0.08
31,17,0.24
31,18,0.28
31,19,0.04
31,20,0.08
31,21,0.04
31,22,0
31,23,0.12
31,24,0.36
31,25,0.36
31,26,0.12
31,27,0.28
31,28,0.04
31,29,0.08
31,30,0.08
31,31,0.28
31,32,0.2
31,33,0.12
31,34,0
31,35,0.2
31,36,0.24
31,37,0.04
31,38,0.08
31,39,0.12
31,40,0.24
31,41,0.08
31,42,0.2
31,43,0.16
31,44,0.08
31,45,0.28
31,46,0.28
31,47,0.36
31,48,0.16
31,49,0.08
31,50,0.12
31,51,0.16
31,52,0.08
31,53,0.2
31,54,0.12
31,55,0.08
31,56,0.08
31,57,0.08
31,58,0
31,59,0.04
31,60,0.04
31,61,0.12
31,62,0
31,63,0.12
31,64,0.24
31,65,0.08
31,66,0.16
31,67,0.36
31,68,0.32
31,69,0.04
31,70,0.12
31,71,0.2
31,72,0.04
31,73,0
31,74,0.08
31,75,0.08
31,76,0
31,77,0.2
31,78,0.04
31,79,0.28
31,80,0.08
31,81,0.12
31,82,0.08
31,83,0.12
31,84,0.4
31,85,0.04
31,86,0.2
31,87,0.28
31,88,0.24
31,89,0.04
31,90,0.16
31,91,0.16
31,92,0.2
31,93,0.12
31,94,0.24
31,95,0.28
31,96,0.04
31,97,0.08
31,98,0.08
31,99,0.04
31,100,0.08
31,101,0.16
31,102,0.04
31,103,0.24
31,104,0.16
31,105,0.16
31,106,0.08
31,107,0.16
31,108,0.12
31,109,0.08
31,110,0.08
31,111,0.12
31,112,0.12
31,113,0.32
31,114,0.04
31,115,0.24
31,116,0.4
31,117,0.08
31,118,0
31,119,0.4
31,120,0.04
31,121,0.04
31,122,0.2
31,123,0.2
31,124,0.32
31,125,0.08
31,126,0
31,127,0.12
31,128,0.04
31,129,0
31,130,0.08
31,131,0.04
31,132,0.08
31,133,0.04
31,134,0
31,135,0.2
31,136,0
31,137,0.28
31,138,0.04
31,139,0.08
31,140,0.32
31,141,0
31,142,0.04
31,143,0.04
31,144,0.04
31,145,0.08
31,146,0.36
31,147,0.08
31,148,0
31,149,0.04
31,150,0.12
31,151,0.04
31,152,0.12
31,153,0.04
31,154,0.04
31,155,0.04
31,156,0.4
31,157,0.16
31,158,0.08
31,159,0.12
31,160,2.16
31,161,0.28
31,162,0.16
31,163,0.2
31,164,0.08
31,165,0.24
31,166,0.04
31,167,0.04
31,168,0.16
31,169,0.08
31,170,0.28
31,171,0.04
31,172,0.12
31,173,0.08
31,174,0.28
31,175,0.04
31,176,0.04
31,177,0.08
31,178,0.04
31,179,0.28
31,180,0.04
31,181,0.04
31,182,0.28
31,183,0.28
31,184,0.2
31,185,0.28
31,186,0.24
31,187,0.04
31,188,0.08
31,189,0.08
31,190,0.16
31,191,0.04
31,192,0.08
31,193,0.08
31,194,0.16
31,195,0.04
31,196,0.08
31,197,0.08
31,198,0.4
31,199,0.04
31,200,0.12
31,201,0.08
31,202,0
31,203,0.12
31,204,0.08
31,205,0.04
31,206,0.04
31,207,0.04
31,208,0.2
31,209,0.08
31,210,0.12
31,211,0.28
31,212,0.12
31,213,0.12
31,214,0.32
31,215,0.36
31,216,0.32
31,217,0.24
31,218,0.32
31,219,0.2
31,220,0.32
31,221,0.08
31,222,0.32
31,223,0.08
31,224,0.08
31,225,0.08
31,226,0.24
31,227,0.2
31,228,0.08
31,229,0.04
31,230,0.08
31,231,0.12
31,232,0.12
31,233,0.08
31,234,0.28
31,235,0
31,236,0
32,1,0.08
32,2,0.12
32,3,0.16
32,4,0.36
32,5,0.24
32,6,0.2
32,7,0.12
32,8,0.08
32,9,0.04
32,10,0.08
32,11,0.08
32,12,0.08
32,13,0.04
32,14,0.2
32,15,0.24
32,16,0.04
32,17,0.16
32,18,0.2
32,19,0.08
32,20,0.04
32,21,0
32,22,0.04
32,23,0.2
32,24,0.28
32,25,0.24
32,26,0.04
32,27,0.08
32,28,0.04
32,29,0.24
32,30,0
32,31,0.28
32,32,0.04
32,33,0.24
32,34,0.08
32,35,0.16
32,36,0.2
32,37,0.08
32,38,0.08
32,39,0.2
32,40,0.08
32,41,0.12
32,42,0.28
32,43,0.24
32,44,0.12
32,45,0.16
32,46,0.2
32,47,0.16
32,48,0.32
32,49,0.04
32,50,0.08
32,51,0.12
32,52,0.12
32,53,0.12
32,54,0.24
32,55,0.12
32,56,0.04
32,57,0.08
32,58,0.04
32,59,0.12
32,60,0.08
32,61,0.2
32,62,0.04
32,63,0.04
32,64,0.16
32,65,0.04
32,66,0.2
32,67,0.28
32,68,0.28
32,69,0.08
32,70,0.08
32,71,0.24
32,72,0.04
32,73,0
32,74,0.04
32,75,0.04
32,76,0
32,77,0.08
32,78,0.08
32,79,0.16
32,80,0.08
32,81,0.28
32,82,0.08
32,83,0.08
32,84,0.32
32,85,0.12
32,86,0.24
32,87,0.2
32,88,0.08
32,89,0.12
32,90,0.12
32,91,0.04
32,92,0.16
32,93,0.12
32,94,0.2
32,95,0.24
32,96,0.08
32,97,0
32,98,0.08
32,99,0.08
32,100,0.04
32,101,0.04
32,102,0.08
32,103,0.2
32,104,0.12
32,105,0.2
32,106,0
32,107,0.16
32,108,0.2
32,109,0
32,110,0.08
32,111,0.12
32,112,0.04
32,113,0.32
32,114,0.04
32,115,0.16
32,116,0.08
32,117,0.08
32,118,0
32,119,0.12
32,120,0.04
32,121,0.04
32,122,0.2
32,123,0.28
32,124,0.2
32,125,0
32,126,0
32,127,0.24
32,128,0.16
32,129,0
32,130,0.04
32,131,0.12
32,132,0
32,133,0.04
32,134,0
32,135,0.24
32,136,0
32,137,0.24
32,138,0.08
32,139,0.04
32,140,0.24
32,141,0.04
32,142,0.04
32,143,0.04
32,144,0.08
32,145,0.04
32,146,0.12
32,147,0.08
32,148,0.08
32,149,0.08
32,150,0.24
32,151,0.08
32,152,0.16
32,153,0.04
32,154,0.08
32,155,0.24
32,156,0.28
32,157,0.08
32,158,0.24
32,159,0.04
32,160,2.16
32,161,0.08
32,162,0.04
32,163,0.16
32,164,0.08
32,165,0.12
32,166,0.04
32,167,0.04
32,168,0.12
32,169,0.04
32,170,0.16
32,171,0.12
32,172,0.2
32,173,0.04
32,174,0.24
32,175,0.04
32,176,0.04
32,177,0.24
32,178,0.08
32,179,0.12
32,180,0.04
32,181,0.04
32,182,0.12
32,183,0.12
32,184,0.12
32,185,0.16
32,186,0.12
32,187,0.04
32,188,0.04
32,189,0.24
32,190,0.16
32,191,0.08
32,192,0.04
32,193,0.04
32,194,0.32
32,195,0.04
32,196,0.08
32,197,0.04
32,198,0.28
32,199,0.08
32,200,0.12
32,201,0.12
32,202,0.04
32,203,0.16
32,204,0.04
32,205,0.08
32,206,0.04
32,207,0
32,208,0.04
32,209,0.08
32,210,0.12
32,211,0.08
32,212,0.32
32,213,0.36
32,214,0.28
32,215,0.28
32,216,0.32
32,217,0.2
32,218,0.08
32,219,0.16
32,220,0.12
32,221,0.16
32,222,0.32
32,223,0.04
32,224,0.04
32,225,0.04
32,226,0.16
32,227,0.12
32,228,0.08
32,229,0.08
32,230,0.04
32,231,0.08
32,232,0.2
32,233,0.08
32,234,0.24
32,235,0
32,236,0
33,1,0.16
33,2,0.08
33,3,0.24
33,4,0.32
33,5,0.12
33,6,0.12
33,7,0.24
33,8,0.04
33,9,0.04
33,10,0.04
33,11,0.12
33,12,0.04
33,13,0.08
33,14,0.24
33,15,0.12
33,16,0.08
33,17,0.12
33,18,0.12
33,19,0.2
33,20,0.12
33,21,0.04
33,22,0
33,23,0.2
33,24,0.24
33,25,0.04
33,26,0.04
33,27,0.2
33,28,0.04
33,29,0.04
33,30,0.04
33,31,0.2
33,32,0.24
33,33,0.2
33,34,0.04
33,35,0.2
33,36,0.16
33,37,0.04
33,38,0.12
33,39,0.12
33,40,0.2
33,41,0.12
33,42,0.28
33,43,0.16
33,44,0.08
33,45,0.2
33,46,0.2
33,47,0.2
33,48,0.12
33,49,0.08
33,50,0.12
33,51,0.08
33,52,0.32
33,53,0.2
33,54,0.08
33,55,0.08
33,56,0
33,57,0.04
33,58,0
33,59,0.08
33,60,0.08
33,61,0.2
33,62,0.04
33,63,0.08
33,64,0.28
33,65,0.08
33,66,0.16
33,67,0.2
33,68,0.24
33,69,0.04
33,70,0.04
33,71,0.2
33,72,0.04
33,73,0
33,74,0
33,75,0
33,76,0
33,77,0.24
33,78,0.04
33,79,0.12
33,80,0.04
33,81,0.2
33,82,0.04
33,83,0.24
33,84,0.2
33,85,0.08
33,86,0.2
33,87,0.16
33,88,0.24
33,89,0.08
33,90,0.16
33,91,0.12
33,92,0.04
33,93,0.08
33,94,0.08
33,95,0.12
33,96,0.04
33,97,0
33,98,0
33,99,0.04
33,100,0
33,101,0.04
33,102,0
33,103,0.08
33,104,0.2
33,105,0.2
33,106,0.04
33,107,0.2
33,108,0.08
33,109,0.04
33,110,0.08
33,111,0.08
33,112,0
33,113,0.28
33,114,0
33,115,0.24
33,116,0.28
33,117,0
33,118,0.04
33,119,0.2
33,120,0.04
33,121,0.12
33,122,0.24
33,123,0.24
33,124,0.24
33,125,0.04
33,126,0
33,127,0.04
33,128,0.28
33,129,0
33,130,0.04
33,131,0.08
33,132,0.04
33,133,0.04
33,134,0
33,135,0.08
33,136,0
33,137,0.08
33,138,0.08
33,139,0.08
33,140,0.12
33,141,0.08
33,142,0.04
33,143,0.04
33,144,0.04
33,145,0.04
33,146,0.2
33,147,0.04
33,148,0.08
33,149,0.08
33,150,0.24
33,151,0.08
33,152,0.12
33,153,0
33,154,0.04
33,155,0.12
33,156,0.04
33,157,0.08
33,158,0.12
33,159,0.08
33,160,2.04
33,161,0.24
33,162,0.04
33,163,0.08
33,164,0.04
33,165,0.2
33,166,0.04
33,167,0
33,168,0.12
33,169,0.04
33,170,0.2
33,171,0
33,172,0.04
33,173,0.04
33,174,0.12
33,175,0
33,176,0.04
33,177,0.08
33,178,0.04
33,179,0.08
33,180,0.04
33,181,0.04
33,182,0.12
33,183,0.12
33,184,0.2
33,185,0.08
33,186,0.12
33,187,0.04
33,188,0
33,189,0.12
33,190,0.12
33,191,0.08
33,192,0.2
33,193,0.04
33,194,0.08
33,195,0.04
33,196,0.04
33,197,0.04
33,198,0.28
33,199,0.04
33,200,0.28
33,201,0.04
33,202,0.04
33,203,0.2
33,204,0.04
33,205,0.04
33,206,0.04
33,207,0.04
33,208,0.08
33,209,0.08
33,210,0.32
33,211,0.32
33,212,0.2
33,213,0.2
33,214,0.32
33,215,0.16
33,216,0.28
33,217,0.12
33,218,0.28
33,219,0.28
33,220,0.16
33,221,0.28
33,222,0.16
33,223,0.04
33,224,0.04
33,225,0
33,226,0.2
33,227,0.24
33,228,0.04
33,229,0.04
33,230,0.04
33,231,0.08
33,232,0.16
33,233,0.08
33,234,0.2
33,235,0
33,236,0
34,1,0.04
34,2,0.08
34,3,0.12
34,4,0.12
34,5,0.16
34,6,0.2
34,7,0.16
34,8,0.04
34,9,0.04
34,10,0.08
34,11,0.08
34,12,0.04
34,13,0.04
34,14,0.16
34,15,0.12
34,16,0.04
34,17,0.12
34,18,0.04
34,19,0.12
34,20,0.08
34,21,0.04
34,22,0.04
34,23,0.12
34,24,0.04
34,25,0.28
34,26,0.04
34,27,0.12
34,28,0
34,29,0.12
34,30,0
34,31,0.2
34,32,0.16
34,33,0.16
34,34,0.04
34,35,0.04
34,36,0.2
34,37,0.08
34,38,0.08
34,39,0.16
34,40,0.16
34,41,0.2
34,42,0.24
34,43,0.2
34,44,0.08
34,45,0.12
34,46,0.04
34,47,0.08
34,48,0.12
34,49,0.04
34,50,0.16
34,51,0.08
34,52,0.2
34,53,0.16
34,54,0.2
34,55,0.04
34,56,0.04
34,57,0.04
34,58,0.04
34,59,0.08
34,60,0.08
34,61,0.2
34,62,0
34,63,0.08
34,64,0.16
34,65,0.08
34,66,0.12
34,67,0.24
34,68,0.28
34,69,0.04
34,70,0.08
34,71,0.12
34,72,0.04
34,73,0
34,74,0.04
34,75,0.04
34,76,0
34,77,0.12
34,78,0.04
34,79,0.08
34,80,0.04
34,81,0.24
34,82,0
34,83,0.2
34,84,0.12
34,85,0.04
34,86,0.16
34,87,0.04
34,88,0.04
34,89,0.08
34,90,0.28
34,91,0
34,92,0.08
34,93,0.16
34,94,0.12
34,95,0.16
34,96,0.08
34,97,0.08
34,98,0
34,99,0.04
34,100,0.04
34,101,0.08
34,102,0.04
34,103,0.16
34,104,0.16
34,105,0.24
34,106,0.04
34,107,0.2
34,108,0.28
34,109,0
34,110,0.08
34,111,0.04
34,112,0.08
34,113,0.24
34,114,0
34,115,0.16
34,116,0.08
34,117,0.04
34,118,0
34,119,0.12
34,120,0.04
34,121,0.08
34,122,0.16
34,123,0.12
34,124,0.24
34,125,0.04
34,126,0
34,127,0.12
34,128,0.08
34,129,0
34,130,0.04
34,131,0.08
34,132,0.04
34,133,0.04
34,134,0
34,135,0.08
34,136,0
34,137,0.08
34,138,0.04
34,139,0.04
34,140,0.12
34,141,0.04
34,142,0.04
34,143,0.04
34,144,0
34,145,0.04
34,146,0.08
34,147,0.04
34,148,0
34,149,0
34,150,0.2
34,151,0.24
34,152,0.16
34,153,0.04
34,154,0.04
34,155,0.16
34,156,0.08
34,157,0.04
34,158,0.08
34,159,0.08
34,160,2
34,161,0.12
34,162,0.08
34,163,0.24
34,164,0.08
34,165,0.2
34,166,0.04
34,167,0
34,168,0.16
34,169,0.04
34,170,0.28
34,171,0.08
34,172,0.12
34,173,0.04
34,174,0.08
34,175,0.04
34,176,0.08
34,177,0.24
34,178,0.08
34,179,0.12
34,180,0
34,181,0
34,182,0.08
34,183,0.16
34,184,0.16
34,185,0.2
34,186,0.2
34,187,0.04
34,188,0.04
34,189,0.08
34,190,0.2
34,191,0.04
34,192,0.2
34,193,0
34,194,0.12
34,195,0.04
34,196,0.04
34,197,0.04
34,198,0.16
34,199,0.04
34,200,0.12
34,201,0.04
34,202,0.04
34,203,0.2
34,204,0.04
34,205,0.04
34,206,0.04
34,207,0.04
34,208,0.08
34,209,0.08
34,210,0.16
34,211,0.2
34,212,0.24
34,213,0.12
34,214,0.16
34,215,0.04
34,216,0.12
34,217,0.24
34,218,0.08
34,219,0.12
34,220,0.08
34,221,0.16
34,222,0.04
34,223,0
34,224,0
34,225,0.04
34,226,0.04
34,227,0.24
34,228,0.12
34,229,0.04
34,230,0
34,231,0.04
34,232,0.08
34,233,0.04
34,234,0.28
34,235,0
34,236,0
35,1,0.16
35,2,0.12
35,3,0.08
35,4,0.04
35,5,0.08
35,6,0.08
35,7,0.12
35,8,0.04
35,9,0.04
35,10,0.08
35,11,0.08
35,12,0.04
35,13,0.04
35,14,0.16
35,15,0.08
35,16,0
35,17,0.16
35,18,0.04
35,19,0.16
35,20,0.08
35,21,0.04
35,22,0.04
35,23,0.08
35,24,0.24
35,25,0.04
35,26,0.08
35,27,0.12
35,28,0
35,29,0.24
35,30,0
35,31,0.16
35,32,0.12
35,33,0.08
35,34,0.04
35,35,0.04
35,36,0.04
35,37,0.04
35,38,0.04
35,39,0.08
35,40,0.04
35,41,0.04
35,42,0.24
35,43,0.08
35,44,0.08
35,45,0.2
35,46,0.04
35,47,0.24
35,48,0.24
35,49,0.08
35,50,0.12
35,51,0.08
35,52,0.08
35,53,0.04
35,54,0.04
35,55,0.04
35,56,0.04
35,57,0
35,58,0.04
35,59,0.04
35,60,0
35,61,0.2
35,62,0.04
35,63,0.04
35,64,0.04
35,65,0.08
35,66,0.12
35,67,0.24
35,68,0.16
35,69,0
35,70,0.04
35,71,0.08
35,72,0.04
35,73,0
35,74,0.04
35,75,0.04
35,76,0
35,77,0.08
35,78,0
35,79,0.16
35,80,0.08
35,81,0.24
35,82,0.04
35,83,0.24
35,84,0.12
35,85,0.04
35,86,0.24
35,87,0.04
35,88,0.12
35,89,0
35,90,0.12
35,91,0.04
35,92,0.16
35,93,0.08
35,94,0.2
35,95,0.12
35,96,0
35,97,0
35,98,0.04
35,99,0.04
35,100,0.04
35,101,0.04
35,102,0.04
35,103,0.08
35,104,0.24
35,105,0.12
35,106,0.04
35,107,0.24
35,108,0.24
35,109,0
35,110,0.04
35,111,0
35,112,0.08
35,113,0.24
35,114,0.04
35,115,0.04
35,116,0.08
35,117,0
35,118,0
35,119,0.12
35,120,0.04
35,121,0.04
35,122,0.12
35,123,0.16
35,124,0.08
35,125,0
35,126,0
35,127,0.16
35,128,0.12
35,129,0
35,130,0.04
35,131,0
35,132,0
35,133,0.04
35,134,0
35,135,0.04
35,136,0
35,137,0.16
35,138,0.08
35,139,0.04
35,140,0.12
35,141,0.04
35,142,0.04
35,143,0
35,144,0.04
35,145,0.04
35,146,0.04
35,147,0.04
35,148,0.04
35,149,0
35,150,0.12
35,151,0.04
35,152,0.2
35,153,0.04
35,154,0.04
35,155,0.04
35,156,0.2
35,157,0.04
35,158,0.04
35,159,0.04
35,160,2.44
35,161,0.16
35,162,0.04
35,163,0.12
35,164,0.08
35,165,0.08
35,166,0.04
35,167,0.04
35,168,0.12
35,169,0.04
35,170,0.24
35,171,0.04
35,172,0.16
35,173,0
35,174,0.16
35,175,0.04
35,176,0.08
35,177,0.12
35,178,0.08
35,179,0.12
35,180,0.04
35,181,0.04
35,182,0.04
35,183,0.12
35,184,0.08
35,185,0.08
35,186,0.08
35,187,0.04
35,188,0.04
35,189,0.04
35,190,0.08
35,191,0
35,192,0.16
35,193,0
35,194,0.24
35,195,0
35,196,0.04
35,197,0.04
35,198,0.08
35,199,0
35,200,0.24
35,201,0.04
35,202,0.04
35,203,0.12
35,204,0.04
35,205,0.04
35,206,0.04
35,207,0.04
35,208,0.04
35,209,0.08
35,210,0.16
35,211,0.16
35,212,0.16
35,213,0.16
35,214,0.12
35,215,0.04
35,216,0.08
35,217,0.04
35,218,0.24
35,219,0.16
35,220,0.2
35,221,0.24
35,222,0.16
35,223,0.04
35,224,0
35,225,0
35,226,0.16
35,227,0.2
35,228,0.16
35,229,0
35,230,0.04
35,231,0
35,232,0.08
35,233,0.04
35,234,0.12
35,235,0
35,236,0
36,1,0.12
36,2,0.04
36,3,0.2
36,4,0.12
36,5,0.08
36,6,0.04
36,7,0.08
36,8,0.04
36,9,0.04
36,10,0.04
36,11,0.04
36,12,0
36,13,0.04
36,14,0.16
36,15,0.12
36,16,0.04
36,17,0.04
36,18,0.04
36,19,0.16
36,20,0.04
36,21,0.04
36,22,0.04
36,23,0.08
36,24,0.12
36,25,0.12
36,26,0.04
36,27,0.16
36,28,0.04
36,29,0.2
36,30,0.04
36,31,0.12
36,32,0.08
36,33,0.04
36,34,0
36,35,0.12
36,36,0.16
36,37,0.04
36,38,0.04
36,39,0.04
36,40,0.08
36,41,0.16
36,42,0.12
36,43,0.04
36,44,0.12
36,45,0.08
36,46,0.08
36,47,0.08
36,48,0.16
36,49,0.04
36,50,0.12
36,51,0.08
36,52,0.12
36,53,0.12
36,54,0.08
36,55,0.08
36,56,0
36,57,0.04
36,58,0
36,59,0
36,60,0
36,61,0.08
36,62,0.04
36,63,0.04
36,64,0.08
36,65,0
36,66,0.04
36,67,0.04
36,68,0.04
36,69,0
36,70,0.04
36,71,0.16
36,72,0
36,73,0
36,74,0.04
36,75,0
36,76,0
36,77,0.04
36,78,0
36,79,0.08
36,80,0.04
36,81,0.16
36,82,0.04
36,83,0.16
36,84,0.16
36,85,0.08
36,86,0.08
36,87,0.08
36,88,0.16
36,89,0.04
36,90,0.12
36,91,0
36,92,0.08
36,93,0.16
36,94,0.08
36,95,0.12
36,96,0.08
36,97,0.04
36,98,0
36,99,0
36,100,0.04
36,101,0.08
36,102,0.04
36,103,0.16
36,104,0.04
36,105,0.04
36,106,0
36,107,0.12
36,108,0.12
36,109,0
36,110,0.04
36,111,0.04
36,112,0.04
36,113,0.28
36,114,0.04
36,115,0.16
36,116,0.08
36,117,0
36,118,0
36,119,0.04
36,120,0.04
36,121,0.04
36,122,0.04
36,123,0.08
36,124,0.16
36,125,0.04
36,126,0
36,127,0.08
36,128,0.2
36,129,0
36,130,0.04
36,131,0.08
36,132,0.04
36,133,0.04
36,134,0
36,135,0.04
36,136,0
36,137,0.04
36,138,0.04
36,139,0.04
36,140,0.08
36,141,0
36,142,0.04
36,143,0.04
36,144,0.04
36,145,0.04
36,146,0.16
36,147,0
36,148,0.04
36,149,0.04
36,150,0.12
36,151,0.12
36,152,0.12
36,153,0.04
36,154,0.04
36,155,0.12
36,156,0.12
36,157,0.04
36,158,0.04
36,159,0
36,160,2.24
36,161,0.12
36,162,0.04
36,163,0.08
36,164,0.04
36,165,0.08
36,166,0
36,167,0
36,168,0.16
36,169,0
36,170,0.12
36,171,0.04
36,172,0.08
36,173,0.08
36,174,0.04
36,175,0.04
36,176,0.04
36,177,0.12
36,178,0.04
36,179,0.04
36,180,0
36,181,0.04
36,182,0.12
36,183,0.2
36,184,0.2
36,185,0.12
36,186,0.04
36,187,0
36,188,0.04
36,189,0.16
36,190,0.12
36,191,0
36,192,0.16
36,193,0
36,194,0.08
36,195,0.04
36,196,0.04
36,197,0
36,198,0.08
36,199,0.04
36,200,0.2
36,201,0
36,202,0
36,203,0.2
36,204,0.04
36,205,0.04
36,206,0
36,207,0
36,208,0.08
36,209,0.04
36,210,0.2
36,211,0.16
36,212,0.04
36,213,0.12
36,214,0.04
36,215,0.08
36,216,0.08
36,217,0.08
36,218,0.2
36,219,0.2
36,220,0.16
36,221,0.2
36,222,0.08
36,223,0
36,224,0.04
36,225,0.04
36,226,0.04
36,227,0.16
36,228,0.16
36,229,0
36,230,0.04
36,231,0.04
36,232,0.08
36,233,0
36,234,0.2
36,235,0
36,236,0
37,1,0.12
37,2,0.08
37,3,0.04
37,4,0.16
37,5,0.04
37,6,0.16
37,7,0.08
37,8,0.04
37,9,0.04
37,10,0.04
37,11,0.04
37,12,0
37,13,0
37,14,0.08
37,15,0.08
37,16,0
37,17,0.12
37,18,0.12
37,19,0.08
37,20,0.04
37,21,0
37,22,0.04
37,23,0.08
37,24,0.04
37,25,0.04
37,26,0.04
37,27,0.12
37,28,0.04
37,29,0.16
37,30,0
37,31,0.04
37,32,0.12
37,33,0.12
37,34,0
37,35,0.04
37,36,0.08
37,37,0.04
37,38,0.04
37,39,0.12
37,40,0.12
37,41,0.04
37,42,0.04
37,43,0.04
37,44,0.04
37,45,0.08
37,46,0.16
37,47,0.12
37,48,0.12
37,49,0.04
37,50,0.04
37,51,0.08
37,52,0.12
37,53,0.08
37,54,0.12
37,55,0.04
37,56,0
37,57,0.04
37,58,0.04
37,59,0.04
37,60,0.04
37,61,0.12
37,62,0.04
37,63,0.04
37,64,0.04
37,65,0.04
37,66,0.08
37,67,0.08
37,68,0.04
37,69,0
37,70,0.04
37,71,0.08
37,72,0.04
37,73,0
37,74,0
37,75,0.04
37,76,0
37,77,0.16
37,78,0
37,79,0.08
37,80,0
37,81,0.16
37,82,0.04
37,83,0.04
37,84,0.04
37,85,0.04
37,86,0.04
37,87,0.04
37,88,0.12
37,89,0.04
37,90,0.04
37,91,0.04
37,92,0.08
37,93,0.08
37,94,0.12
37,95,0.12
37,96,0.04
37,97,0
37,98,0.04
37,99,0.04
37,100,0.04
37,101,0
37,102,0.04
37,103,0.12
37,104,0.16
37,105,0.04
37,106,0.04
37,107,0.08
37,108,0.12
37,109,0.04
37,110,0.04
37,111,0.04
37,112,0.04
37,113,0.2
37,114,0
37,115,0.12
37,116,0.08
37,117,0.04
37,118,0.04
37,119,0.12
37,120,0.04
37,121,0.04
37,122,0.04
37,123,0.04
37,124,0.04
37,125,0
37,126,0
37,127,0.08
37,128,0.2
37,129,0
37,130,0.04
37,131,0.04
37,132,0.04
37,133,0
37,134,0
37,135,0.08
37,136,0
37,137,0.08
37,138,0.04
37,139,0
37,140,0.04
37,141,0
37,142,0.04
37,143,0
37,144,0.04
37,145,0.04
37,146,0.04
37,147,0
37,148,0.04
37,149,0
37,150,0.16
37,151,0.12
37,152,0.08
37,153,0
37,154,0
37,155,0.08
37,156,0.08
37,157,0.04
37,158,0.12
37,159,0.04
37,160,1.8
37,161,0.12
37,162,0.04
37,163,0.12
37,164,0.04
37,165,0.04
37,166,0
37,167,0
37,168,0.04
37,169,0.04
37,170,0.12
37,171,0.04
37,172,0.04
37,173,0.04
37,174,0.12
37,175,0.04
37,176,0.04
37,177,0.12
37,178,0.04
37,179,0.12
37,180,0
37,181,0.04
37,182,0.08
37,183,0.08
37,184,0.08
37,185,0.08
37,186,0.08
37,187,0.04
37,188,0.04
37,189,0.08
37,190,0.04
37,191,0.04
37,192,0.12
37,193,0
37,194,0.2
37,195,0.04
37,196,0
37,197,0
37,198,0.16
37,199,0
37,200,0.12
37,201,0.04
37,202,0.04
37,203,0.16
37,204,0.04
37,205,0
37,206,0
37,207,0.04
37,208,0.08
37,209,0.04
37,210,0.08
37,211,0.12
37,212,0.16
37,213,0.16
37,214,0.08
37,215,0.04
37,216,0.12
37,217,0.04
37,218,0.16
37,219,0.12
37,220,0.04
37,221,0.16
37,222,0.04
37,223,0.04
37,224,0
37,225,0.04
37,226,0.04
37,227,0.16
37,228,0.12
37,229,0.04
37,230,0.04
37,231,0.04
37,232,0.04
37,233,0.04
37,234,0.16
37,235,0
37,236,0
38,1,0.04
38,2,0.08
38,3,0.12
38,4,0.08
38,5,0.12
38,6,0.08
38,7,0.04
38,8,0
38,9,0.04
38,10,0
38,11,0.04
38,12,0.04
38,13,0.04
38,14,0.16
38,15,0.08
38,16,0.04
38,17,0.12
38,18,0.08
38,19,0.04
38,20,0.04
38,21,0
38,22,0
38,23,0.12
38,24,0.12
38,25,0.04
38,26,0
38,27,0.04
38,28,0.04
38,29,0.04
38,30,0
38,31,0.08
38,32,0.12
38,33,0.04
38,34,0
38,35,0.04
38,36,0.12
38,37,0
38,38,0.04
38,39,0.12
38,40,0.12
38,41,0.12
38,42,0.12
38,43,0.08
38,44,0.04
38,45,0.04
38,46,0.08
38,47,0.12
38,48,0.16
38,49,0
38,50,0.08
38,51,0.04
38,52,0.16
38,53,0.08
38,54,0.04
38,55,0.04
38,56,0
38,57,0.04
38,58,0
38,59,0.04
38,60,0
38,61,0.12
38,62,0
38,63,0.04
38,64,0.08
38,65,0.04
38,66,0.04
38,67,0.08
38,68,0.04
38,69,0.04
38,70,0
38,71,0.04
38,72,0.04
38,73,0
38,74,0.04
38,75,0.04
38,76,0
38,77,0.12
38,78,0.04
38,79,0.08
38,80,0
38,81,0.12
38,82,0
38,83,0.08
38,84,0.04
38,85,0.04
38,86,0.04
38,87,0.04
38,88,0.08
38,89,0.04
38,90,0.12
38,91,0.04
38,92,0.08
38,93,0.12
38,94,0.12
38,95,0.08
38,96,0
38,97,0.04
38,98,0
38,99,0
38,100,0.04
38,101,0
38,102,0
38,103,0.08
38,104,0.16
38,105,0.04
38,106,0
38,107,0.04
38,108,0.12
38,109,0
38,110,0.04
38,111,0
38,112,0
38,113,0.2
38,114,0
38,115,0.04
38,116,0.16
38,117,0.04
38,118,0.04
38,119,0.12
38,120,0
38,121,0
38,122,0.04
38,123,0.08
38,124,0.08
38,125,0
38,126,0
38,127,0.04
38,128,0.08
38,129,0
38,130,0.04
38,131,0
38,132,0
38,133,0
38,134,0
38,135,0.12
38,136,0
38,137,0.04
38,138,0
38,139,0.04
38,140,0.04
38,141,0
38,142,0
38,143,0
38,144,0.04
38,145,0
38,146,0.12
38,147,0
38,148,0
38,149,0
38,150,0.12
38,151,0.04
38,152,0.04
38,153,0.04
38,154,0
38,155,0.04
38,156,0.08
38,157,0.04
38,158,0.12
38,159,0.04
38,160,1.68
38,161,0.12
38,162,0
38,163,0.12
38,164,0.04
38,165,0.12
38,166,0
38,167,0
38,168,0.04
38,169,0
38,170,0.12
38,171,0
38,172,0.04
38,173,0.04
38,174,0.08
38,175,0.04
38,176,0.04
38,177,0.12
38,178,0.04
38,179,0.12
38,180,0.04
38,181,0.04
38,182,0.12
38,183,0.04
38,184,0.08
38,185,0.12
38,186,0.04
38,187,0.04
38,188,0.04
38,189,0.04
38,190,0.04
38,191,0
38,192,0.12
38,193,0.04
38,194,0.08
38,195,0
38,196,0.04
38,197,0
38,198,0.12
38,199,0
38,200,0.08
38,201,0.04
38,202,0
38,203,0.08
38,204,0
38,205,0.04
38,206,0
38,207,0.04
38,208,0.04
38,209,0
38,210,0.12
38,211,0.04
38,212,0.08
38,213,0.04
38,214,0.04
38,215,0.08
38,216,0.08
38,217,0.04
38,218,0.08
38,219,0.16
38,220,0.12
38,221,0.04
38,222,0.04
38,223,0.04
38,224,0
38,225,0
38,226,0.08
38,227,0.12
38,228,0
38,229,0.04
38,230,0
38,231,0.04
38,232,0.08
38,233,0.04
38,234,0.08
38,235,0
38,236,0
39,1,0.04
39,2,0.08
39,3,0.04
39,4,0.04
39,5,0.04
39,6,0.04
39,7,0.04
39,8,0
39,9,0
39,10,0.04
39,11,0.04
39,12,0
39,13,0
39,14,0.12
39,15,0.08
39,16,0
39,17,0.04
39,18,0.08
39,19,0.12
39,20,0
39,21,0
39,22,0
39,23,0.04
39,24,0.12
39,25,0.08
39,26,0.04
39,27,0.08
39,28,0
39,29,0.08
39,30,0
39,31,0.04
39,32,0.12
39,33,0.08
39,34,0
39,35,0.04
39,36,0.04
39,37,0
39,38,0.04
39,39,0.04
39,40,0.08
39,41,0.08
39,42,0.08
39,43,0.08
39,44,0.08
39,45,0.04
39,46,0.12
39,47,0.08
39,48,0.08
39,49,0.04
39,50,0.04
39,51,0.08
39,52,0.04
39,53,0.12
39,54,0.04
39,55,0.04
39,56,0
39,57,0
39,58,0
39,59,0.04
39,60,0
39,61,0.08
39,62,0
39,63,0.04
39,64,0.12
39,65,0.04
39,66,0.08
39,67,0.04
39,68,0.08
39,69,0
39,70,0.04
39,71,0.04
39,72,0.04
39,73,0
39,74,0
39,75,0
39,76,0
39,77,0.08
39,78,0.04
39,79,0.04
39,80,0.04
39,81,0.08
39,82,0
39,83,0.12
39,84,0.12
39,85,0
39,86,0.12
39,87,0.08
39,88,0.04
39,89,0.04
39,90,0.12
39,91,0.04
39,92,0.04
39,93,0.04
39,94,0.08
39,95,0.04
39,96,0.04
39,97,0.04
39,98,0
39,99,0
39,100,0
39,101,0
39,102,0.04
39,103,0.08
39,104,0.16
39,105,0.12
39,106,0
39,107,0.04
39,108,0.08
39,109,0
39,110,0.04
39,111,0.04
39,112,0
39,113,0.16
39,114,0.04
39,115,0.12
39,116,0.12
39,117,0.04
39,118,0
39,119,0.04
39,120,0
39,121,0
39,122,0.08
39,123,0.04
39,124,0.08
39,125,0
39,126,0
39,127,0.04
39,128,0.12
39,129,0
39,130,0.04
39,131,0
39,132,0
39,133,0
39,134,0
39,135,0.04
39,136,0
39,137,0.08
39,138,0
39,139,0
39,140,0.04
39,141,0
39,142,0
39,143,0
39,144,0.04
39,145,0
39,146,0.12
39,147,0.04
39,148,0
39,149,0
39,150,0.08
39,151,0.04
39,152,0.04
39,153,0.04
39,154,0
39,155,0.04
39,156,0.04
39,157,0.04
39,158,0.12
39,159,0
39,160,1.4
39,161,0.08
39,162,0.04
39,163,0
39,164,0.04
39,165,0.08
39,166,0.04
39,167,0
39,168,0.04
39,169,0
39,170,0.04
39,171,0.04
39,172,0.12
39,173,0.04
39,174,0.08
39,175,0.04
39,176,0.04
39,177,0.08
39,178,0
39,179,0.08
39,180,0
39,181,0
39,182,0.04
39,183,0.08
39,184,0.12
39,185,0.08
39,186,0.04
39,187,0.04
39,188,0
39,189,0.08
39,190,0.12
39,191,0
39,192,0.08
39,193,0
39,194,0.12
39,195,0
39,196,0
39,197,0
39,198,0.04
39,199,0
39,200,0.04
39,201,0
39,202,0
39,203,0.04
39,204,0
39,205,0
39,206,0
39,207,0.04
39,208,0.08
39,209,0.04
39,210,0.12
39,211,0.08
39,212,0.04
39,213,0.08
39,214,0.04
39,215,0.04
39,216,0.12
39,217,0.04
39,218,0.08
39,219,0.08
39,220,0.12
39,221,0.08
39,222,0.04
39,223,0.04
39,224,0
39,225,0
39,226,0.04
39,227,0.04
39,228,0.04
39,229,0
39,230,0.04
39,231,0.04
39,232,0.12
39,233,0.04
39,234,0.04
39,235,0
39,236,0
40,1,0.04
40,2,0
40,3,0.08
40,4,0.12
40,5,0.04
40,6,0.04
40,7,0.04
40,8,0
40,9,0.04
40,10,0.04
40,11,0.04
40,12,0
40,13,0
40,14,0.12
40,15,0.08
40,16,0
40,17,0
40,18,0.08
40,19,0
40,20,0.04
40,21,0
40,22,0
40,23,0.04
40,24,0.04
40,25,0.04
40,26,0.04
40,27,0.08
40,28,0
40,29,0.12
40,30,0
40,31,0.08
40,32,0.08
40,33,0.08
40,34,0
40,35,0.08
40,36,0.08
40,37,0.04
40,38,0
40,39,0.04
40,40,0.04
40,41,0.04
40,42,0.04
40,43,0.08
40,44,0.08
40,45,0.08
40,46,0.08
40,47,0.08
40,48,0.08
40,49,0.04
40,50,0
40,51,0.04
40,52,0.08
40,53,0.04
40,54,0.08
40,55,0
40,56,0
40,57,0
40,58,0
40,59,0.04
40,60,0
40,61,0.08
40,62,0
40,63,0
40,64,0.08
40,65,0.04
40,66,0.08
40,67,0.12
40,68,0.12
40,69,0
40,70,0.04
40,71,0.08
40,72,0
40,73,0
40,74,0
40,75,0
40,76,0
40,77,0.08
40,78,0
40,79,0.04
40,80,0.04
40,81,0.12
40,82,0
40,83,0.04
40,84,0.04
40,85,0.04
40,86,0.08
40,87,0.04
40,88,0.04
40,89,0.04
40,90,0.08
40,91,0
40,92,0.08
40,93,0.04
40,94,0.04
40,95,0.04
40,96,0.04
40,97,0
40,98,0
40,99,0
40,100,0
40,101,0.04
40,102,0
40,103,0
40,104,0.08
40,105,0.08
40,106,0
40,107,0.08
40,108,0.04
40,109,0
40,110,0
40,111,0
40,112,0.04
40,113,0.2
40,114,0.04
40,115,0.04
40,116,0.04
40,117,0
40,118,0.04
40,119,0.08
40,120,0
40,121,0.04
40,122,0
40,123,0.08
40,124,0.04
40,125,0
40,126,0
40,127,0.04
40,128,0.04
40,129,0
40,130,0.04
40,131,0
40,132,0
40,133,0
40,134,0
40,135,0.04
40,136,0
40,137,0.08
40,138,0.04
40,139,0
40,140,0.04
40,141,0
40,142,0
40,143,0
40,144,0
40,145,0
40,146,0.08
40,147,0
40,148,0
40,149,0
40,150,0.08
40,151,0.04
40,152,0.04
40,153,0
40,154,0
40,155,0.08
40,156,0.12
40,157,0.04
40,158,0.04
40,159,0.04
40,160,1.28
40,161,0.04
40,162,0
40,163,0.04
40,164,0.04
40,165,0.08
40,166,0.04
40,167,0
40,168,0.04
40,169,0
40,170,0.08
40,171,0.04
40,172,0.04
40,173,0
40,174,0.08
40,175,0
40,176,0.04
40,177,0.08
40,178,0
40,179,0.04
40,180,0
40,181,0
40,182,0.04
40,183,0.04
40,184,0.04
40,185,0.04
40,186,0.04
40,187,0.04
40,188,0.04
40,189,0.04
40,190,0.04
40,191,0
40,192,0.08
40,193,0
40,194,0.08
40,195,0
40,196,0
40,197,0
40,198,0.08
40,199,0
40,200,0.04
40,201,0
40,202,0
40,203,0.08
40,204,0
40,205,0
40,206,0
40,207,0
40,208,0.04
40,209,0
40,210,0.12
40,211,0.08
40,212,0.04
40,213,0.12
40,214,0.08
40,215,0.08
40,216,0.12
40,217,0.04
40,218,0.08
40,219,0
40,220,0.08
40,221,0.08
40,222,0.04
40,223,0
40,224,0
40,225,0
40,226,0
40,227,0.08
40,228,0.04
40,229,0
40,230,0
40,231,0
40,232,0.08
40,233,0
40,234,0.04
40,235,0
40,236,0
41,1,0.04
41,2,0.08
41,3,0.08
41,4,0.04
41,5,0
41,6,0.04
41,7,0.04
41,8,0
41,9,0
41,10,0
41,11,0
41,12,0
41,13,0
41,14,0.08
41,15,0
41,16,0
41,17,0.04
41,18,0.08
41,19,0
41,20,0.04
41,21,0
41,22,0
41,23,0.04
41,24,0.08
41,25,0.04
41,26,0
41,27,0.08
41,28,0
41,29,0.08
41,30,0
41,31,0.04
41,32,0.04
41,33,0.08
41,34,0
41,35,0.04
41,36,0
41,37,0.04
41,38,0
41,39,0.04
41,40,0.04
41,41,0.08
41,42,0.08
41,43,0.08
41,44,0.04
41,45,0.04
41,46,0.04
41,47,0.04
41,48,0.08
41,49,0.04
41,50,0.04
41,51,0.04
41,52,0.04
41,53,0.04
41,54,0.08
41,55,0
41,56,0
41,57,0
41,58,0
41,59,0
41,60,0
41,61,0.08
41,62,0
41,63,0.04
41,64,0.04
41,65,0.04
41,66,0.08
41,67,0.08
41,68,0.04
41,69,0
41,70,0.04
41,71,0.08
41,72,0
41,73,0
41,74,0
41,75,0
41,76,0
41,77,0.04
41,78,0
41,79,0.04
41,80,0.04
41,81,0.08
41,82,0
41,83,0.08
41,84,0.04
41,85,0
41,86,0.04
41,87,0.04
41,88,0.08
41,89,0
41,90,0.08
41,91,0.04
41,92,0.04
41,93,0.04
41,94,0
41,95,0.08
41,96,0.04
41,97,0.04
41,98,0
41,99,0
41,100,0
41,101,0
41,102,0
41,103,0
41,104,0.04
41,105,0.08
41,106,0
41,107,0.08
41,108,0.08
41,109,0
41,110,0.04
41,111,0
41,112,0.04
41,113,0.16
41,114,0
41,115,0.08
41,116,0.08
41,117,0
41,118,0.04
41,119,0.08
41,120,0
41,121,0
41,122,0
41,123,0.04
41,124,0.08
41,125,0
41,126,0
41,127,0.08
41,128,0.04
41,129,0
41,130,0.04
41,131,0.04
41,132,0
41,133,0
41,134,0
41,135,0.04
41,136,0
41,137,0.08
41,138,0
41,139,0
41,140,0.04
41,141,0
41,142,0
41,143,0
41,144,0
41,145,0
41,146,0.04
41,147,0
41,148,0
41,149,0
41,150,0.04
41,151,0.04
41,152,0.08
41,153,0
41,154,0
41,155,0.08
41,156,0
41,157,0
41,158,0.08
41,159,0
41,160,0.96
41,161,0.08
41,162,0
41,163,0.04
41,164,0.04
41,165,0.08
41,166,0
41,167,0
41,168,0.04
41,169,0
41,170,0.04
41,171,0.04
41,172,0
41,173,0
41,174,0.04
41,175,0
41,176,0.04
41,177,0.04
41,178,0.04
41,179,0.04
41,180,0
41,181,0
41,182,0.08
41,183,0.08
41,184,0.04
41,185,0.04
41,186,0
41,187,0.04
41,188,0
41,189,0.04
41,190,0
41,191,0
41,192,0.04
41,193,0
41,194,0.08
41,195,0
41,196,0
41,197,0
41,198,0.08
41,199,0
41,200,0.08
41,201,0
41,202,0
41,203,0.08
41,204,0
41,205,0.04
41,206,0
41,207,0
41,208,0.04
41,209,0.04
41,210,0.08
41,211,0.08
41,212,0.08
41,213,0.04
41,214,0.08
41,215,0.04
41,216,0.08
41,217,0.08
41,218,0.08
41,219,0.04
41,220,0.08
41,221,0.04
41,222,0.04
41,223,0
41,224,0
41,225,0
41,226,0
41,227,0.08
41,228,0.04
41,229,0
41,230,0
41,231,0.04
41,232,0.08
41,233,0
41,234,0.04
41,235,0
41,236,0
42,1,0.04
42,2,0.04
42,3,0.04
42,4,0.04
42,5,0.04
42,6,0.04
42,7,0
42,8,0
42,9,0
42,10,0.04
42,11,0
42,12,0
42,13,0
42,14,0.08
42,15,0.04
42,16,0
42,17,0.04
42,18,0.04
42,19,0.04
42,20,0
42,21,0
42,22,0
42,23,0
42,24,0.08
42,25,0.08
42,26,0.04
42,27,0
42,28,0
42,29,0.04
42,30,0
42,31,0.04
42,32,0
42,33,0.04
42,34,0
42,35,0.04
42,36,0.04
42,37,0
42,38,0.04
42,39,0.04
42,40,0
42,41,0.04
42,42,0.04
42,43,0.04
42,44,0
42,45,0.04
42,46,0.04
42,47,0.04
42,48,0.04
42,49,0.04
42,50,0.04
42,51,0
42,52,0.08
42,53,0.04
42,54,0.04
42,55,0
42,56,0
42,57,0
42,58,0
42,59,0
42,60,0
42,61,0.04
42,62,0
42,63,0.04
42,64,0.04
42,65,0
42,66,0.04
42,67,0.04
42,68,0.08
42,69,0
42,70,0
42,71,0.04
42,72,0
42,73,0
42,74,0
42,75,0
42,76,0
42,77,0.04
42,78,0
42,79,0.04
42,80,0
42,81,0.08
42,82,0
42,83,0.04
42,84,0.04
42,85,0
42,86,0.08
42,87,0.04
42,88,0.04
42,89,0.04
42,90,0.04
42,91,0
42,92,0.04
42,93,0.04
42,94,0.04
42,95,0.04
42,96,0
42,97,0
42,98,0
42,99,0
42,100,0
42,101,0
42,102,0
42,103,0.04
42,104,0.04
42,105,0.04
42,106,0
42,107,0.08
42,108,0.08
42,109,0
42,110,0
42,111,0
42,112,0.04
42,113,0.2
42,114,0.04
42,115,0.04
42,116,0.04
42,117,0
42,118,0
42,119,0.04
42,120,0
42,121,0
42,122,0
42,123,0.04
42,124,0.04
42,125,0
42,126,0
42,127,0.08
42,128,0.04
42,129,0
42,130,0
42,131,0
42,132,0
42,133,0
42,134,0
42,135,0.04
42,136,0
42,137,0
42,138,0
42,139,0
42,140,0.08
42,141,0
42,142,0
42,143,0
42,144,0
42,145,0
42,146,0.08
42,147,0
42,148,0
42,149,0
42,150,0.08
42,151,0.04
42,152,0.08
42,153,0
42,154,0
42,155,0.04
42,156,0.04
42,157,0
42,158,0.04
42,159,0.04
42,160,0.76
42,161,0
42,162,0
42,163,0
42,164,0.04
42,165,0.04
42,166,0
42,167,0
42,168,0
42,169,0
42,170,0.04
42,171,0
42,172,0
42,173,0.04
42,174,0.08
42,175,0
42,176,0
42,177,0.08
42,178,0
42,179,0.04
42,180,0
42,181,0
42,182,0
42,183,0.04
42,184,0.04
42,185,0.08
42,186,0
42,187,0
42,188,0
42,189,0
42,190,0.08
42,191,0
42,192,0.04
42,193,0
42,194,0.08
42,195,0
42,196,0
42,197,0
42,198,0.08
42,199,0
42,200,0
42,201,0
42,202,0
42,203,0.08
42,204,0
42,205,0
42,206,0
42,207,0
42,208,0.04
42,209,0
42,210,0.04
42,211,0.04
42,212,0.08
42,213,0.08
42,214,0.04
42,215,0.04
42,216,0.04
42,217,0.08
42,218,0.08
42,219,0.04
42,220,0
42,221,0.04
42,222,0.08
42,223,0
42,224,0
42,225,0
42,226,0.04
42,227,0.08
42,228,0.04
42,229,0
42,230,0
42,231,0
42,232,0.08
42,233,0.04
42,234,0.04
42,235,0
42,236,0
43,1,0.04
43,2,0.04
43,3,0.08
43,4,0.04
43,5,0.04
43,6,0.04
43,7,0.04
43,8,0
43,9,0
43,10,0
43,11,0
43,12,0
43,13,0
43,14,0.04
43,15,0.04
43,16,0
43,17,0.04
43,18,0.04
43,19,0.04
43,20,0
43,21,0
43,22,0
43,23,0.04
43,24,0.04
43,25,0.08
43,26,0
43,27,0.04
43,28,0
43,29,0
43,30,0
43,31,0
43,32,0
43,33,0
43,34,0
43,35,0.04
43,36,0.04
43,37,0
43,38,0
43,39,0.04
43,40,0.04
43,41,0.04
43,42,0.04
43,43,0.04
43,44,0.04
43,45,0.04
43,46,0.04
43,47,0.04
43,48,0.04
43,49,0
43,50,0.04
43,51,0
43,52,0.04
43,53,0.04
43,54,0
43,55,0
43,56,0
43,57,0
43,58,0
43,59,0
43,60,0
43,61,0.04
43,62,0
43,63,0
43,64,0.04
43,65,0
43,66,0.04
43,67,0.04
43,68,0.04
43,69,0
43,70,0
43,71,0.04
43,72,0
43,73,0
43,74,0
43,75,0
43,76,0
43,77,0.04
43,78,0
43,79,0.04
43,80,0
43,81,0.04
43,82,0
43,83,0.08
43,84,0.04
43,85,0
43,86,0.04
43,87,0.04
43,88,0
43,89,0
43,90,0.04
43,91,0
43,92,0
43,93,0
43,94,0.04
43,95,0.04
43,96,0
43,97,0
43,98,0
43,99,0
43,100,0
43,101,0
43,102,0
43,103,0.04
43,104,0.04
43,105,0.04
43,106,0
43,107,0.04
43,108,0.04
43,109,0
43,110,0
43,111,0
43,112,0
43,113,0.16
43,114,0.04
43,115,0.04
43,116,0.08
43,117,0
43,118,0
43,119,0
43,120,0
43,121,0
43,122,0.04
43,123,0.04
43,124,0.04
43,125,0
43,126,0
43,127,0.04
43,128,0.04
43,129,0
43,130,0
43,131,0
43,132,0
43,133,0
43,134,0
43,135,0.04
43,136,0.04
43,137,0.04
43,138,0
43,139,0
43,140,0.08
43,141,0
43,142,0
43,143,0
43,144,0
43,145,0
43,146,0
43,147,0
43,148,0
43,149,0
43,150,0.04
43,151,0.04
43,152,0.04
43,153,0
43,154,0
43,155,0
43,156,0.04
43,157,0
43,158,0.04
43,159,0
43,160,0.56
43,161,0.04
43,162,0
43,163,0.04
43,164,0
43,165,0.04
43,166,0
43,167,0
43,168,0.04
43,169,0
43,170,0.04
43,171,0
43,172,0.04
43,173,0
43,174,0.04
43,175,0
43,176,0
43,177,0.04
43,178,0
43,179,0.04
43,180,0
43,181,0
43,182,0.04
43,183,0.08
43,184,0.08
43,185,0
43,186,0.04
43,187,0
43,188,0
43,189,0.04
43,190,0.04
43,191,0
43,192,0.04
43,193,0
43,194,0.04
43,195,0
43,196,0
43,197,0
43,198,0.08
43,199,0
43,200,0.08
43,201,0
43,202,0
43,203,0.04
43,204,0
43,205,0
43,206,0
43,207,0
43,208,0.04
43,209,0
43,210,0.04
43,211,0.04
43,212,0.04
43,213,0.04
43,214,0.04
43,215,0.04
43,216,0.04
43,217,0
43,218,0.04
43,219,0.04
43,220,0
43,221,0
43,222,0.04
43,223,0
43,224,0
43,225,0
43,226,0.04
43,227,0.04
43,228,0.04
43,229,0
43,230,0
43,231,0
43,232,0.08
43,233,0
43,234,0.04
43,235,0
43,236,0
44,1,0
44,2,0.04
44,3,0.04
44,4,0.04
44,5,0
44,6,0.04
44,7,0.04
44,8,0
44,9,0
44,10,0
44,11,0
44,12,0
44,13,0
44,14,0
44,15,0.04
44,16,0
44,17,0
44,18,0.04
44,19,0.04
44,20,0
44,21,0
44,22,0
44,23,0.04
44,24,0.04
44,25,0.04
44,26,0
44,27,0.04
44,28,0
44,29,0.04
44,30,0
44,31,0
44,32,0.04
44,33,0
44,34,0
44,35,0.04
44,36,0.04
44,37,0
44,38,0
44,39,0.04
44,40,0.04
44,41,0.04
44,42,0.04
44,43,0.04
44,44,0.04
44,45,0.04
44,46,0.04
44,47,0.04
44,48,0.04
44,49,0
44,50,0.04
44,51,0.04
44,52,0
44,53,0
44,54,0
44,55,0
44,56,0
44,57,0
44,58,0
44,59,0
44,60,0
44,61,0.04
44,62,0
44,63,0
44,64,0.04
44,65,0
44,66,0.04
44,67,0.04
44,68,0.04
44,69,0
44,70,0
44,71,0.04
44,72,0
44,73,0
44,74,0
44,75,0
44,76,0
44,77,0.04
44,78,0
44,79,0.04
44,80,0
44,81,0.04
44,82,0
44,83,0.04
44,84,0.04
44,85,0
44,86,0.04
44,87,0.04
44,88,0
44,89,0
44,90,0.04
44,91,0
44,92,0
44,93,0.04
44,94,0.04
44,95,0
44,96,0
44,97,0
44,98,0
44,99,0
44,100,0
44,101,0
44,102,0
44,103,0.04
44,104,0.04
44,105,0.04
44,106,0
44,107,0.04
44,108,0.04
44,109,0
44,110,0
44,111,0
44,112,0
44,113,0.16
44,114,0.04
44,115,0.04
44,116,0
44,117,0
44,118,0
44,119,0.04
44,120,0
44,121,0
44,122,0
44,123,0.04
44,124,0.04
44,125,0
44,126,0
44,127,0.04
44,128,0.04
44,129,0
44,130,0
44,131,0
44,132,0
44,133,0
44,134,0
44,135,0.04
44,136,0.04
44,137,0.04
44,138,0
44,139,0
44,140,0.04
44,141,0
44,142,0
44,143,0
44,144,0
44,145,0
44,146,0
44,147,0
44,148,0
44,149,0
44,150,0
44,151,0
44,152,0
44,153,0
44,154,0
44,155,0.04
44,156,0
44,157,0
44,158,0.04
44,159,0
44,160,0.28
44,161,0
44,162,0
44,163,0.04
44,164,0
44,165,0.04
44,166,0
44,167,0
44,168,0.04
44,169,0
44,170,0.04
44,171,0
44,172,0.04
44,173,0
44,174,0.04
44,175,0
44,176,0
44,177,0.04
44,178,0
44,179,0
44,180,0
44,181,0
44,182,0.04
44,183,0.04
44,184,0
44,185,0.04
44,186,0.04
44,187,0
44,188,0
44,189,0.04
44,190,0.04
44,191,0
44,192,0
44,193,0
44,194,0.04
44,195,0
44,196,0
44,197,0
44,198,0.04
44,199,0
44,200,0.04
44,201,0
44,202,0
44,203,0.04
44,204,0
44,205,0
44,206,0
44,207,0
44,208,0.04
44,209,0
44,210,0.04
44,211,0
44,212,0.04
44,213,0.04
44,214,0.04
44,215,0.04
44,216,0.04
44,217,0
44,218,0
44,219,0
44,220,0.04
44,221,0.04
44,222,0.04
44,223,0
44,224,0
44,225,0
44,226,0.04
44,227,0
44,228,0.04
44,229,0
44,230,0
44,231,0
44,232,0.04
44,233,0
44,234,0.04
44,235,0
44,236,0
45,1,0.04
45,2,0.04
45,3,0.04
45,4,0.04
45,5,0
45,6,0.04
45,7,0.04
45,8,0
45,9,0
45,10,0
45,11,0
45,12,0
45,13,0
45,14,0
45,15,0.04
45,16,0
45,17,0.04
45,18,0
45,19,0.04
45,20,0
45,21,0
45,22,0
45,23,0
45,24,0.04
45,25,0.04
45,26,0
45,27,0.04
45,28,0
45,29,0.04
45,30,0
45,31,0.04
45,32,0
45,33,0
45,34,0
45,35,0
45,36,0
45,37,0
45,38,0
45,39,0
45,40,0
45,41,0
45,42,0
45,43,0
45,44,0.04
45,45,0.04
45,46,0.04
45,47,0
45,48,0
45,49,0
45,50,0.04
45,51,0
45,52,0.04
45,53,0.04
45,54,0.04
45,55,0
45,56,0
45,57,0
45,58,0
45,59,0
45,60,0
45,61,0
45,62,0
45,63,0
45,64,0
45,65,0
45,66,0
45,67,0.04
45,68,0
45,69,0
45,70,0
45,71,0
45,72,0
45,73,0
45,74,0
45,75,0
45,76,0
45,77,0
45,78,0
45,79,0
45,80,0
45,81,0
45,82,0
45,83,0.04
45,84,0.04
45,85,0
45,86,0.04
45,87,0
45,88,0
45,89,0
45,90,0.04
45,91,0
45,92,0
45,93,0.04
45,94,0
45,95,0.04
45,96,0
45,97,0
45,98,0
45,99,0
45,100,0
45,101,0
45,102,0
45,103,0.04
45,104,0.04
45,105,0.04
45,106,0
45,107,0.04
45,108,0.04
45,109,0
45,110,0
45,111,0
45,112,0
45,113,0.08
45,114,0
45,115,0
45,116,0
45,117,0
45,118,0
45,119,0.04
45,120,0
45,121,0
45,122,0.04
45,123,0.04
45,124,0.04
45,125,0
45,126,0
45,127,0.04
45,128,0
45,129,0
45,130,0
45,131,0
45,132,0
45,133,0
45,134,0
45,135,0
45,136,0.04
45,137,0
45,138,0
45,139,0
45,140,0.04
45,141,0
45,142,0
45,143,0
45,144,0
45,145,0
45,146,0.04
45,147,0
45,148,0
45,149,0
45,150,0.04
45,151,0.04
45,152,0
45,153,0
45,154,0
45,155,0.04
45,156,0
45,157,0
45,158,0.04
45,159,0
45,160,0.24
45,161,0
45,162,0
45,163,0.04
45,164,0
45,165,0.04
45,166,0
45,167,0
45,168,0.04
45,169,0
45,170,0
45,171,0
45,172,0
45,173,0
45,174,0.04
45,175,0
45,176,0
45,177,0.04
45,178,0
45,179,0
45,180,0
45,181,0
45,182,0
45,183,0
45,184,0
45,185,0.04
45,186,0.04
45,187,0
45,188,0
45,189,0
45,190,0.04
45,191,0
45,192,0
45,193,0
45,194,0.04
45,195,0
45,196,0
45,197,0
45,198,0.04
45,199,0
45,200,0.04
45,201,0
45,202,0
45,203,0
45,204,0
45,205,0
45,206,0
45,207,0
45,208,0
45,209,0
45,210,0.04
45,211,0.04
45,212,0
45,213,0.04
45,214,0
45,215,0
45,216,0.04
45,217,0.04
45,218,0.04
45,219,0.04
45,220,0
45,221,0.04
45,222,0.04
45,223,0
45,224,0
45,225,0
45,226,0.04
45,227,0
45,228,0
45,229,0
45,230,0
45,231,0
45,232,0.04
45,233,0
45,234,0.04
45,235,0
45,236,0
46,1,0
46,2,0
46,3,0.04
46,4,0
46,5,0
46,6,0.04
46,7,0
46,8,0
46,9,0
46,10,0
46,11,0
46,12,0
46,13,0
46,14,0
46,15,0.04
46,16,0
46,17,0
46,18,0
46,19,0.04
46,20,0
46,21,0
46,22,0
46,23,0.04
46,24,0.04
46,25,0
46,26,0
46,27,0
46,28,0
46,29,0
46,30,0
46,31,0.04
46,32,0
46,33,0
46,34,0
46,35,0
46,36,0
46,37,0
46,38,0
46,39,0
46,40,0
46,41,0.04
46,42,0
46,43,0
46,44,0
46,45,0.04
46,46,0
46,47,0
46,48,0
46,49,0
46,50,0
46,51,0.04
46,52,0.04
46,53,0.04
46,54,0
46,55,0
46,56,0
46,57,0
46,58,0
46,59,0
46,60,0
46,61,0
46,62,0
46,63,0
46,64,0
46,65,0
46,66,0
46,67,0
46,68,0.04
46,69,0
46,70,0
46,71,0
46,72,0
46,73,0
46,74,0
46,75,0
46,76,0
46,77,0
46,78,0
46,79,0.04
46,80,0
46,81,0
46,82,0
46,83,0.04
46,84,0
46,85,0
46,86,0.04
46,87,0.04
46,88,0
46,89,0
46,90,0.04
46,91,0
46,92,0
46,93,0
46,94,0
46,95,0
46,96,0
46,97,0
46,98,0
46,99,0
46,100,0
46,101,0
46,102,0
46,103,0
46,104,0
46,105,0
46,106,0
46,107,0.04
46,108,0.04
46,109,0
46,110,0
46,111,0
46,112,0
46,113,0.12
46,114,0
46,115,0
46,116,0.04
46,117,0
46,118,0
46,119,0
46,120,0
46,121,0
46,122,0.04
46,123,0
46,124,0
46,125,0
46,126,0
46,127,0
46,128,0.04
46,129,0
46,130,0
46,131,0
46,132,0
46,133,0
46,134,0
46,135,0.04
46,136,0
46,137,0.04
46,138,0
46,139,0
46,140,0.04
46,141,0
46,142,0
46,143,0
46,144,0
46,145,0
46,146,0.04
46,147,0
46,148,0
46,149,0
46,150,0.04
46,151,0
46,152,0.04
46,153,0
46,154,0
46,155,0
46,156,0
46,157,0
46,158,0
46,159,0
46,160,0.2
46,161,0
46,162,0
46,163,0
46,164,0
46,165,0
46,166,0
46,167,0
46,168,0
46,169,0
46,170,0
46,171,0
46,172,0.04
46,173,0
46,174,0.04
46,175,0
46,176,0
46,177,0
46,178,0
46,179,0
46,180,0
46,181,0
46,182,0.04
46,183,0
46,184,0.04
46,185,0
46,186,0
46,187,0
46,188,0
46,189,0
46,190,0
46,191,0
46,192,0
46,193,0
46,194,0
46,195,0
46,196,0
46,197,0
46,198,0.04
46,199,0
46,200,0.04
46,201,0
46,202,0
46,203,0.04
46,204,0
46,205,0
46,206,0
46,207,0
46,208,0.04
46,209,0
46,210,0
46,211,0
46,212,0.04
46,213,0.04
46,214,0
46,215,0
46,216,0.04
46,217,0.04
46,218,0
46,219,0
46,220,0.04
46,221,0.04
46,222,0.04
46,223,0
46,224,0
46,225,0
46,226,0.04
46,227,0.04
46,228,0
46,229,0
46,230,0
46,231,0
46,232,0.04
46,233,0
46,234,0
46,235,0
46,236,0
47,1,0
47,2,0.04
47,3,0
47,4,0
47,5,0
47,6,0
47,7,0
47,8,0
47,9,0
47,10,0
47,11,0
47,12,0
47,13,0
47,14,0
47,15,0
47,16,0
47,17,0
47,18,0
47,19,0
47,20,0
47,21,0
47,22,0
47,23,0
47,24,0
47,25,0
47,26,0
47,27,0
47,28,0
47,29,0.04
47,30,0
47,31,0
47,32,0
47,33,0
47,34,0
47,35,0
47,36,0
47,37,0
47,38,0
47,39,0
47,40,0.04
47,41,0
47,42,0
47,43,0
47,44,0.04
47,45,0.04
47,46,0
47,47,0
47,48,0
47,49,0
47,50,0
47,51,0
47,52,0
47,53,0
47,54,0
47,55,0
47,56,0
47,57,0
47,58,0
47,59,0
47,60,0
47,61,0.04
47,62,0
47,63,0
47,64,0
47,65,0
47,66,0
47,67,0
47,68,0
47,69,0
47,70,0
47,71,0
47,72,0
47,73,0
47,74,0
47,75,0
47,76,0
47,77,0.04
47,78,0
47,79,0.04
47,80,0
47,81,0
47,82,0
47,83,0.04
47,84,0.04
47,85,0
47,86,0
47,87,0
47,88,0
47,89,0
47,90,0
47,91,0
47,92,0
47,93,0
47,94,0
47,95,0
47,96,0
47,97,0
47,98,0
47,99,0
47,100,0
47,101,0
47,102,0
47,103,0
47,104,0.04
47,105,0
47,106,0
47,107,0
47,108,0.04
47,109,0
47,110,0
47,111,0
47,112,0
47,113,0.12
47,114,0
47,115,0.04
47,116,0
47,117,0
47,118,0
47,119,0
47,120,0
47,121,0
47,122,0
47,123,0
47,124,0
47,125,0
47,126,0
47,127,0
47,128,0
47,129,0
47,130,0
47,131,0
47,132,0
47,133,0
47,134,0
47,135,0
47,136,0
47,137,0.04
47,138,0
47,139,0
47,140,0
47,141,0
47,142,0
47,143,0
47,144,0
47,145,0
47,146,0.04
47,147,0
47,148,0
47,149,0
47,150,0
47,151,0
47,152,0.04
47,153,0
47,154,0
47,155,0
47,156,0
47,157,0
47,158,0
47,159,0
47,160,0.16
47,161,0.04
47,162,0
47,163,0
47,164,0
47,165,0
47,166,0
47,167,0
47,168,0
47,169,0
47,170,0
47,171,0
47,172,0
47,173,0
47,174,0.04
47,175,0
47,176,0
47,177,0.04
47,178,0
47,179,0
47,180,0
47,181,0
47,182,0
47,183,0
47,184,0
47,185,0
47,186,0
47,187,0
47,188,0
47,189,0
47,190,0
47,191,0
47,192,0
47,193,0
47,194,0.04
47,195,0
47,196,0
47,197,0
47,198,0.04
47,199,0
47,200,0
47,201,0
47,202,0
47,203,0
47,204,0
47,205,0
47,206,0
47,207,0
47,208,0
47,209,0
47,210,0.04
47,211,0.04
47,212,0
47,213,0
47,214,0.04
47,215,0
47,216,0
47,217,0.04
47,218,0
47,219,0
47,220,0.04
47,221,0
47,222,0.04
47,223,0
47,224,0
47,225,0
47,226,0
47,227,0
47,228,0
47,229,0
47,230,0
47,231,0
47,232,0
47,233,0
47,234,0.04
47,235,0
47,236,0
48,1,0
48,2,0
48,3,0
48,4,0
48,5,0
48,6,0
48,7,0
48,8,0
48,9,0
48,10,0
48,11,0
48,12,0
48,13,0
48,14,0.04
48,15,0
48,16,0
48,17,0
48,18,0
48,19,0
48,20,0
48,21,0
48,22,0
48,23,0
48,24,0
48,25,0
48,26,0
48,27,0
48,28,0
48,29,0
48,30,0
48,31,0
48,32,0
48,33,0
48,34,0
48,35,0
48,36,0
48,37,0
48,38,0
48,39,0
48,40,0
48,41,0
48,42,0
48,43,0
48,44,0
48,45,0
48,46,0
48,47,0
48,48,0
48,49,0
48,50,0
48,51,0
48,52,0
48,53,0
48,54,0
48,55,0
48,56,0
48,57,0
48,58,0
48,59,0
48,60,0
48,61,0
48,62,0
48,63,0
48,64,0
48,65,0
48,66,0.04
48,67,0
48,68,0
48,69,0
48,70,0
48,71,0
48,72,0
48,73,0
48,74,0
48,75,0
48,76,0
48,77,0
48,78,0
48,79,0
48,80,0
48,81,0
48,82,0
48,83,0
48,84,0.04
48,85,0
48,86,0
48,87,0
48,88,0
48,89,0
48,90,0.04
48,91,0
48,92,0
48,93,0
48,94,0
48,95,0
48,96,0
48,97,0
48,98,0
48,99,0
48,100,0
48,101,0
48,102,0
48,103,0
48,104,0
48,105,0
48,106,0
48,107,0.04
48,108,0
48,109,0
48,110,0
48,111,0
48,112,0
48,113,0.08
48,114,0.04
48,115,0.04
48,116,0.04
48,117,0
48,118,0
48,119,0
48,120,0
48,121,0
48,122,0
48,123,0
48,124,0
48,125,0
48,126,0
48,127,0
48,128,0
48,129,0
48,130,0
48,131,0
48,132,0
48,133,0
48,134,0
48,135,0
48,136,0.04
48,137,0
48,138,0
48,139,0
48,140,0
48,141,0
48,142,0
48,143,0
48,144,0
48,145,0
48,146,0.04
48,147,0
48,148,0
48,149,0
48,150,0
48,151,0
48,152,0
48,153,0
48,154,0
48,155,0
48,156,0.04
48,157,0
48,158,0.04
48,159,0
48,160,0.12
48,161,0.04
48,162,0
48,163,0
48,164,0
48,165,0
48,166,0
48,167,0
48,168,0
48,169,0
48,170,0.04
48,171,0
48,172,0
48,173,0
48,174,0
48,175,0
48,176,0
48,177,0.04
48,178,0
48,179,0
48,180,0
48,181,0
48,182,0
48,183,0
48,184,0
48,185,0
48,186,0
48,187,0
48,188,0
48,189,0
48,190,0
48,191,0
48,192,0
48,193,0
48,194,0
48,195,0
48,196,0
48,197,0
48,198,0
48,199,0
48,200,0.04
48,201,0
48,202,0
48,203,0.04
48,204,0
48,205,0
48,206,0
48,207,0
48,208,0
48,209,0
48,210,0
48,211,0
48,212,0.04
48,213,0
48,214,0
48,215,0
48,216,0
48,217,0.04
48,218,0.04
48,219,0
48,220,0.04
48,221,0
48,222,0
48,223,0
48,224,0
48,225,0
48,226,0
48,227,0
48,228,0
48,229,0
48,230,0
48,231,0
48,232,0
48,233,0
48,234,0
48,235,0
48,236,0
49,1,0
49,2,0
49,3,0
49,4,0
49,5,0
49,6,0
49,7,0
49,8,0
49,9,0
49,10,0
49,11,0
49,12,0
49,13,0
49,14,0
49,15,0
49,16,0
49,17,0
49,18,0
49,19,0
49,20,0
49,21,0
49,22,0
49,23,0
49,24,0.04
49,25,0
49,26,0
49,27,0
49,28,0
49,29,0
49,30,0
49,31,0
49,32,0
49,33,0
49,34,0
49,35,0
49,36,0
49,37,0
49,38,0
49,39,0
49,40,0
49,41,0
49,42,0
49,43,0
49,44,0
49,45,0
49,46,0
49,47,0.04
49,48,0.04
49,49,0
49,50,0
49,51,0
49,52,0.04
49,53,0
49,54,0
49,55,0
49,56,0
49,57,0
49,58,0
49,59,0
49,60,0
49,61,0
49,62,0
49,63,0
49,64,0
49,65,0
49,66,0
49,67,0
49,68,0
49,69,0
49,70,0
49,71,0
49,72,0
49,73,0
49,74,0
49,75,0
49,76,0
49,77,0
49,78,0
49,79,0
49,80,0
49,81,0
49,82,0
49,83,0
49,84,0
49,85,0
49,86,0.04
49,87,0
49,88,0
49,89,0
49,90,0.04
49,91,0
49,92,0
49,93,0
49,94,0
49,95,0
49,96,0
49,97,0
49,98,0
49,99,0
49,100,0
49,101,0
49,102,0
49,103,0
49,104,0
49,105,0
49,106,0
49,107,0
49,108,0
49,109,0
49,110,0
49,111,0
49,112,0
49,113,0.08
49,114,0.04
49,115,0
49,116,0
49,117,0
49,118,0
49,119,0.04
49,120,0
49,121,0
49,122,0
49,123,0
49,124,0
49,125,0
49,126,0
49,127,0
49,128,0
49,129,0
49,130,0
49,131,0
49,132,0
49,133,0
49,134,0
49,135,0
49,136,0.04
49,137,0
49,138,0
49,139,0
49,140,0
49,141,0
49,142,0
49,143,0
49,144,0
49,145,0
49,146,0.04
49,147,0
49,148,0
49,149,0
49,150,0
49,151,0
49,152,0
49,153,0
49,154,0
49,155,0
49,156,0
49,157,0
49,158,0
49,159,0
49,160,0.12
49,161,0
49,162,0
49,163,0
49,164,0
49,165,0
49,166,0
49,167,0
49,168,0
49,169,0
49,170,0
49,171,0
49,172,0
49,173,0
49,174,0
49,175,0
49,176,0
49,177,0
49,178,0
49,179,0
49,180,0
49,181,0
49,182,0
49,183,0
49,184,0
49,185,0
49,186,0
49,187,0
49,188,0
49,189,0
49,190,0
49,191,0
49,192,0
49,193,0
49,194,0
49,195,0
49,196,0
49,197,0
49,198,0
49,199,0
49,200,0
49,201,0
49,202,0
49,203,0
49,204,0
49,205,0
49,206,0
49,207,0
49,208,0
49,209,0
49,210,0
49,211,0
49,212,0
49,213,0
49,214,0
49,215,0
49,216,0
49,217,0
49,218,0
49,219,0.04
49,220,0
49,221,0
49,222,0
49,223,0
49,224,0
49,225,0
49,226,0
49,227,0
49,228,0
49,229,0
49,230,0
49,231,0
49,232,0.04
49,233,0
49,234,0
49,235,0
49,236,0
50,1,0
50,2,0
50,3,0
50,4,0
50,5,0
50,6,0
50,7,0
50,8,0
50,9,0
50,10,0
50,11,0
50,12,0
50,13,0
50,14,0
50,15,0
50,16,0
50,17,0
50,18,0
50,19,0
50,20,0
50,21,0
50,22,0
50,23,0
50,24,0
50,25,0
50,26,0
50,27,0
50,28,0
50,29,0
50,30,0
50,31,0
50,32,0
50,33,0
50,34,0
50,35,0
50,36,0
50,37,0
50,38,0
50,39,0
50,40,0
50,41,0
50,42,0
50,43,0
50,44,0
50,45,0
50,46,0
50,47,0
50,48,0
50,49,0
50,50,0
50,51,0
50,52,0.04
50,53,0
50,54,0
50,55,0
50,56,0
50,57,0
50,58,0
50,59,0
50,60,0
50,61,0
50,62,0
50,63,0
50,64,0
50,65,0
50,66,0
50,67,0
50,68,0
50,69,0
50,70,0
50,71,0
50,72,0
50,73,0
50,74,0
50,75,0
50,76,0
50,77,0
50,78,0
50,79,0
50,80,0
50,81,0
50,82,0
50,83,0.04
50,84,0
50,85,0
50,86,0
50,87,0
50,88,0
50,89,0
50,90,0
50,91,0
50,92,0
50,93,0
50,94,0
50,95,0
50,96,0
50,97,0
50,98,0
50,99,0
50,100,0
50,101,0
50,102,0
50,103,0
50,104,0.04
50,105,0
50,106,0
50,107,0
50,108,0
50,109,0
50,110,0
50,111,0
50,112,0
50,113,0.04
50,114,0
50,115,0
50,116,0.04
50,117,0
50,118,0
50,119,0
50,120,0
50,121,0
50,122,0
50,123,0
50,124,0
50,125,0
50,126,0
50,127,0
50,128,0
50,129,0
50,130,0
50,131,0
50,132,0
50,133,0
50,134,0
50,135,0
50,136,0
50,137,0
50,138,0
50,139,0
50,140,0.04
50,141,0
50,142,0
50,143,0
50,144,0
50,145,0
50,146,0
50,147,0
50,148,0
50,149,0
50,150,0
50,151,0
50,152,0.04
50,153,0
50,154,0
50,155,0
50,156,0
50,157,0
50,158,0
50,159,0
50,160,0.08
50,161,0
50,162,0
50,163,0
50,164,0
50,165,0
50,166,0
50,167,0
50,168,0
50,169,0
50,170,0
50,171,0
50,172,0
50,173,0
50,174,0
50,175,0
50,176,0
50,177,0
50,178,0
50,179,0
50,180,0
50,181,0
50,182,0
50,183,0
50,184,0
50,185,0
50,186,0
50,187,0
50,188,0
50,189,0
50,190,0
50,191,0
50,192,0
50,193,0
50,194,0.04
50,195,0
50,196,0
50,197,0
50,198,0
50,199,0
50,200,0
50,201,0
50,202,0
50,203,0.04
50,204,0
50,205,0
50,206,0
50,207,0
50,208,0
50,209,0
50,210,0
50,211,0
50,212,0
50,213,0
50,214,0.04
50,215,0
50,216,0
50,217,0
50,218,0
50,219,0
50,220,0
50,221,0
50,222,0
50,223,0
50,224,0
50,225,0
50,226,0
50,227,0
50,228,0
50,229,0
50,230,0
50,231,0
50,232,0
50,233,0
50,234,0.04
50,235,0
50,236,0
51,1,0
51,2,0
51,3,0
51,4,0
51,5,0
51,6,0
51,7,0
51,8,0
51,9,0
51,10,0
51,11,0
51,12,0
51,13,0
51,14,0
51,15,0
51,16,0
51,17,0
51,18,0
51,19,0
51,20,0
51,21,0
51,22,0
51,23,0
51,24,0
51,25,0
51,26,0
51,27,0
51,28,0
51,29,0
51,30,0
51,31,0
51,32,0
51,33,0
51,34,0
51,35,0
51,36,0
51,37,0
51,38,0
51,39,0
51,40,0
51,41,0
51,42,0
51,43,0
51,44,0
51,45,0
51,46,0
51,47,0
51,48,0
51,49,0
51,50,0
51,51,0
51,52,0
51,53,0
51,54,0
51,55,0
51,56,0
51,57,0
51,58,0
51,59,0
51,60,0
51,61,0
51,62,0
51,63,0
51,64,0
51,65,0
51,66,0
51,67,0
51,68,0
51,69,0
51,70,0
51,71,0
51,72,0
51,73,0
51,74,0
51,75,0
51,76,0
51,77,0
51,78,0
51,79,0
51,80,0
51,81,0
51,82,0
51,83,0
51,84,0
51,85,0
51,86,0
51,87,0
51,88,0
51,89,0
51,90,0.04
51,91,0
51,92,0
51,93,0
51,94,0
51,95,0
51,96,0
51,97,0
51,98,0
51,99,0
51,100,0
51,101,0
51,102,0
51,103,0
51,104,0
51,105,0
51,106,0
51,107,0
51,108,0
51,109,0
51,110,0
51,111,0
51,112,0
51,113,0.08
51,114,0
51,115,0
51,116,0
51,117,0
51,118,0
51,119,0
51,120,0
51,121,0
51,122,0
51,123,0
51,124,0
51,125,0
51,126,0
51,127,0
51,128,0
51,129,0
51,130,0
51,131,0
51,132,0
51,133,0
51,134,0
51,135,0
51,136,0.04
51,137,0
51,138,0
51,139,0
51,140,0
51,141,0
51,142,0
51,143,0
51,144,0
51,145,0
51,146,0
51,147,0
51,148,0
51,149,0
51,150,0
51,151,0
51,152,0
51,153,0
51,154,0
51,155,0
51,156,0
51,157,0
51,158,0.04
51,159,0
51,160,0.04
51,161,0
51,162,0
51,163,0
51,164,0
51,165,0
51,166,0
51,167,0
51,168,0
51,169,0
51,170,0.04
51,171,0
51,172,0
51,173,0
51,174,0
51,175,0
51,176,0
51,177,0
51,178,0
51,179,0
51,180,0
51,181,0
51,182,0
51,183,0
51,184,0
51,185,0
51,186,0
51,187,0
51,188,0
51,189,0
51,190,0
51,191,0
51,192,0
51,193,0
51,194,0
51,195,0
51,196,0
51,197,0
51,198,0
51,199,0
51,200,0
51,201,0
51,202,0
51,203,0
51,204,0
51,205,0
51,206,0
51,207,0
51,208,0
51,209,0
51,210,0
51,211,0
51,212,0
51,213,0
51,214,0
51,215,0
51,216,0
51,217,0
51,218,0
51,219,0
51,220,0
51,221,0
51,222,0
51,223,0
51,224,0
51,225,0
51,226,0
51,227,0.04
51,228,0
51,229,0
51,230,0
51,231,0
51,232,0
51,233,0
51,234,0
51,235,0
51,236,0
52,1,0
52,2,0
52,3,0
52,4,0
52,5,0
52,6,0
52,7,0
52,8,0
52,9,0
52,10,0
52,11,0
52,12,0
52,13,0
52,14,0
52,15,0
52,16,0
52,17,0
52,18,0
52,19,0
52,20,0
52,21,0
52,22,0
52,23,0
52,24,0
52,25,0
52,26,0
52,27,0
52,28,0
52,29,0
52,30,0
52,31,0
52,32,0
52,33,0
52,34,0
52,35,0
52,36,0
52,37,0
52,38,0
52,39,0
52,40,0
52,41,0
52,42,0
52,43,0
52,44,0
52,45,0
52,46,0
52,47,0
52,48,0
52,49,0
52,50,0
52,51,0
52,52,0
52,53,0
52,54,0
52,55,0
52,56,0
52,57,0
52,58,0
52,59,0
52,60,0
52,61,0
52,62,0
52,63,0
52,64,0
52,65,0
52,66,0
52,67,0
52,68,0
52,69,0
52,70,0
52,71,0
52,72,0
52,73,0
52,74,0
52,75,0
52,76,0
52,77,0
52,78,0
52,79,0
52,80,0
52,81,0
52,82,0
52,83,0
52,84,0
52,85,0
52,86,0
52,87,0
52,88,0
52,89,0
52,90,0
52,91,0
52,92,0
52,93,0
52,94,0
52,95,0
52,96,0
52,97,0
52,98,0
52,99,0
52,100,0
52,101,0
52,102,0
52,103,0
52,104,0
52,105,0
52,106,0
52,107,0
52,108,0
52,109,0
52,110,0
52,111,0
52,112,0
52,113,0
52,114,0
52,115,0
52,116,0
52,117,0
52,118,0
52,119,0
52,120,0
52,121,0
52,122,0
52,123,0
52,124,0
52,125,0
52,126,0
52,127,0
52,128,0
52,129,0
52,130,0
52,131,0
52,132,0
52,133,0
52,134,0
52,135,0
52,136,0
52,137,0
52,138,0
52,139,0
52,140,0
52,141,0
52,142,0
52,143,0
52,144,0
52,145,0
52,146,0
52,147,0
52,148,0
52,149,0
52,150,0
52,151,0
52,152,0
52,153,0
52,154,0
52,155,0
52,156,0
52,157,0
52,158,0
52,159,0
52,160,0
52,161,0
52,162,0
52,163,0
52,164,0
52,165,0
52,166,0
52,167,0
52,168,0
52,169,0
52,170,0
52,171,0
52,172,0
52,173,0
52,174,0
52,175,0
52,176,0
52,177,0.04
52,178,0
52,179,0
52,180,0
52,181,0
52,182,0
52,183,0
52,184,0
52,185,0
52,186,0
52,187,0
52,188,0
52,189,0
52,190,0
52,191,0
52,192,0
52,193,0
52,194,0
52,195,0
52,196,0
52,197,0
52,198,0
52,199,0
52,200,0.04
52,201,0
52,202,0
52,203,0
52,204,0
52,205,0
52,206,0
52,207,0
52,208,0
52,209,0
52,210,0
52,211,0
52,212,0
52,213,0.04
52,214,0
52,215,0
52,216,0
52,217,0
52,218,0
52,219,0
52,220,0
52,221,0
52,222,0
52,223,0
52,224,0
52,225,0
52,226,0
52,227,0.04
52,228,0
52,229,0
52,230,0
52,231,0
52,232,0
52,233,0
52,234,0
52,235,0
52,236,0
53,1,0
53,2,0
53,3,0
53,4,0
53,5,0
53,6,0
53,7,0
53,8,0
53,9,0
53,10,0
53,11,0
53,12,0
53,13,0
53,14,0
53,15,0
53,16,0
53,17,0
53,18,0
53,19,0
53,20,0
53,21,0
53,22,0
53,23,0
53,24,0
53,25,0
53,26,0
53,27,0
53,28,0
53,29,0
53,30,0
53,31,0
53,32,0
53,33,0
53,34,0
53,35,0
53,36,0
53,37,0
53,38,0
53,39,0
53,40,0
53,41,0
53,42,0
53,43,0
53,44,0
53,45,0
53,46,0
53,47,0
53,48,0
53,49,0
53,50,0
53,51,0
53,52,0
53,53,0
53,54,0
53,55,0
53,56,0
53,57,0
53,58,0
53,59,0
53,60,0
53,61,0
53,62,0
53,63,0
53,64,0
53,65,0
53,66,0
53,67,0
53,68,0
53,69,0
53,70,0
53,71,0
53,72,0
53,73,0
53,74,0
53,75,0
53,76,0
53,77,0
53,78,0
53,79,0
53,80,0
53,81,0
53,82,0
53,83,0.04
53,84,0
53,85,0
53,86,0
53,87,0
53,88,0
53,89,0
53,90,0
53,91,0
53,92,0
53,93,0
53,94,0
53,95,0
53,96,0
53,97,0
53,98,0
53,99,0
53,100,0
53,101,0
53,102,0
53,103,0
53,104,0.04
53,105,0
53,106,0
53,107,0
53,108,0
53,109,0
53,110,0
53,111,0
53,112,0
53,113,0
53,114,0
53,115,0
53,116,0
53,117,0
53,118,0.04
53,119,0
53,120,0
53,121,0
53,122,0
53,123,0
53,124,0
53,125,0
53,126,0
53,127,0
53,128,0
53,129,0
53,130,0
53,131,0
53,132,0
53,133,0
53,134,0
53,135,0
53,136,0
53,137,0
53,138,0
53,139,0
53,140,0
53,141,0
53,142,0
53,143,0
53,144,0
53,145,0
53,146,0
53,147,0
53,148,0
53,149,0
53,150,0
53,151,0
53,152,0
53,153,0
53,154,0
53,155,0
53,156,0
53,157,0
53,158,0
53,159,0
53,160,0
53,161,0
53,162,0
53,163,0
53,164,0
53,165,0
53,166,0
53,167,0
53,168,0
53,169,0
53,170,0
53,171,0
53,172,0
53,173,0
53,174,0
53,175,0
53,176,0
53,177,0
53,178,0
53,179,0
53,180,0
53,181,0
53,182,0
53,183,0
53,184,0
53,185,0
53,186,0
53,187,0
53,188,0
53,189,0
53,190,0
53,191,0
53,192,0
53,193,0
53,194,0
53,195,0
53,196,0
53,197,0
53,198,0
53,199,0
53,200,0
53,201,0
53,202,0
53,203,0
53,204,0
53,205,0
53,206,0
53,207,0
53,208,0
53,209,0
53,210,0
53,211,0
53,212,0
53,213,0
53,214,0
53,215,0
53,216,0
53,217,0
53,218,0
53,219,0
53,220,0
53,221,0
53,222,0
53,223,0
53,224,0
53,225,0
53,226,0
53,227,0
53,228,0
53,229,0
53,230,0
53,231,0
53,232,0
53,233,0
53,234,0
53,235,0
53,236,0
54,1,0
54,2,0
54,3,0
54,4,0
54,5,0
54,6,0
54,7,0
54,8,0
54,9,0
54,10,0
54,11,0
54,12,0
54,13,0
54,14,0
54,15,0
54,16,0
54,17,0
54,18,0
54,19,0
54,20,0
54,21,0
54,22,0
54,23,0
54,24,0
54,25,0
54,26,0
54,27,0
54,28,0
54,29,0
54,30,0
54,31,0
54,32,0
54,33,0
54,34,0
54,35,0
54,36,0
54,37,0
54,38,0
54,39,0
54,40,0
54,41,0
54,42,0
54,43,0
54,44,0
54,45,0
54,46,0
54,47,0
54,48,0
54,49,0
54,50,0
54,51,0
54,52,0
54,53,0
54,54,0
54,55,0
54,56,0
54,57,0
54,58,0
54,59,0
54,60,0
54,61,0
54,62,0
54,63,0
54,64,0
54,65,0
54,66,0
54,67,0
54,68,0
54,69,0
54,70,0
54,71,0
54,72,0
54,73,0
54,74,0
54,75,0
54,76,0
54,77,0
54,78,0
54,79,0
54,80,0
54,81,0
54,82,0
54,83,0
54,84,0
54,85,0
54,86,0
54,87,0
54,88,0
54,89,0
54,90,0
54,91,0
54,92,0
54,93,0
54,94,0
54,95,0
54,96,0
54,97,0
54,98,0
54,99,0
54,100,0
54,101,0
54,102,0
54,103,0
54,104,0
54,105,0
54,106,0
54,107,0
54,108,0
54,109,0
54,110,0
54,111,0
54,112,0
54,113,0.04
54,114,0
54,115,0
54,116,0
54,117,0
54,118,0.04
54,119,0
54,120,0
54,121,0
54,122,0
54,123,0
54,124,0
54,125,0
54,126,0
54,127,0
54,128,0
54,129,0
54,130,0
54,131,0
54,132,0
54,133,0
54,134,0
54,135,0
54,136,0
54,137,0
54,138,0
54,139,0
54,140,0
54,141,0
54,142,0
54,143,0
54,144,0
54,145,0
54,146,0
54,147,0
54,148,0
54,149,0
54,150,0
54,151,0
54,152,0
54,153,0
54,154,0
54,155,0
54,156,0
54,157,0
54,158,0
54,159,0
54,160,0
54,161,0
54,162,0
54,163,0
54,164,0
54,165,0
54,166,0
54,167,0
54,168,0
54,169,0
54,170,0
54,171,0
54,172,0
54,173,0
54,174,0
54,175,0
54,176,0
54,177,0
54,178,0
54,179,0
54,180,0
54,181,0
54,182,0
54,183,0
54,184,0
54,185,0
54,186,0
54,187,0
54,188,0
54,189,0
54,190,0
54,191,0
54,192,0
54,193,0
54,194,0
54,195,0
54,196,0
54,197,0
54,198,0
54,199,0
54,200,0
54,201,0
54,202,0
54,203,0
54,204,0
54,205,0
54,206,0
54,207,0
54,208,0
54,209,0
54,210,0
54,211,0
54,212,0
54,213,0
54,214,0
54,215,0
54,216,0
54,217,0
54,218,0
54,219,0
54,220,0
54,221,0
54,222,0
54,223,0
54,224,0
54,225,0
54,226,0
54,227,0
54,228,0
54,229,0
54,230,0
54,231,0
54,232,0
54,233,0
54,234,0
54,235,0
54,236,0
55,1,0
55,2,0
55,3,0
55,4,0
55,5,0
55,6,0
55,7,0
55,8,0
55,9,0
55,10,0
55,11,0
55,12,0
55,13,0
55,14,0
55,15,0
55,16,0
55,17,0
55,18,0
55,19,0
55,20,0
55,21,0
55,22,0
55,23,0
55,24,0
55,25,0
55,26,0
55,27,0
55,28,0
55,29,0
55,30,0
55,31,0
55,32,0
55,33,0
55,34,0
55,35,0
55,36,0
55,37,0
55,38,0
55,39,0
55,40,0
55,41,0
55,42,0
55,43,0
55,44,0
55,45,0
55,46,0
55,47,0
55,48,0
55,49,0
55,50,0
55,51,0
55,52,0
55,53,0
55,54,0
55,55,0
55,56,0
55,57,0
55,58,0
55,59,0
55,60,0
55,61,0
55,62,0
55,63,0
55,64,0
55,65,0
55,66,0
55,67,0
55,68,0
55,69,0
55,70,0
55,71,0
55,72,0
55,73,0
55,74,0
55,75,0
55,76,0
55,77,0
55,78,0
55,79,0
55,80,0
55,81,0
55,82,0
55,83,0
55,84,0
55,85,0
55,86,0
55,87,0
55,88,0
55,89,0
55,90,0
55,91,0
55,92,0
55,93,0
55,94,0
55,95,0
55,96,0
55,97,0
55,98,0
55,99,0
55,100,0
55,101,0
55,102,0
55,103,0
55,104,0
55,105,0
55,106,0
55,107,0
55,108,0
55,109,0
55,110,0
55,111,0
55,112,0
55,113,0
55,114,0
55,115,0
55,116,0
55,117,0
55,118,0
55,119,0
55,120,0
55,121,0
55,122,0
55,123,0
55,124,0
55,125,0
55,126,0
55,127,0
55,128,0
55,129,0
55,130,0
55,131,0
55,132,0
55,133,0
55,134,0
55,135,0
55,136,0
55,137,0
55,138,0
55,139,0
55,140,0
55,141,0
55,142,0
55,143,0
55,144,0
55,145,0
55,146,0
55,147,0
55,148,0
55,149,0
55,150,0
55,151,0
55,152,0
55,153,0
55,154,0
55,155,0
55,156,0
55,157,0
55,158,0
55,159,0
55,160,0
55,161,0
55,162,0
55,163,0
55,164,0
55,165,0
55,166,0
55,167,0
55,168,0
55,169,0
55,170,0
55,171,0
55,172,0
55,173,0
55,174,0
55,175,0
55,176,0
55,177,0
55,178,0
55,179,0
55,180,0
55,181,0
55,182,0
55,183,0
55,184,0
55,185,0
55,186,0
55,187,0
55,188,0
55,189,0
55,190,0
55,191,0
55,192,0
55,193,0
55,194,0
55,195,0
55,196,0
55,197,0
55,198,0
55,199,0
55,200,0
55,201,0
55,202,0
55,203,0
55,204,0
55,205,0
55,206,0
55,207,0
55,208,0
55,209,0
55,210,0
55,211,0
55,212,0
55,213,0
55,214,0
55,215,0
55,216,0
55,217,0
55,218,0
55,219,0
55,220,0
55,221,0
55,222,0
55,223,0
55,224,0
55,225,0
55,226,0
55,227,0
55,228,0
55,229,0
55,230,0
55,231,0
55,232,0
55,233,0
55,234,0
55,235,0
55,236,0
56,1,0
56,2,0
56,3,0
56,4,0
56,5,0
56,6,0
56,7,0
56,8,0
56,9,0
56,10,0
56,11,0
56,12,0
56,13,0
56,14,0
56,15,0
56,16,0
56,17,0
56,18,0
56,19,0
56,20,0
56,21,0
56,22,0
56,23,0
56,24,0
56,25,0
56,26,0
56,27,0
56,28,0
56,29,0
56,30,0
56,31,0
56,32,0
56,33,0
56,34,0
56,35,0
56,36,0
56,37,0
56,38,0
56,39,0
56,40,0
56,41,0
56,42,0
56,43,0
56,44,0
56,45,0
56,46,0
56,47,0
56,48,0
56,49,0
56,50,0
56,51,0
56,52,0
56,53,0
56,54,0
56,55,0
56,56,0
56,57,0
56,58,0
56,59,0
56,60,0
56,61,0
56,62,0
56,63,0
56,64,0
56,65,0
56,66,0
56,67,0
56,68,0
56,69,0
56,70,0
56,71,0
56,72,0
56,73,0
56,74,0
56,75,0
56,76,0
56,77,0
56,78,0
56,79,0
56,80,0
56,81,0
56,82,0
56,83,0
56,84,0
56,85,0
56,86,0
56,87,0
56,88,0
56,89,0
56,90,0
56,91,0
56,92,0
56,93,0
56,94,0
56,95,0
56,96,0
56,97,0
56,98,0
56,99,0
56,100,0
56,101,0
56,102,0
56,103,0
56,104,0
56,105,0
56,106,0
56,107,0
56,108,0
56,109,0
56,110,0
56,111,0
56,112,0
56,113,0
56,114,0
56,115,0
56,116,0
56,117,0
56,118,0
56,119,0
56,120,0
56,121,0
56,122,0
56,123,0
56,124,0
56,125,0
56,126,0
56,127,0
56,128,0
56,129,0
56,130,0
56,131,0
56,132,0
56,133,0
56,134,0
56,135,0
56,136,0
56,137,0
56,138,0
56,139,0
56,140,0
56,141,0
56,142,0
56,143,0
56,144,0
56,145,0
56,146,0
56,147,0
56,148,0
56,149,0
56,150,0
56,151,0
56,152,0
56,153,0
56,154,0
56,155,0
56,156,0
56,157,0
56,158,0
56,159,0
56,160,0
56,161,0
56,162,0
56,163,0
56,164,0
56,165,0
56,166,0
56,167,0
56,168,0
56,169,0
56,170,0
56,171,0
56,172,0
56,173,0
56,174,0
56,175,0
56,176,0
56,177,0
56,178,0
56,179,0
56,180,0
56,181,0
56,182,0
56,183,0
56,184,0
56,185,0
56,186,0
56,187,0
56,188,0
56,189,0
56,190,0
56,191,0
56,192,0
56,193,0
56,194,0
56,195,0
56,196,0
56,197,0
56,198,0
56,199,0
56,200,0
56,201,0
56,202,0
56,203,0
56,204,0
56,205,0
56,206,0
56,207,0
56,208,0
56,209,0
56,210,0
56,211,0
56,212,0
56,213,0
56,214,0
56,215,0
56,216,0
56,217,0
56,218,0
56,219,0
56,220,0
56,221,0
56,222,0
56,223,0
56,224,0
56,225,0
56,226,0
56,227,0
56,228,0
56,229,0
56,230,0
56,231,0
56,232,0
56,233,0
56,234,0
56,235,0
56,236,0
57,1,0
57,2,0
57,3,0
57,4,0
57,5,0
57,6,0
57,7,0
57,8,0
57,9,0
57,10,0
57,11,0
57,12,0
57,13,0
57,14,0
57,15,0
57,16,0
57,17,0
57,18,0
57,19,0
57,20,0
57,21,0
57,22,0
57,23,0
57,24,0
57,25,0
57,26,0
57,27,0
57,28,0
57,29,0
57,30,0
57,31,0
57,32,0
57,33,0
57,34,0
57,35,0
57,36,0
57,37,0
57,38,0
57,39,0
57,40,0
57,41,0
57,42,0
57,43,0
57,44,0
57,45,0
57,46,0
57,47,0
57,48,0
57,49,0
57,50,0
57,51,0
57,52,0
57,53,0
57,54,0
57,55,0
57,56,0
57,57,0
57,58,0
57,59,0
57,60,0
57,61,0
57,62,0
57,63,0
57,64,0
57,65,0
57,66,0
57,67,0
57,68,0
57,69,0
57,70,0
57,71,0
57,72,0
57,73,0
57,74,0
57,75,0
57,76,0
57,77,0
57,78,0
57,79,0
57,80,0
57,81,0
57,82,0
57,83,0
57,84,0
57,85,0
57,86,0
57,87,0
57,88,0
57,89,0
57,90,0
57,91,0
57,92,0
57,93,0
57,94,0
57,95,0
57,96,0
57,97,0
57,98,0
57,99,0
57,100,0
57,101,0
57,102,0
57,103,0
57,104,0
57,105,0
57,106,0
57,107,0
57,108,0
57,109,0
57,110,0
57,111,0
57,112,0
57,113,0
57,114,0
57,115,0
57,116,0
57,117,0
57,118,0
57,119,0
57,120,0
57,121,0
57,122,0
57,123,0
57,124,0
57,125,0
57,126,0
57,127,0
57,128,0
57,129,0
57,130,0
57,131,0
57,132,0
57,133,0
57,134,0
57,135,0
57,136,0
57,137,0
57,138,0
57,139,0
57,140,0
57,141,0
57,142,0
57,143,0
57,144,0
57,145,0
57,146,0
57,147,0
57,148,0
57,149,0
57,150,0
57,151,0
57,152,0
57,153,0
57,154,0
57,155,0
57,156,0
57,157,0
57,158,0
57,159,0
57,160,0
57,161,0
57,162,0
57,163,0
57,164,0
57,165,0
57,166,0
57,167,0
57,168,0
57,169,0
57,170,0
57,171,0
57,172,0
57,173,0
57,174,0
57,175,0
57,176,0
57,177,0
57,178,0
57,179,0
57,180,0
57,181,0
57,182,0
57,183,0
57,184,0
57,185,0
57,186,0
57,187,0
57,188,0
57,189,0
57,190,0
57,191,0
57,192,0
57,193,0
57,194,0
57,195,0
57,196,0
57,197,0
57,198,0
57,199,0
57,200,0
57,201,0
57,202,0
57,203,0
57,204,0
57,205,0
57,206,0
57,207,0
57,208,0
57,209,0
57,210,0
57,211,0
57,212,0
57,213,0
57,214,0
57,215,0
57,216,0
57,217,0
57,218,0
57,219,0
57,220,0
57,221,0
57,222,0
57,223,0
57,224,0
57,225,0
57,226,0
57,227,0
57,228,0
57,229,0
57,230,0
57,231,0
57,232,0
57,233,0
57,234,0
57,235,0
57,236,0
58,1,0
58,2,0
58,3,0
58,4,0
58,5,0
58,6,0
58,7,0
58,8,0
58,9,0
58,10,0
58,11,0
58,12,0
58,13,0
58,14,0
58,15,0
58,16,0
58,17,0
58,18,0
58,19,0
58,20,0
58,21,0
58,22,0
58,23,0
58,24,0
58,25,0
58,26,0
58,27,0
58,28,0
58,29,0
58,30,0
58,31,0
58,32,0
58,33,0
58,34,0
58,35,0
58,36,0
58,37,0
58,38,0
58,39,0
58,40,0
58,41,0
58,42,0
58,43,0
58,44,0
58,45,0
58,46,0
58,47,0
58,48,0
58,49,0
58,50,0
58,51,0
58,52,0
58,53,0
58,54,0
58,55,0
58,56,0
58,57,0
58,58,0
58,59,0
58,60,0
58,61,0
58,62,0
58,63,0
58,64,0
58,65,0
58,66,0
58,67,0
58,68,0
58,69,0
58,70,0
58,71,0
58,72,0
58,73,0
58,74,0
58,75,0
58,76,0
58,77,0
58,78,0
58,79,0
58,80,0
58,81,0
58,82,0
58,83,0
58,84,0
58,85,0
58,86,0
58,87,0
58,88,0
58,89,0
58,90,0
58,91,0
58,92,0
58,93,0
58,94,0
58,95,0
58,96,0
58,97,0
58,98,0
58,99,0
58,100,0
58,101,0
58,102,0
58,103,0
58,104,0
58,105,0
58,106,0
58,107,0
58,108,0
58,109,0
58,110,0
58,111,0
58,112,0
58,113,0
58,114,0
58,115,0
58,116,0
58,117,0
58,118,0
58,119,0
58,120,0
58,121,0
58,122,0
58,123,0
58,124,0
58,125,0
58,126,0
58,127,0
58,128,0
58,129,0
58,130,0
58,131,0
58,132,0
58,133,0
58,134,0
58,135,0
58,136,0
58,137,0
58,138,0
58,139,0
58,140,0
58,141,0
58,142,0
58,143,0
58,144,0
58,145,0
58,146,0
58,147,0
58,148,0
58,149,0
58,150,0
58,151,0
58,152,0
58,153,0
58,154,0
58,155,0
58,156,0
58,157,0
58,158,0
58,159,0
58,160,0
58,161,0
58,162,0
58,163,0
58,164,0
58,165,0
58,166,0
58,167,0
58,168,0
58,169,0
58,170,0
58,171,0
58,172,0
58,173,0
58,174,0
58,175,0
58,176,0
58,177,0
58,178,0
58,179,0
58,180,0
58,181,0
58,182,0
58,183,0
58,184,0
58,185,0
58,186,0
58,187,0
58,188,0
58,189,0
58,190,0
58,191,0
58,192,0
58,193,0
58,194,0
58,195,0
58,196,0
58,197,0
58,198,0
58,199,0
58,200,0
58,201,0
58,202,0
58,203,0
58,204,0
58,205,0
58,206,0
58,207,0
58,208,0
58,209,0
58,210,0
58,211,0
58,212,0
58,213,0
58,214,0
58,215,0
58,216,0
58,217,0
58,218,0
58,219,0
58,220,0
58,221,0
58,222,0
58,223,0
58,224,0
58,225,0
58,226,0
58,227,0
58,228,0
58,229,0
58,230,0
58,231,0
58,232,0
58,233,0
58,234,0
58,235,0
58,236,0
59,1,0
59,2,0
59,3,0
59,4,0
59,5,0
59,6,0
59,7,0
59,8,0
59,9,0
59,10,0
59,11,0
59,12,0
59,13,0
59,14,0
59,15,0
59,16,0
59,17,0
59,18,0
59,19,0
59,20,0
59,21,0
59,22,0
59,23,0
59,24,0
59,25,0
59,26,0
59,27,0
59,28,0
59,29,0
59,30,0
59,31,0
59,32,0
59,33,0
59,34,0
59,35,0
59,36,0
59,37,0
59,38,0
59,39,0
59,40,0
59,41,0
59,42,0
59,43,0
59,44,0
59,45,0
59,46,0
59,47,0
59,48,0
59,49,0
59,50,0
59,51,0
59,52,0
59,53,0
59,54,0
59,55,0
59,56,0
59,57,0
59,58,0
59,59,0
59,60,0
59,61,0
59,62,0
59,63,0
59,64,0
59,65,0
59,66,0
59,67,0
59,68,0
59,69,0
59,70,0
59,71,0
59,72,0
59,73,0
59,74,0
59,75,0
59,76,0
59,77,0
59,78,0
59,79,0
59,80,0
59,81,0
59,82,0
59,83,0
59,84,0
59,85,0
59,86,0
59,87,0
59,88,0
59,89,0
59,90,0
59,91,0
59,92,0
59,93,0
59,94,0
59,95,0
59,96,0
59,97,0
59,98,0
59,99,0
59,100,0
59,101,0
59,102,0
59,103,0
59,104,0
59,105,0
59,106,0
59,107,0
59,108,0
59,109,0
59,110,0
59,111,0
59,112,0
59,113,0
59,114,0
59,115,0
59,116,0
59,117,0
59,118,0
59,119,0
59,120,0
59,121,0
59,122,0
59,123,0
59,124,0
59,125,0
59,126,0
59,127,0
59,128,0
59,129,0
59,130,0
59,131,0
59,132,0
59,133,0
59,134,0
59,135,0
59,136,0
59,137,0
59,138,0
59,139,0
59,140,0
59,141,0
59,142,0
59,143,0
59,144,0
59,145,0
59,146,0
59,147,0
59,148,0
59,149,0
59,150,0
59,151,0
59,152,0
59,153,0
59,154,0
59,155,0
59,156,0
59,157,0
59,158,0
59,159,0
59,160,0
59,161,0
59,162,0
59,163,0
59,164,0
59,165,0
59,166,0
59,167,0
59,168,0
59,169,0
59,170,0
59,171,0
59,172,0
59,173,0
59,174,0
59,175,0
59,176,0
59,177,0
59,178,0
59,179,0
59,180,0
59,181,0
59,182,0
59,183,0
59,184,0
59,185,0
59,186,0
59,187,0
59,188,0
59,189,0
59,190,0
59,191,0
59,192,0
59,193,0
59,194,0
59,195,0
59,196,0
59,197,0
59,198,0
59,199,0
59,200,0
59,201,0
59,202,0
59,203,0
59,204,0
59,205,0
59,206,0
59,207,0
59,208,0
59,209,0
59,210,0
59,211,0
59,212,0
59,213,0
59,214,0
59,215,0
59,216,0
59,217,0
59,218,0
59,219,0
59,220,0
59,221,0
59,222,0
59,223,0
59,224,0
59,225,0
59,226,0
59,227,0
59,228,0
59,229,0
59,230,0
59,231,0
59,232,0
59,233,0
59,234,0
59,235,0
59,236,0
60,1,0
60,2,0
60,3,0
60,4,0
60,5,0
60,6,0
60,7,0
60,8,0
60,9,0
60,10,0
60,11,0
60,12,0
60,13,0
60,14,0
60,15,0
60,16,0
60,17,0
60,18,0
60,19,0
60,20,0
60,21,0
60,22,0
60,23,0
60,24,0
60,25,0
60,26,0
60,27,0
60,28,0
60,29,0
60,30,0
60,31,0
60,32,0
60,33,0
60,34,0
60,35,0
60,36,0
60,37,0
60,38,0
60,39,0
60,40,0
60,41,0
60,42,0
60,43,0
60,44,0
60,45,0
60,46,0
60,47,0
60,48,0
60,49,0
60,50,0
60,51,0
60,52,0
60,53,0
60,54,0
60,55,0
60,56,0
60,57,0
60,58,0
60,59,0
60,60,0
60,61,0
60,62,0
60,63,0
60,64,0
60,65,0
60,66,0
60,67,0
60,68,0
60,69,0
60,70,0
60,71,0
60,72,0
60,73,0
60,74,0
60,75,0
60,76,0
60,77,0
60,78,0
60,79,0
60,80,0
60,81,0
60,82,0
60,83,0
60,84,0
60,85,0
60,86,0
60,87,0
60,88,0
60,89,0
60,90,0
60,91,0
60,92,0
60,93,0
60,94,0
60,95,0
60,96,0
60,97,0
60,98,0
60,99,0
60,100,0
60,101,0
60,102,0
60,103,0
60,104,0
60,105,0
60,106,0
60,107,0
60,108,0
60,109,0
60,110,0
60,111,0
60,112,0
60,113,0
60,114,0
60,115,0
60,116,0
60,117,0
60,118,0
60,119,0
60,120,0
60,121,0
60,122,0
60,123,0
60,124,0
60,125,0
60,126,0
60,127,0
60,128,0
60,129,0
60,130,0
60,131,0
60,132,0
60,133,0
60,134,0
60,135,0
60,136,0
60,137,0
60,138,0
60,139,0
60,140,0
60,141,0
60,142,0
60,143,0
60,144,0
60,145,0
60,146,0
60,147,0
60,148,0
60,149,0
60,150,0
60,151,0
60,152,0
60,153,0
60,154,0
60,155,0
60,156,0
60,157,0
60,158,0
60,159,0
60,160,0
60,161,0
60,162,0
60,163,0
60,164,0
60,165,0
60,166,0
60,167,0
60,168,0
60,169,0
60,170,0
60,171,0
60,172,0
60,173,0
60,174,0
60,175,0
60,176,0
60,177,0
60,178,0
60,179,0
60,180,0
60,181,0
60,182,0
60,183,0
60,184,0
60,185,0
60,186,0
60,187,0
60,188,0
60,189,0
60,190,0
60,191,0
60,192,0
60,193,0
60,194,0
60,195,0
60,196,0
60,197,0
60,198,0
60,199,0
60,200,0
60,201,0
60,202,0
60,203,0
60,204,0
60,205,0
60,206,0
60,207,0
60,208,0
60,209,0
60,210,0
60,211,0
60,212,0
60,213,0
60,214,0
60,215,0
60,216,0
60,217,0
60,218,0
60,219,0
60,220,0
60,221,0
60,222,0
60,223,0
60,224,0
60,225,0
60,226,0
60,227,0
60,228,0
60,229,0
60,230,0
60,231,0
60,232,0
60,233,0
60,234,0
60,235,0
60,236,0
