time_step,node_id,density
0,1,0.28
0,2,0.24
0,3,0.28
0,4,0.24
0,5,0.28
0,6,0.28
0,7,0.28
0,8,0.36
0,9,0.24
0,10,0.24
0,11,0.28
0,12,0.4
0,13,0.4
0,14,0.28
0,15,0.24
0,16,0.4
0,17,0.28
0,18,0.28
0,19,0.24
0,20,0.24
0,21,0.36
0,22,0.36
0,23,0.24
0,24,0.24
0,25,0.28
0,26,0.24
0,27,0.24
0,28,0.36
0,29,0.24
0,30,0.36
0,31,0.24
0,32,0.24
0,33,0.24
0,34,0.4
0,35,0.24
0,36,0.24
0,37,0.24
0,38,0.24
0,39,0
0,40,0
0,41,0
0,42,0.28
0,43,0
0,44,0
0,45,0
0,46,0
0,47,0.28
0,48,0.24
0,49,0.28
0,50,0.28
0,51,0.24
0,52,0.24
0,53,0.24
0,54,0.24
0,55,0.24
0,56,0.36
0,57,0.24
0,58,0.44
0,59,0.24
0,60,0.4
0,61,0
0,62,0.36
0,63,0.24
0,64,0.24
0,65,0.28
0,66,0.28
0,67,0.24
0,68,0.24
0,69,0.44
0,70,0.24
0,71,0.24
0,72,0.36
0,73,0.24
0,74,0.36
0,75,0.36
0,76,0.24
0,77,0.24
0,78,0.4
0,79,0.24
0,80,0.24
0,81,0.24
0,82,0.36
0,83,0.24
0,84,0.24
0,85,0.24
0,86,0.24
0,87,0.24
0,88,0.24
0,89,0.28
0,90,0.28
0,91,0.24
0,92,0.24
0,93,0.24
0,94,0.24
0,95,0.28
0,96,0.24
0,97,0.24
0,98,0.36
0,99,0.36
0,100,0.36
0,101,0.24
0,102,0.44
0,103,0.24
0,104,0.24
0,105,0.28
0,106,0.4
0,107,0.24
0,108,0.28
0,109,0.36
0,110,0.24
0,111,0.24
0,112,0.24
0,113,0.28
0,114,0.28
0,115,0.24
0,116,0.24
0,117,0.36
0,118,0.24
0,119,0.24
0,120,0.4
0,121,0.28
0,122,0.28
0,123,0.24
0,124,0.24
0,125,0.36
0,126,0.24
0,127,0.28
0,128,0.24
0,129,0.24
0,130,0.24
0,131,0.24
0,132,0.4
0,133,0.36
0,134,0.28
0,135,0.24
0,136,0.24
0,137,0.24
0,138,0.24
0,139,0.44
0,140,0.24
0,141,0.36
0,142,0.36
0,143,0.36
0,144,0.4
0,145,0.36
0,146,0.24
0,147,0.36
0,148,0.36
0,149,0.4
0,150,0.28
0,151,0.24
0,152,0.24
0,153,0.4
0,154,0.4
0,155,0.24
0,156,0.28
0,157,0.24
0,158,0.24
0,159,0.24
0,160,0.28
0,161,0.24
0,162,0.28
0,163,0.24
0,164,0.28
0,165,0.28
0,166,0.28
0,167,0.4
0,168,0.24
0,169,0.4
0,170,0.28
0,171,0.24
0,172,0.28
0,173,0.28
0,174,0.28
0,175,0.4
0,176,0.24
0,177,0.24
0,178,0.28
0,179,0.24
0,180,0.36
0,181,0.4
0,182,0.24
0,183,0.24
0,184,0.24
0,185,0.28
0,186,0.24
0,187,0.24
0,188,0.24
0,189,0.24
0,190,0.28
0,191,0.36
0,192,0.24
0,193,0.4
0,194,0.28
0,195,0.4
0,196,0.24
0,197,0.4
0,198,0.24
0,199,0.4
0,200,0.24
0,201,0.24
0,202,0.36
0,203,0.24
0,204,0.36
0,205,0.28
0,206,0.4
0,207,0.4
0,208,0.24
0,209,0.24
0,210,0.24
0,211,0
0,212,0
0,213,0
0,214,0.24
0,215,0.24
0,216,0.28
0,217,0.24
0,218,0.24
0,219,0.24
0,220,0.24
0,221,0.28
0,222,0.24
0,223,0.44
0,224,0.44
0,225,0.36
0,226,0.24
0,227,0.24
0,228,0.28
0,229,0.36
0,230,0.36
0,231,0.24
0,232,0.24
0,233,0.24
0,234,0.28
0,235,0
0,236,0
1,1,0.12
1,2,0.2
1,3,0.24
1,4,0.2
1,5,0.08
1,6,0.12
1,7,0.2
1,8,0.4
1,9,0.4
1,10,0.32
1,11,0.24
1,12,0.16
1,13,0.32
1,14,0.24
1,15,0.2
1,16,0.36
1,17,0.16
1,18,0.08
1,19,0.16
1,20,0.12
1,21,0.32
1,22,0.52
1,23,0.24
1,24,0.4
1,25,0.12
1,26,0.12
1,27,0.08
1,28,0.64
1,29,0.32
1,30,0.4
1,31,0.24
1,32,0.24
1,33,0.24
1,34,0.52
1,35,0.08
1,36,0.12
1,37,0.44
1,38,0.4
1,39,0
1,40,0
1,41,0
1,42,0.32
1,43,0
1,44,0
1,45,0
1,46,0
1,47,0.24
1,48,0.12
1,49,0.32
1,50,0.24
1,51,0.16
1,52,0.36
1,53,0.16
1,54,0.08
1,55,0.36
1,56,0.56
1,57,0.16
1,58,0.6
1,59,0.12
1,60,0.2
1,61,0
1,62,0.44
1,63,0.28
1,64,0.4
1,65,0.2
1,66,0.12
1,67,0.32
1,68,0.16
1,69,0.36
1,70,0.32
1,71,0.2
1,72,0.48
1,73,0.28
1,74,0.32
1,75,0.2
1,76,0.4
1,77,0.36
1,78,0.44
1,79,0.2
1,80,0.4
1,81,0.16
1,82,0.24
1,83,0.32
1,84,0.36
1,85,0.12
1,86,0.4
1,87,0.24
1,88,0.2
1,89,0.28
1,90,0.28
1,91,0.12
1,92,0.16
1,93,0.28
1,94,0.2
1,95,0.24
1,96,0.16
1,97,0.28
1,98,0.36
1,99,0.52
1,100,0.6
1,101,0.4
1,102,0.32
1,103,0.12
1,104,0.32
1,105,0.2
1,106,0.48
1,107,0.44
1,108,0.28
1,109,0.16
1,110,0.36
1,111,0.2
1,112,0.2
1,113,0.48
1,114,0.48
1,115,0.12
1,116,0.16
1,117,0.36
1,118,0.48
1,119,0.4
1,120,0.24
1,121,0.12
1,122,0.08
1,123,0.24
1,124,0.12
1,125,0.32
1,126,0.4
1,127,0.12
1,128,0.32
1,129,0.16
1,130,0.16
1,131,0.36
1,132,0.36
1,133,0.4
1,134,0.16
1,135,0.08
1,136,0.48
1,137,0.2
1,138,0.4
1,139,0.52
1,140,0.36
1,141,0.36
1,142,0.56
1,143,0.52
1,144,0.6
1,145,0.44
1,146,0.12
1,147,0.28
1,148,0.6
1,149,0.16
1,150,0.24
1,151,0.2
1,152,0.16
1,153,0.36
1,154,0.56
1,155,0.12
1,156,0.12
1,157,0.2
1,158,0.32
1,159,0.44
1,160,0.4
1,161,0.4
1,162,0.08
1,163,0.2
1,164,0.36
1,165,0.12
1,166,0.16
1,167,0.44
1,168,0.28
1,169,0.48
1,170,0.36
1,171,0.2
1,172,0.24
1,173,0.2
1,174,0.24
1,175,0.6
1,176,0.2
1,177,0.28
1,178,0.28
1,179,0.12
1,180,0.48
1,181,0.36
1,182,0.12
1,183,0.32
1,184,0.4
1,185,0.24
1,186,0.2
1,187,0.24
1,188,0.36
1,189,0.24
1,190,0.16
1,191,0.4
1,192,0.08
1,193,0.6
1,194,0.24
1,195,0.36
1,196,0.44
1,197,0.24
1,198,0.2
1,199,0.32
1,200,0.12
1,201,0.24
1,202,0.52
1,203,0.28
1,204,0.24
1,205,0.2
1,206,0.4
1,207,0.36
1,208,0.28
1,209,0.28
1,210,0.4
1,211,0.4
1,212,0.2
1,213,0.24
1,214,0.32
1,215,0.24
1,216,0.32
1,217,0.28
1,218,0.12
1,219,0.16
1,220,0.2
1,221,0.12
1,222,0.36
1,223,0.52
1,224,0.16
1,225,0.2
1,226,0.16
1,227,0.28
1,228,0.16
1,229,0.2
1,230,0.32
1,231,0.08
1,232,0.36
1,233,0.4
1,234,0.16
1,235,0
1,236,0
2,1,0.16
2,2,0.24
2,3,0.32
2,4,0.12
2,5,0.24
2,6,0.28
2,7,0.08
2,8,0.56
2,9,0.28
2,10,0.12
2,11,0.28
2,12,0.56
2,13,0.32
2,14,0.4
2,15,0.2
2,16,0.6
2,17,0.12
2,18,0.16
2,19,0.08
2,20,0.36
2,21,0.36
2,22,0.56
2,23,0.24
2,24,0.24
2,25,0.4
2,26,0.4
2,27,0.24
2,28,0.4
2,29,0.2
2,30,0.56
2,31,0.28
2,32,0.24
2,33,0.2
2,34,0.48
2,35,0.08
2,36,0.12
2,37,0.28
2,38,0.4
2,39,0
2,40,0
2,41,0
2,42,0.16
2,43,0
2,44,0
2,45,0
2,46,0
2,47,0.2
2,48,0.24
2,49,0.12
2,50,0.16
2,51,0.2
2,52,0.24
2,53,0.12
2,54,0.28
2,55,0.24
2,56,0.6
2,57,0.12
2,58,0.64
2,59,0.16
2,60,0.4
2,61,0
2,62,0.16
2,63,0.32
2,64,0.28
2,65,0.32
2,66,0.08
2,67,0.36
2,68,0.12
2,69,0.48
2,70,0.4
2,71,0.12
2,72,0.4
2,73,0.24
2,74,0.16
2,75,0.44
2,76,0.16
2,77,0.36
2,78,0.48
2,79,0.2
2,80,0.32
2,81,0.36
2,82,0.6
2,83,0.44
2,84,0.16
2,85,0.28
2,86,0.12
2,87,0.24
2,88,0.16
2,89,0.12
2,90,0.12
2,91,0.2
2,92,0.2
2,93,0.2
2,94,0.24
2,95,0.2
2,96,0.24
2,97,0.16
2,98,0.52
2,99,0.4
2,100,0.32
2,101,0.24
2,102,0.52
2,103,0.24
2,104,0.28
2,105,0.44
2,106,0.24
2,107,0.4
2,108,0.2
2,109,0.56
2,110,0.36
2,111,0.4
2,112,0.4
2,113,0.48
2,114,0.48
2,115,0.32
2,116,0.12
2,117,0.28
2,118,0.48
2,119,0.12
2,120,0.48
2,121,0.36
2,122,0.16
2,123,0.24
2,124,0.2
2,125,0.4
2,126,0.32
2,127,0.28
2,128,0.12
2,129,0.28
2,130,0.4
2,131,0.28
2,132,0.4
2,133,0.2
2,134,0.12
2,135,0.16
2,136,0.48
2,137,0.16
2,138,0.2
2,139,0.2
2,140,0.36
2,141,0.4
2,142,0.48
2,143,0.32
2,144,0.28
2,145,0.44
2,146,0.32
2,147,0.36
2,148,0.32
2,149,0.56
2,150,0.12
2,151,0.28
2,152,0.12
2,153,0.36
2,154,0.6
2,155,0.12
2,156,0.4
2,157,0.24
2,158,0.2
2,159,0.24
2,160,0.44
2,161,0.24
2,162,0.24
2,163,0.16
2,164,0.36
2,165,0.24
2,166,0.4
2,167,0.44
2,168,0.24
2,169,0.4
2,170,0.12
2,171,0.12
2,172,0.12
2,173,0.16
2,174,0.2
2,175,0.32
2,176,0.2
2,177,0.24
2,178,0.32
2,179,0.24
2,180,0.48
2,181,0.36
2,182,0.08
2,183,0.12
2,184,0.2
2,185,0.08
2,186,0.08
2,187,0.12
2,188,0.24
2,189,0.16
2,190,0.24
2,191,0.16
2,192,0.08
2,193,0.36
2,194,0.32
2,195,0.56
2,196,0.44
2,197,0.28
2,198,0.36
2,199,0.44
2,200,0.44
2,201,0.24
2,202,0.56
2,203,0.2
2,204,0.24
2,205,0.24
2,206,0.4
2,207,0.36
2,208,0.12
2,209,0.2
2,210,0.12
2,211,0.44
2,212,0.24
2,213,0.24
2,214,0.28
2,215,0.4
2,216,0.2
2,217,0.28
2,218,0.12
2,219,0.16
2,220,0.44
2,221,0.12
2,222,0.24
2,223,0.32
2,224,0.32
2,225,0.4
2,226,0.12
2,227,0.2
2,228,0.12
2,229,0.24
2,230,0.16
2,231,0.44
2,232,0.28
2,233,0.32
2,234,0.2
2,235,0
2,236,0
3,1,0.24
3,2,0.2
3,3,0.28
3,4,0.16
3,5,0.16
3,6,0.36
3,7,0.24
3,8,0.24
3,9,0.4
3,10,0.32
3,11,0.28
3,12,0.48
3,13,0.32
3,14,0.32
3,15,0.16
3,16,0.28
3,17,0.16
3,18,0.16
3,19,0.16
3,20,0.32
3,21,0.56
3,22,0.56
3,23,0.24
3,24,0.32
3,25,0.36
3,26,0.24
3,27,0.16
3,28,0.56
3,29,0.2
3,30,0.16
3,31,0.12
3,32,0.16
3,33,0.16
3,34,0.16
3,35,0.08
3,36,0.08
3,37,0.2
3,38,0.16
3,39,0
3,40,0
3,41,0
3,42,0.24
3,43,0
3,44,0
3,45,0
3,46,0
3,47,0.4
3,48,0.2
3,49,0.4
3,50,0.24
3,51,0.16
3,52,0.24
3,53,0.12
3,54,0.16
3,55,0.28
3,56,0.2
3,57,0.4
3,58,0.6
3,59,0.36
3,60,0.44
3,61,0
3,62,0.28
3,63,0.2
3,64,0.16
3,65,0.4
3,66,0.2
3,67,0.24
3,68,0.36
3,69,0.4
3,70,0.12
3,71,0.08
3,72,0.28
3,73,0.28
3,74,0.64
3,75,0.36
3,76,0.16
3,77,0.32
3,78,0.16
3,79,0.16
3,80,0.24
3,81,0.24
3,82,0.36
3,83,0.4
3,84,0.36
3,85,0.16
3,86,0.44
3,87,0.2
3,88,0.24
3,89,0.4
3,90,0.32
3,91,0.28
3,92,0.24
3,93,0.12
3,94,0.08
3,95,0.2
3,96,0.24
3,97,0.2
3,98,0.24
3,99,0.44
3,100,0.36
3,101,0.12
3,102,0.36
3,103,0.08
3,104,0.12
3,105,0.28
3,106,0.16
3,107,0.28
3,108,0.4
3,109,0.16
3,110,0.24
3,111,0.32
3,112,0.4
3,113,0.52
3,114,0.52
3,115,0.36
3,116,0.36
3,117,0.56
3,118,0.52
3,119,0.4
3,120,0.64
3,121,0.36
3,122,0.12
3,123,0.24
3,124,0.16
3,125,0.32
3,126,0.16
3,127,0.12
3,128,0.24
3,129,0.28
3,130,0.4
3,131,0.28
3,132,0.16
3,133,0.64
3,134,0.16
3,135,0.24
3,136,0.52
3,137,0.16
3,138,0.12
3,139,0.16
3,140,0.24
3,141,0.48
3,142,0.44
3,143,0.2
3,144,0.48
3,145,0.52
3,146,0.16
3,147,0.6
3,148,0.52
3,149,0.56
3,150,0.28
3,151,0.24
3,152,0.36
3,153,0.32
3,154,0.56
3,155,0.24
3,156,0.24
3,157,0.12
3,158,0.16
3,159,0.16
3,160,0.32
3,161,0.4
3,162,0.12
3,163,0.16
3,164,0.2
3,165,0.2
3,166,0.28
3,167,0.52
3,168,0.2
3,169,0.4
3,170,0.28
3,171,0.2
3,172,0.28
3,173,0.16
3,174,0.2
3,175,0.52
3,176,0.4
3,177,0.12
3,178,0.24
3,179,0.16
3,180,0.28
3,181,0.44
3,182,0.16
3,183,0.16
3,184,0.32
3,185,0.12
3,186,0.08
3,187,0.12
3,188,0.24
3,189,0.2
3,190,0.28
3,191,0.48
3,192,0.08
3,193,0.2
3,194,0.12
3,195,0.44
3,196,0.28
3,197,0.56
3,198,0.4
3,199,0.52
3,200,0.36
3,201,0.4
3,202,0.44
3,203,0.36
3,204,0.36
3,205,0.36
3,206,0.44
3,207,0.32
3,208,0.12
3,209,0.2
3,210,0.32
3,211,0.2
3,212,0.32
3,213,0.16
3,214,0.16
3,215,0.12
3,216,0.28
3,217,0.32
3,218,0.16
3,219,0.32
3,220,0.36
3,221,0.4
3,222,0.2
3,223,0.28
3,224,0.24
3,225,0.4
3,226,0.16
3,227,0.32
3,228,0.24
3,229,0.16
3,230,0.44
3,231,0.24
3,232,0.44
3,233,0.08
3,234,0.16
3,235,0
3,236,0
4,1,0.2
4,2,0.08
4,3,0.28
4,4,0.2
4,5,0.2
4,6,0.16
4,7,0.16
4,8,0.6
4,9,0.2
4,10,0.32
4,11,0.36
4,12,0.56
4,13,0.44
4,14,0.2
4,15,0.08
4,16,0.6
4,17,0.24
4,18,0.12
4,19,0.2
4,20,0.32
4,21,0.44
4,22,0.6
4,23,0.2
4,24,0.32
4,25,0.2
4,26,0.24
4,27,0.2
4,28,0.56
4,29,0.44
4,30,0.28
4,31,0.24
4,32,0.16
4,33,0.12
4,34,0.24
4,35,0.12
4,36,0.24
4,37,0.16
4,38,0.24
4,39,0
4,40,0
4,41,0
4,42,0.28
4,43,0
4,44,0
4,45,0
4,46,0
4,47,0.2
4,48,0.12
4,49,0.2
4,50,0.08
4,51,0.16
4,52,0.16
4,53,0.12
4,54,0.24
4,55,0.32
4,56,0.4
4,57,0.36
4,58,0.48
4,59,0.28
4,60,0.24
4,61,0
4,62,0.16
4,63,0.16
4,64,0.12
4,65,0.16
4,66,0.2
4,67,0.32
4,68,0.28
4,69,0.32
4,70,0.16
4,71,0.2
4,72,0.16
4,73,0.24
4,74,0.52
4,75,0.2
4,76,0.4
4,77,0.32
4,78,0.44
4,79,0.2
4,80,0.36
4,81,0.24
4,82,0.44
4,83,0.28
4,84,0.24
4,85,0.28
4,86,0.32
4,87,0.2
4,88,0.16
4,89,0.2
4,90,0.4
4,91,0.2
4,92,0.24
4,93,0.28
4,94,0.2
4,95,0.24
4,96,0.44
4,97,0.28
4,98,0.6
4,99,0.44
4,100,0.44
4,101,0.12
4,102,0.48
4,103,0.24
4,104,0.2
4,105,0.4
4,106,0.28
4,107,0.2
4,108,0.28
4,109,0.56
4,110,0.32
4,111,0.12
4,112,0.12
4,113,0.48
4,114,0.48
4,115,0.08
4,116,0.36
4,117,0.64
4,118,0.48
4,119,0.28
4,120,0.4
4,121,0.24
4,122,0.16
4,123,0.08
4,124,0.16
4,125,0.6
4,126,0.32
4,127,0.12
4,128,0.44
4,129,0.32
4,130,0.28
4,131,0.44
4,132,0.24
4,133,0.16
4,134,0.4
4,135,0.24
4,136,0.48
4,137,0.16
4,138,0.32
4,139,0.56
4,140,0.24
4,141,0.56
4,142,0.52
4,143,0.32
4,144,0.44
4,145,0.52
4,146,0.12
4,147,0.48
4,148,0.6
4,149,0.44
4,150,0.16
4,151,0.2
4,152,0.4
4,153,0.24
4,154,0.44
4,155,0.12
4,156,0.24
4,157,0.32
4,158,0.36
4,159,0.16
4,160,0.4
4,161,0.08
4,162,0.4
4,163,0.16
4,164,0.16
4,165,0.2
4,166,0.12
4,167,0.16
4,168,0.16
4,169,0.4
4,170,0.24
4,171,0.12
4,172,0.24
4,173,0.12
4,174,0.16
4,175,0.64
4,176,0.44
4,177,0.4
4,178,0.12
4,179,0.24
4,180,0.2
4,181,0.36
4,182,0.2
4,183,0.16
4,184,0.2
4,185,0.24
4,186,0.12
4,187,0.28
4,188,0.24
4,189,0.12
4,190,0.12
4,191,0.16
4,192,0.16
4,193,0.48
4,194,0.4
4,195,0.24
4,196,0.16
4,197,0.24
4,198,0.12
4,199,0.36
4,200,0.36
4,201,0.12
4,202,0.52
4,203,0.12
4,204,0.2
4,205,0.2
4,206,0.36
4,207,0.44
4,208,0.24
4,209,0.28
4,210,0.44
4,211,0.4
4,212,0.32
4,213,0.24
4,214,0.36
4,215,0.44
4,216,0.24
4,217,0.4
4,218,0.2
4,219,0.36
4,220,0.16
4,221,0.08
4,222,0.2
4,223,0.2
4,224,0.4
4,225,0.52
4,226,0.12
4,227,0.12
4,228,0.2
4,229,0.6
4,230,0.16
4,231,0.16
4,232,0.24
4,233,0.28
4,234,0.4
4,235,0
4,236,0
5,1,0.2
5,2,0.24
5,3,0.16
5,4,0.2
5,5,0.08
5,6,0.16
5,7,0.08
5,8,0.56
5,9,0.16
5,10,0.4
5,11,0.12
5,12,0.24
5,13,0.24
5,14,0.2
5,15,0.28
5,16,0.56
5,17,0.24
5,18,0.12
5,19,0.16
5,20,0.36
5,21,0.52
5,22,0.32
5,23,0.24
5,24,0.32
5,25,0.36
5,26,0.2
5,27,0.2
5,28,0.52
5,29,0.24
5,30,0.52
5,31,0.08
5,32,0.24
5,33,0.08
5,34,0.2
5,35,0.08
5,36,0.24
5,37,0.16
5,38,0.24
5,39,0
5,40,0
5,41,0
5,42,0.2
5,43,0
5,44,0
5,45,0
5,46,0
5,47,0.24
5,48,0.36
5,49,0.16
5,50,0.12
5,51,0.08
5,52,0.36
5,53,0.12
5,54,0.24
5,55,0.16
5,56,0.36
5,57,0.28
5,58,0.64
5,59,0.2
5,60,0.24
5,61,0
5,62,0.56
5,63,0.44
5,64,0.12
5,65,0.32
5,66,0.12
5,67,0.28
5,68,0.32
5,69,0.44
5,70,0.28
5,71,0.08
5,72,0.28
5,73,0.28
5,74,0.52
5,75,0.56
5,76,0.44
5,77,0.24
5,78,0.16
5,79,0.2
5,80,0.2
5,81,0.44
5,82,0.6
5,83,0.2
5,84,0.28
5,85,0.36
5,86,0.32
5,87,0.24
5,88,0.12
5,89,0.12
5,90,0.32
5,91,0.4
5,92,0.24
5,93,0.2
5,94,0.24
5,95,0.16
5,96,0.32
5,97,0.4
5,98,0.32
5,99,0.16
5,100,0.32
5,101,0.16
5,102,0.44
5,103,0.08
5,104,0.32
5,105,0.36
5,106,0.2
5,107,0.2
5,108,0.24
5,109,0.32
5,110,0.28
5,111,0.32
5,112,0.28
5,113,0.52
5,114,0.52
5,115,0.4
5,116,0.24
5,117,0.2
5,118,0.52
5,119,0.12
5,120,0.2
5,121,0.32
5,122,0.24
5,123,0.16
5,124,0.16
5,125,0.2
5,126,0.12
5,127,0.24
5,128,0.16
5,129,0.12
5,130,0.4
5,131,0.4
5,132,0.36
5,133,0.44
5,134,0.4
5,135,0.28
5,136,0.52
5,137,0.16
5,138,0.24
5,139,0.32
5,140,0.36
5,141,0.32
5,142,0.56
5,143,0.44
5,144,0.48
5,145,0.24
5,146,0.24
5,147,0.56
5,148,0.32
5,149,0.44
5,150,0.2
5,151,0.16
5,152,0.44
5,153,0.48
5,154,0.44
5,155,0.2
5,156,0.12
5,157,0.36
5,158,0.32
5,159,0.32
5,160,0.24
5,161,0.24
5,162,0.16
5,163,0.2
5,164,0.28
5,165,0.12
5,166,0.16
5,167,0.64
5,168,0.08
5,169,0.52
5,170,0.36
5,171,0.16
5,172,0.28
5,173,0.12
5,174,0.2
5,175,0.32
5,176,0.36
5,177,0.24
5,178,0.32
5,179,0.2
5,180,0.2
5,181,0.4
5,182,0.2
5,183,0.4
5,184,0.16
5,185,0.08
5,186,0.16
5,187,0.16
5,188,0.12
5,189,0.24
5,190,0.2
5,191,0.52
5,192,0.08
5,193,0.32
5,194,0.16
5,195,0.52
5,196,0.32
5,197,0.44
5,198,0.24
5,199,0.28
5,200,0.2
5,201,0.32
5,202,0.48
5,203,0.28
5,204,0.36
5,205,0.16
5,206,0.52
5,207,0.2
5,208,0.28
5,209,0.44
5,210,0.4
5,211,0.2
5,212,0.32
5,213,0.32
5,214,0.36
5,215,0.12
5,216,0.4
5,217,0.32
5,218,0.2
5,219,0.32
5,220,0.4
5,221,0.36
5,222,0.12
5,223,0.4
5,224,0.56
5,225,0.52
5,226,0.12
5,227,0.2
5,228,0.28
5,229,0.16
5,230,0.52
5,231,0.16
5,232,0.12
5,233,0.2
5,234,0.12
5,235,0
5,236,0
6,1,0.28
6,2,0.2
6,3,0.36
6,4,0.36
6,5,0.12
6,6,0.28
6,7,0.2
6,8,0.28
6,9,0.44
6,10,0.32
6,11,0.28
6,12,0.44
6,13,0.36
6,14,0.16
6,15,0.2
6,16,0.52
6,17,0.24
6,18,0.24
6,19,0.16
6,20,0.16
6,21,0.56
6,22,0.4
6,23,0.2
6,24,0.16
6,25,0.28
6,26,0.44
6,27,0.24
6,28,0.36
6,29,0.24
6,30,0.2
6,31,0.24
6,32,0.2
6,33,0.2
6,34,0.48
6,35,0.28
6,36,0.24
6,37,0.2
6,38,0.36
6,39,0
6,40,0
6,41,0
6,42,0.2
6,43,0
6,44,0
6,45,0
6,46,0
6,47,0.12
6,48,0.16
6,49,0.24
6,50,0.16
6,51,0.24
6,52,0.32
6,53,0.16
6,54,0.16
6,55,0.16
6,56,0.44
6,57,0.12
6,58,0.6
6,59,0.24
6,60,0.16
6,61,0
6,62,0.52
6,63,0.16
6,64,0.2
6,65,0.32
6,66,0.12
6,67,0.36
6,68,0.4
6,69,0.24
6,70,0.36
6,71,0.2
6,72,0.28
6,73,0.2
6,74,0.4
6,75,0.36
6,76,0.2
6,77,0.32
6,78,0.24
6,79,0.24
6,80,0.24
6,81,0.2
6,82,0.6
6,83,0.24
6,84,0.4
6,85,0.24
6,86,0.28
6,87,0.16
6,88,0.2
6,89,0.12
6,90,0.12
6,91,0.12
6,92,0.08
6,93,0.2
6,94,0.16
6,95,0.08
6,96,0.12
6,97,0.32
6,98,0.56
6,99,0.36
6,100,0.36
6,101,0.4
6,102,0.2
6,103,0.16
6,104,0.36
6,105,0.36
6,106,0.64
6,107,0.12
6,108,0.12
6,109,0.6
6,110,0.36
6,111,0.24
6,112,0.4
6,113,0.52
6,114,0.52
6,115,0.36
6,116,0.36
6,117,0.44
6,118,0.48
6,119,0.4
6,120,0.28
6,121,0.16
6,122,0.16
6,123,0.08
6,124,0.28
6,125,0.44
6,126,0.2
6,127,0.16
6,128,0.16
6,129,0.28
6,130,0.4
6,131,0.4
6,132,0.36
6,133,0.4
6,134,0.36
6,135,0.2
6,136,0.48
6,137,0.12
6,138,0.4
6,139,0.24
6,140,0.28
6,141,0.2
6,142,0.52
6,143,0.48
6,144,0.32
6,145,0.2
6,146,0.12
6,147,0.44
6,148,0.16
6,149,0.52
6,150,0.12
6,151,0.16
6,152,0.4
6,153,0.2
6,154,0.16
6,155,0.2
6,156,0.12
6,157,0.32
6,158,0.12
6,159,0.44
6,160,0.28
6,161,0.2
6,162,0.32
6,163,0.16
6,164,0.12
6,165,0.2
6,166,0.36
6,167,0.24
6,168,0.08
6,169,0.16
6,170,0.36
6,171,0.36
6,172,0.08
6,173,0.2
6,174,0.12
6,175,0.2
6,176,0.36
6,177,0.36
6,178,0.4
6,179,0.16
6,180,0.28
6,181,0.2
6,182,0.08
6,183,0.2
6,184,0.44
6,185,0.12
6,186,0.28
6,187,0.12
6,188,0.4
6,189,0.2
6,190,0.08
6,191,0.44
6,192,0.24
6,193,0.44
6,194,0.12
6,195,0.32
6,196,0.12
6,197,0.64
6,198,0.08
6,199,0.48
6,200,0.4
6,201,0.28
6,202,0.2
6,203,0.12
6,204,0.64
6,205,0.4
6,206,0.64
6,207,0.4
6,208,0.24
6,209,0.36
6,210,0.28
6,211,0.16
6,212,0.32
6,213,0.24
6,214,0.28
6,215,0.32
6,216,0.36
6,217,0.16
6,218,0.4
6,219,0.36
6,220,0.2
6,221,0.24
6,222,0.36
6,223,0.6
6,224,0.2
6,225,0.6
6,226,0.28
6,227,0.24
6,228,0.12
6,229,0.4
6,230,0.24
6,231,0.2
6,232,0.24
6,233,0.28
6,234,0.4
6,235,0
6,236,0
7,1,0.28
7,2,0.24
7,3,0.16
7,4,0.24
7,5,0.12
7,6,0.16
7,7,0.16
7,8,0.32
7,9,0.12
7,10,0.4
7,11,0.36
7,12,0.4
7,13,0.4
7,14,0.36
7,15,0.2
7,16,0.6
7,17,0.2
7,18,0.12
7,19,0.28
7,20,0.16
7,21,0.6
7,22,0.24
7,23,0.2
7,24,0.36
7,25,0.12
7,26,0.4
7,27,0.12
7,28,0.56
7,29,0.24
7,30,0.64
7,31,0.24
7,32,0.12
7,33,0.2
7,34,0.2
7,35,0.12
7,36,0.24
7,37,0.36
7,38,0.36
7,39,0
7,40,0
7,41,0
7,42,0.2
7,43,0
7,44,0
7,45,0
7,46,0
7,47,0.36
7,48,0.4
7,49,0.24
7,50,0.08
7,51,0.24
7,52,0.24
7,53,0.24
7,54,0.28
7,55,0.16
7,56,0.32
7,57,0.32
7,58,0.24
7,59,0.2
7,60,0.36
7,61,0
7,62,0.24
7,63,0.32
7,64,0.36
7,65,0.12
7,66,0.08
7,67,0.12
7,68,0.16
7,69,0.4
7,70,0.4
7,71,0.16
7,72,0.64
7,73,0.28
7,74,0.56
7,75,0.52
7,76,0.24
7,77,0.12
7,78,0.24
7,79,0.12
7,80,0.16
7,81,0.36
7,82,0.24
7,83,0.24
7,84,0.36
7,85,0.4
7,86,0.32
7,87,0.24
7,88,0.12
7,89,0.36
7,90,0.16
7,91,0.16
7,92,0.08
7,93,0.16
7,94,0.08
7,95,0.28
7,96,0.2
7,97,0.36
7,98,0.6
7,99,0.52
7,100,0.64
7,101,0.4
7,102,0.16
7,103,0.28
7,104,0.2
7,105,0.36
7,106,0.56
7,107,0.2
7,108,0.12
7,109,0.52
7,110,0.2
7,111,0.32
7,112,0.2
7,113,0.52
7,114,0.52
7,115,0.28
7,116,0.36
7,117,0.56
7,118,0.52
7,119,0.28
7,120,0.64
7,121,0.36
7,122,0.08
7,123,0.24
7,124,0.08
7,125,0.16
7,126,0.2
7,127,0.08
7,128,0.16
7,129,0.2
7,130,0.2
7,131,0.32
7,132,0.44
7,133,0.24
7,134,0.2
7,135,0.16
7,136,0.52
7,137,0.24
7,138,0.16
7,139,0.28
7,140,0.32
7,141,0.2
7,142,0.16
7,143,0.64
7,144,0.32
7,145,0.6
7,146,0.16
7,147,0.36
7,148,0.28
7,149,0.24
7,150,0.2
7,151,0.08
7,152,0.16
7,153,0.24
7,154,0.4
7,155,0.08
7,156,0.12
7,157,0.36
7,158,0.12
7,159,0.2
7,160,0.2
7,161,0.28
7,162,0.4
7,163,0.2
7,164,0.12
7,165,0.24
7,166,0.24
7,167,0.56
7,168,0.2
7,169,0.16
7,170,0.32
7,171,0.32
7,172,0.24
7,173,0.08
7,174,0.2
7,175,0.64
7,176,0.4
7,177,0.32
7,178,0.28
7,179,0.24
7,180,0.44
7,181,0.4
7,182,0.2
7,183,0.2
7,184,0.28
7,185,0.12
7,186,0.12
7,187,0.12
7,188,0.32
7,189,0.12
7,190,0.28
7,191,0.24
7,192,0.2
7,193,0.28
7,194,0.28
7,195,0.16
7,196,0.2
7,197,0.56
7,198,0.4
7,199,0.6
7,200,0.36
7,201,0.24
7,202,0.56
7,203,0.36
7,204,0.24
7,205,0.32
7,206,0.44
7,207,0.32
7,208,0.24
7,209,0.4
7,210,0.12
7,211,0.32
7,212,0.16
7,213,0.24
7,214,0.4
7,215,0.36
7,216,0.16
7,217,0.32
7,218,0.24
7,219,0.2
7,220,0.12
7,221,0.16
7,222,0.36
7,223,0.4
7,224,0.64
7,225,0.6
7,226,0.08
7,227,0.36
7,228,0.28
7,229,0.16
7,230,0.44
7,231,0.24
7,232,0.24
7,233,0.16
7,234,0.12
7,235,0
7,236,0
8,1,0.16
8,2,0.28
8,3,0.28
8,4,0.12
8,5,0.24
8,6,0.2
8,7,0.12
8,8,0.2
8,9,0.28
8,10,0.36
8,11,0.24
8,12,0.48
8,13,0.52
8,14,0.4
8,15,0.08
8,16,0.24
8,17,0.16
8,18,0.24
8,19,0.2
8,20,0.12
8,21,0.36
8,22,0.2
8,23,0.28
8,24,0.28
8,25,0.12
8,26,0.2
8,27,0.24
8,28,0.28
8,29,0.28
8,30,0.48
8,31,0.12
8,32,0.24
8,33,0.24
8,34,0.6
8,35,0.2
8,36,0.16
8,37,0.32
8,38,0.32
8,39,0
8,40,0
8,41,0
8,42,0.4
8,43,0
8,44,0
8,45,0
8,46,0
8,47,0.16
8,48,0.24
8,49,0.28
8,50,0.2
8,51,0.16
8,52,0.4
8,53,0.2
8,54,0.08
8,55,0.28
8,56,0.32
8,57,0.36
8,58,0.36
8,59,0.24
8,60,0.52
8,61,0
8,62,0.6
8,63,0.2
8,64,0.32
8,65,0.32
8,66,0.24
8,67,0.4
8,68,0.12
8,69,0.24
8,70,0.2
8,71,0.12
8,72,0.16
8,73,0.32
8,74,0.56
8,75,0.64
8,76,0.36
8,77,0.4
8,78,0.44
8,79,0.12
8,80,0.2
8,81,0.28
8,82,0.24
8,83,0.12
8,84,0.2
8,85,0.16
8,86,0.4
8,87,0.16
8,88,0.2
8,89,0.16
8,90,0.32
8,91,0.28
8,92,0.2
8,93,0.16
8,94,0.24
8,95,0.24
8,96,0.16
8,97,0.16
8,98,0.52
8,99,0.24
8,100,0.2
8,101,0.24
8,102,0.44
8,103,0.12
8,104,0.36
8,105,0.4
8,106,0.56
8,107,0.2
8,108,0.16
8,109,0.52
8,110,0.32
8,111,0.2
8,112,0.2
8,113,0.52
8,114,0.52
8,115,0.36
8,116,0.12
8,117,0.28
8,118,0.52
8,119,0.12
8,120,0.2
8,121,0.24
8,122,0.12
8,123,0.12
8,124,0.24
8,125,0.48
8,126,0.4
8,127,0.16
8,128,0.36
8,129,0.24
8,130,0.2
8,131,0.12
8,132,0.52
8,133,0.4
8,134,0.36
8,135,0.2
8,136,0.48
8,137,0.16
8,138,0.4
8,139,0.2
8,140,0.44
8,141,0.48
8,142,0.4
8,143,0.28
8,144,0.48
8,145,0.36
8,146,0.28
8,147,0.28
8,148,0.4
8,149,0.36
8,150,0.28
8,151,0.2
8,152,0.4
8,153,0.4
8,154,0.52
8,155,0.16
8,156,0.12
8,157,0.2
8,158,0.24
8,159,0.24
8,160,0.28
8,161,0.4
8,162,0.36
8,163,0.16
8,164,0.4
8,165,0.28
8,166,0.4
8,167,0.28
8,168,0.08
8,169,0.4
8,170,0.12
8,171,0.36
8,172,0.2
8,173,0.32
8,174,0.24
8,175,0.48
8,176,0.16
8,177,0.24
8,178,0.28
8,179,0.24
8,180,0.2
8,181,0.36
8,182,0.08
8,183,0.12
8,184,0.36
8,185,0.24
8,186,0.16
8,187,0.36
8,188,0.28
8,189,0.28
8,190,0.16
8,191,0.44
8,192,0.08
8,193,0.44
8,194,0.24
8,195,0.4
8,196,0.32
8,197,0.2
8,198,0.2
8,199,0.36
8,200,0.12
8,201,0.12
8,202,0.4
8,203,0.32
8,204,0.24
8,205,0.12
8,206,0.36
8,207,0.64
8,208,0.24
8,209,0.24
8,210,0.32
8,211,0.16
8,212,0.24
8,213,0.28
8,214,0.4
8,215,0.44
8,216,0.32
8,217,0.4
8,218,0.16
8,219,0.16
8,220,0.16
8,221,0.12
8,222,0.32
8,223,0.36
8,224,0.52
8,225,0.2
8,226,0.08
8,227,0.32
8,228,0.08
8,229,0.52
8,230,0.64
8,231,0.2
8,232,0.2
8,233,0.24
8,234,0.28
8,235,0
8,236,0
9,1,0.12
9,2,0.24
9,3,0.32
9,4,0.28
9,5,0.2
9,6,0.16
9,7,0.24
9,8,0.64
9,9,0.24
9,10,0.32
9,11,0.2
9,12,0.6
9,13,0.2
9,14,0.24
9,15,0.08
9,16,0.56
9,17,0.12
9,18,0.24
9,19,0.24
9,20,0.32
9,21,0.24
9,22,0.44
9,23,0.08
9,24,0.28
9,25,0.4
9,26,0.24
9,27,0.24
9,28,0.2
9,29,0.2
9,30,0.6
9,31,0.24
9,32,0.28
9,33,0.24
9,34,0.24
9,35,0.24
9,36,0.08
9,37,0.24
9,38,0.16
9,39,0
9,40,0
9,41,0
9,42,0.24
9,43,0
9,44,0
9,45,0
9,46,0
9,47,0.4
9,48,0.2
9,49,0.32
9,50,0.16
9,51,0.24
9,52,0.24
9,53,0.08
9,54,0.24
9,55,0.16
9,56,0.2
9,57,0.16
9,58,0.56
9,59,0.08
9,60,0.52
9,61,0
9,62,0.52
9,63,0.28
9,64,0.36
9,65,0.32
9,66,0.2
9,67,0.28
9,68,0.28
9,69,0.16
9,70,0.32
9,71,0.12
9,72,0.24
9,73,0.12
9,74,0.16
9,75,0.32
9,76,0.4
9,77,0.32
9,78,0.56
9,79,0.08
9,80,0.16
9,81,0.32
9,82,0.56
9,83,0.36
9,84,0.24
9,85,0.2
9,86,0.24
9,87,0.28
9,88,0.24
9,89,0.24
9,90,0.2
9,91,0.44
9,92,0.2
9,93,0.16
9,94,0.16
9,95,0.2
9,96,0.28
9,97,0.28
9,98,0.16
9,99,0.56
9,100,0.4
9,101,0.24
9,102,0.36
9,103,0.08
9,104,0.24
9,105,0.24
9,106,0.16
9,107,0.16
9,108,0.32
9,109,0.24
9,110,0.4
9,111,0.4
9,112,0.2
9,113,0.48
9,114,0.48
9,115,0.16
9,116,0.28
9,117,0.28
9,118,0.48
9,119,0.2
9,120,0.24
9,121,0.12
9,122,0.12
9,123,0.2
9,124,0.08
9,125,0.6
9,126,0.32
9,127,0.28
9,128,0.4
9,129,0.16
9,130,0.32
9,131,0.28
9,132,0.52
9,133,0.52
9,134,0.32
9,135,0.12
9,136,0.48
9,137,0.16
9,138,0.4
9,139,0.28
9,140,0.4
9,141,0.2
9,142,0.56
9,143,0.24
9,144,0.64
9,145,0.28
9,146,0.24
9,147,0.24
9,148,0.2
9,149,0.24
9,150,0.28
9,151,0.12
9,152,0.36
9,153,0.36
9,154,0.24
9,155,0.2
9,156,0.12
9,157,0.24
9,158,0.2
9,159,0.36
9,160,0.2
9,161,0.36
9,162,0.28
9,163,0.28
9,164,0.24
9,165,0.24
9,166,0.12
9,167,0.6
9,168,0.24
9,169,0.16
9,170,0.24
9,171,0.4
9,172,0.28
9,173,0.32
9,174,0.12
9,175,0.52
9,176,0.2
9,177,0.44
9,178,0.44
9,179,0.16
9,180,0.6
9,181,0.28
9,182,0.08
9,183,0.36
9,184,0.16
9,185,0.08
9,186,0.24
9,187,0.4
9,188,0.4
9,189,0.24
9,190,0.24
9,191,0.24
9,192,0.12
9,193,0.4
9,194,0.4
9,195,0.56
9,196,0.28
9,197,0.16
9,198,0.12
9,199,0.56
9,200,0.16
9,201,0.16
9,202,0.48
9,203,0.16
9,204,0.44
9,205,0.2
9,206,0.56
9,207,0.48
9,208,0.24
9,209,0.16
9,210,0.24
9,211,0.28
9,212,0.36
9,213,0.2
9,214,0.32
9,215,0.16
9,216,0.16
9,217,0.16
9,218,0.28
9,219,0.12
9,220,0.4
9,221,0.28
9,222,0.24
9,223,0.52
9,224,0.44
9,225,0.48
9,226,0.16
9,227,0.12
9,228,0.28
9,229,0.28
9,230,0.48
9,231,0.24
9,232,0.32
9,233,0.24
9,234,0.2
9,235,0
9,236,0
10,1,0.24
10,2,0.12
10,3,0.4
10,4,0.4
10,5,0.12
10,6,0.28
10,7,0.28
10,8,0.48
10,9,0.16
10,10,0.32
10,11,0.32
10,12,0.44
10,13,0.52
10,14,0.28
10,15,0.2
10,16,0.16
10,17,0.16
10,18,0.28
10,19,0.2
10,20,0.24
10,21,0.28
10,22,0.44
10,23,0.12
10,24,0.2
10,25,0.32
10,26,0.32
10,27,0.16
10,28,0.52
10,29,0.36
10,30,0.2
10,31,0.16
10,32,0.28
10,33,0.12
10,34,0.4
10,35,0.08
10,36,0.24
10,37,0.24
10,38,0.12
10,39,0
10,40,0
10,41,0
10,42,0.12
10,43,0
10,44,0
10,45,0
10,46,0
10,47,0.08
10,48,0.24
10,49,0.24
10,50,0.2
10,51,0.08
10,52,0.24
10,53,0.24
10,54,0.16
10,55,0.08
10,56,0.24
10,57,0.4
10,58,0.44
10,59,0.16
10,60,0.28
10,61,0
10,62,0.52
10,63,0.2
10,64,0.16
10,65,0.28
10,66,0.28
10,67,0.16
10,68,0.4
10,69,0.2
10,70,0.24
10,71,0.24
10,72,0.16
10,73,0.4
10,74,0.24
10,75,0.4
10,76,0.28
10,77,0.28
10,78,0.28
10,79,0.2
10,80,0.12
10,81,0.36
10,82,0.44
10,83,0.24
10,84,0.16
10,85,0.4
10,86,0.24
10,87,0.08
10,88,0.28
10,89,0.32
10,90,0.16
10,91,0.24
10,92,0.08
10,93,0.2
10,94,0.2
10,95,0.28
10,96,0.16
10,97,0.4
10,98,0.52
10,99,0.32
10,100,0.48
10,101,0.16
10,102,0.32
10,103,0.16
10,104,0.2
10,105,0.16
10,106,0.44
10,107,0.28
10,108,0.16
10,109,0.52
10,110,0.2
10,111,0.12
10,112,0.36
10,113,0.56
10,114,0.56
10,115,0.28
10,116,0.16
10,117,0.52
10,118,0.56
10,119,0.2
10,120,0.36
10,121,0.2
10,122,0.2
10,123,0.16
10,124,0.08
10,125,0.16
10,126,0.2
10,127,0.12
10,128,0.36
10,129,0.16
10,130,0.2
10,131,0.2
10,132,0.44
10,133,0.36
10,134,0.4
10,135,0.16
10,136,0.56
10,137,0.24
10,138,0.24
10,139,0.6
10,140,0.28
10,141,0.36
10,142,0.44
10,143,0.24
10,144,0.6
10,145,0.2
10,146,0.08
10,147,0.6
10,148,0.6
10,149,0.4
10,150,0.24
10,151,0.2
10,152,0.4
10,153,0.16
10,154,0.6
10,155,0.2
10,156,0.12
10,157,0.12
10,158,0.36
10,159,0.2
10,160,0.36
10,161,0.28
10,162,0.28
10,163,0.2
10,164,0.28
10,165,0.08
10,166,0.08
10,167,0.48
10,168,0.12
10,169,0.48
10,170,0.36
10,171,0.16
10,172,0.2
10,173,0.36
10,174,0.12
10,175,0.4
10,176,0.4
10,177,0.24
10,178,0.4
10,179,0.12
10,180,0.24
10,181,0.48
10,182,0.08
10,183,0.16
10,184,0.28
10,185,0.12
10,186,0.28
10,187,0.2
10,188,0.4
10,189,0.28
10,190,0.28
10,191,0.48
10,192,0.12
10,193,0.6
10,194,0.28
10,195,0.52
10,196,0.24
10,197,0.6
10,198,0.36
10,199,0.56
10,200,0.36
10,201,0.4
10,202,0.44
10,203,0.08
10,204,0.36
10,205,0.36
10,206,0.56
10,207,0.56
10,208,0.12
10,209,0.2
10,210,0.24
10,211,0.32
10,212,0.4
10,213,0.12
10,214,0.2
10,215,0.16
10,216,0.4
10,217,0.08
10,218,0.2
10,219,0.36
10,220,0.16
10,221,0.36
10,222,0.12
10,223,0.16
10,224,0.56
10,225,0.16
10,226,0.32
10,227,0.4
10,228,0.24
10,229,0.32
10,230,0.12
10,231,0.32
10,232,0.12
10,233,0.36
10,234,0.36
10,235,0
10,236,0
11,1,0.2
11,2,0.24
11,3,0.32
11,4,0.16
11,5,0.16
11,6,0.12
11,7,0.2
11,8,0.28
11,9,0.2
11,10,0.28
11,11,0.28
11,12,0.24
11,13,0.32
11,14,0.32
11,15,0.2
11,16,0.48
11,17,0.12
11,18,0.2
11,19,0.16
11,20,0.16
11,21,0.2
11,22,0.28
11,23,0.16
11,24,0.28
11,25,0.12
11,26,0.12
11,27,0.16
11,28,0.68
11,29,0.4
11,30,0.4
11,31,0.2
11,32,0.28
11,33,0.16
11,34,0.6
11,35,0.2
11,36,0.16
11,37,0.24
11,38,0.44
11,39,0
11,40,0
11,41,0
11,42,0.4
11,43,0
11,44,0
11,45,0
11,46,0
11,47,0.44
11,48,0.44
11,49,0.32
11,50,0.16
11,51,0.08
11,52,0.32
11,53,0.08
11,54,0.08
11,55,0.4
11,56,0.2
11,57,0.24
11,58,0.32
11,59,0.44
11,60,0.44
11,61,0
11,62,0.56
11,63,0.16
11,64,0.16
11,65,0.36
11,66,0.2
11,67,0.32
11,68,0.44
11,69,0.4
11,70,0.36
11,71,0.12
11,72,0.28
11,73,0.12
11,74,0.32
11,75,0.56
11,76,0.12
11,77,0.36
11,78,0.16
11,79,0.2
11,80,0.4
11,81,0.32
11,82,0.16
11,83,0.24
11,84,0.24
11,85,0.4
11,86,0.32
11,87,0.08
11,88,0.28
11,89,0.16
11,90,0.2
11,91,0.28
11,92,0.12
11,93,0.08
11,94,0.2
11,95,0.24
11,96,0.32
11,97,0.2
11,98,0.64
11,99,0.6
11,100,0.2
11,101,0.24
11,102,0.64
11,103,0.28
11,104,0.16
11,105,0.16
11,106,0.6
11,107,0.36
11,108,0.4
11,109,0.24
11,110,0.16
11,111,0.32
11,112,0.16
11,113,0.52
11,114,0.52
11,115,0.24
11,116,0.28
11,117,0.24
11,118,0.52
11,119,0.28
11,120,0.64
11,121,0.32
11,122,0.24
11,123,0.2
11,124,0.28
11,125,0.2
11,126,0.16
11,127,0.16
11,128,0.32
11,129,0.16
11,130,0.32
11,131,0.28
11,132,0.64
11,133,0.56
11,134,0.44
11,135,0.08
11,136,0.52
11,137,0.24
11,138,0.32
11,139,0.6
11,140,0.32
11,141,0.44
11,142,0.36
11,143,0.4
11,144,0.6
11,145,0.52
11,146,0.36
11,147,0.24
11,148,0.16
11,149,0.36
11,150,0.24
11,151,0.2
11,152,0.16
11,153,0.6
11,154,0.24
11,155,0.28
11,156,0.12
11,157,0.24
11,158,0.24
11,159,0.36
11,160,0.24
11,161,0.24
11,162,0.32
11,163,0.2
11,164,0.12
11,165,0.24
11,166,0.32
11,167,0.64
11,168,0.12
11,169,0.44
11,170,0.12
11,171,0.16
11,172,0.2
11,173,0.16
11,174,0.24
11,175,0.28
11,176,0.28
11,177,0.12
11,178,0.2
11,179,0.28
11,180,0.16
11,181,0.2
11,182,0.2
11,183,0.28
11,184,0.24
11,185,0.24
11,186,0.24
11,187,0.24
11,188,0.44
11,189,0.08
11,190,0.2
11,191,0.32
11,192,0.24
11,193,0.24
11,194,0.2
11,195,0.52
11,196,0.4
11,197,0.52
11,198,0.12
11,199,0.24
11,200,0.24
11,201,0.16
11,202,0.2
11,203,0.32
11,204,0.56
11,205,0.4
11,206,0.2
11,207,0.2
11,208,0.2
11,209,0.16
11,210,0.12
11,211,0.24
11,212,0.36
11,213,0.12
11,214,0.12
11,215,0.24
11,216,0.32
11,217,0.12
11,218,0.32
11,219,0.16
11,220,0.12
11,221,0.4
11,222,0.24
11,223,0.56
11,224,0.28
11,225,0.64
11,226,0.28
11,227,0.2
11,228,0.16
11,229,0.2
11,230,0.2
11,231,0.36
11,232,0.12
11,233,0.16
11,234,0.28
11,235,0
11,236,0
12,1,0.16
12,2,0.28
12,3,0.28
12,4,0.28
12,5,0.2
12,6,0.36
12,7,0.28
12,8,0.44
12,9,0.2
12,10,0.32
12,11,0.2
12,12,0.52
12,13,0.44
12,14,0.32
12,15,0.2
12,16,0.6
12,17,0.16
12,18,0.12
12,19,0.28
12,20,0.12
12,21,0.36
12,22,0.4
12,23,0.08
12,24,0.36
12,25,0.28
12,26,0.08
12,27,0.16
12,28,0.28
12,29,0.32
12,30,0.24
12,31,0.2
12,32,0.2
12,33,0.28
12,34,0.32
12,35,0.16
12,36,0.24
12,37,0.36
12,38,0.12
12,39,0
12,40,0
12,41,0
12,42,0.12
12,43,0
12,44,0
12,45,0
12,46,0
12,47,0.24
12,48,0.4
12,49,0.4
12,50,0.2
12,51,0.24
12,52,0.2
12,53,0.12
12,54,0.16
12,55,0.08
12,56,0.44
12,57,0.16
12,58,0.2
12,59,0.36
12,60,0.6
12,61,0
12,62,0.2
12,63,0.4
12,64,0.32
12,65,0.4
12,66,0.08
12,67,0.36
12,68,0.08
12,69,0.28
12,70,0.36
12,71,0.12
12,72,0.32
12,73,0.28
12,74,0.16
12,75,0.6
12,76,0.28
12,77,0.32
12,78,0.52
12,79,0.08
12,80,0.4
12,81,0.16
12,82,0.28
12,83,0.32
12,84,0.36
12,85,0.2
12,86,0.16
12,87,0.16
12,88,0.16
12,89,0.32
12,90,0.16
12,91,0.36
12,92,0.08
12,93,0.28
12,94,0.2
12,95,0.2
12,96,0.32
12,97,0.24
12,98,0.24
12,99,0.2
12,100,0.48
12,101,0.36
12,102,0.48
12,103,0.16
12,104,0.2
12,105,0.36
12,106,0.16
12,107,0.2
12,108,0.28
12,109,0.56
12,110,0.16
12,111,0.28
12,112,0.12
12,113,0.56
12,114,0.56
12,115,0.32
12,116,0.4
12,117,0.28
12,118,0.56
12,119,0.12
12,120,0.44
12,121,0.24
12,122,0.12
12,123,0.2
12,124,0.08
12,125,0.44
12,126,0.36
12,127,0.2
12,128,0.24
12,129,0.4
12,130,0.16
12,131,0.24
12,132,0.24
12,133,0.4
12,134,0.28
12,135,0.12
12,136,0.56
12,137,0.24
12,138,0.08
12,139,0.6
12,140,0.4
12,141,0.16
12,142,0.6
12,143,0.36
12,144,0.2
12,145,0.4
12,146,0.16
12,147,0.2
12,148,0.6
12,149,0.48
12,150,0.2
12,151,0.28
12,152,0.28
12,153,0.16
12,154,0.52
12,155,0.28
12,156,0.16
12,157,0.28
12,158,0.36
12,159,0.24
12,160,0.36
12,161,0.32
12,162,0.32
12,163,0.2
12,164,0.2
12,165,0.2
12,166,0.16
12,167,0.32
12,168,0.28
12,169,0.28
12,170,0.28
12,171,0.16
12,172,0.24
12,173,0.32
12,174,0.2
12,175,0.44
12,176,0.2
12,177,0.32
12,178,0.12
12,179,0.24
12,180,0.48
12,181,0.52
12,182,0.24
12,183,0.4
12,184,0.28
12,185,0.24
12,186,0.12
12,187,0.2
12,188,0.28
12,189,0.28
12,190,0.16
12,191,0.4
12,192,0.28
12,193,0.4
12,194,0.36
12,195,0.28
12,196,0.2
12,197,0.32
12,198,0.36
12,199,0.28
12,200,0.28
12,201,0.32
12,202,0.6
12,203,0.08
12,204,0.44
12,205,0.24
12,206,0.16
12,207,0.52
12,208,0.08
12,209,0.32
12,210,0.36
12,211,0.32
12,212,0.2
12,213,0.28
12,214,0.24
12,215,0.32
12,216,0.36
12,217,0.28
12,218,0.12
12,219,0.2
12,220,0.12
12,221,0.24
12,222,0.28
12,223,0.2
12,224,0.52
12,225,0.4
12,226,0.08
12,227,0.24
12,228,0.24
12,229,0.44
12,230,0.28
12,231,0.28
12,232,0.16
12,233,0.28
12,234,0.12
12,235,0
12,236,0
13,1,0.24
13,2,0.12
13,3,0.24
13,4,0.32
13,5,0.12
13,6,0.24
13,7,0.28
13,8,0.52
13,9,0.16
13,10,0.2
13,11,0.08
13,12,0.44
13,13,0.44
13,14,0.28
13,15,0.24
13,16,0.32
13,17,0.12
13,18,0.2
13,19,0.2
13,20,0.32
13,21,0.44
13,22,0.48
13,23,0.24
13,24,0.16
13,25,0.12
13,26,0.36
13,27,0.16
13,28,0.4
13,29,0.16
13,30,0.52
13,31,0.12
13,32,0.12
13,33,0.16
13,34,0.4
13,35,0.16
13,36,0.28
13,37,0.28
13,38,0.12
13,39,0
13,40,0
13,41,0
13,42,0.2
13,43,0
13,44,0
13,45,0
13,46,0
13,47,0.16
13,48,0.08
13,49,0.16
13,50,0.12
13,51,0.12
13,52,0.08
13,53,0.24
13,54,0.24
13,55,0.24
13,56,0.44
13,57,0.28
13,58,0.4
13,59,0.28
13,60,0.6
13,61,0
13,62,0.32
13,63,0.4
13,64,0.32
13,65,0.16
13,66,0.24
13,67,0.2
13,68,0.28
13,69,0.56
13,70,0.24
13,71,0.16
13,72,0.24
13,73,0.16
13,74,0.48
13,75,0.56
13,76,0.4
13,77,0.36
13,78,0.48
13,79,0.24
13,80,0.4
13,81,0.12
13,82,0.36
13,83,0.16
13,84,0.36
13,85,0.2
13,86,0.4
13,87,0.16
13,88,0.24
13,89,0.24
13,90,0.28
13,91,0.28
13,92,0.24
13,93,0.24
13,94,0.28
13,95,0.2
13,96,0.4
13,97,0.36
13,98,0.2
13,99,0.36
13,100,0.48
13,101,0.32
13,102,0.32
13,103,0.12
13,104,0.4
13,105,0.12
13,106,0.52
13,107,0.36
13,108,0.36
13,109,0.44
13,110,0.28
13,111,0.28
13,112,0.12
13,113,0.52
13,114,0.52
13,115,0.36
13,116,0.32
13,117,0.48
13,118,0.52
13,119,0.12
13,120,0.36
13,121,0.12
13,122,0.24
13,123,0.2
13,124,0.16
13,125,0.16
13,126,0.2
13,127,0.12
13,128,0.2
13,129,0.16
13,130,0.08
13,131,0.32
13,132,0.36
13,133,0.32
13,134,0.32
13,135,0.16
13,136,0.52
13,137,0.24
13,138,0.2
13,139,0.48
13,140,0.12
13,141,0.32
13,142,0.44
13,143,0.4
13,144,0.24
13,145,0.6
13,146,0.36
13,147,0.36
13,148,0.36
13,149,0.24
13,150,0.2
13,151,0.08
13,152,0.16
13,153,0.28
13,154,0.4
13,155,0.24
13,156,0.2
13,157,0.32
13,158,0.16
13,159,0.12
13,160,0.2
13,161,0.36
13,162,0.12
13,163,0.12
13,164,0.28
13,165,0.2
13,166,0.16
13,167,0.6
13,168,0.2
13,169,0.44
13,170,0.2
13,171,0.32
13,172,0.24
13,173,0.28
13,174,0.24
13,175,0.6
13,176,0.32
13,177,0.4
13,178,0.16
13,179,0.24
13,180,0.56
13,181,0.24
13,182,0.16
13,183,0.4
13,184,0.36
13,185,0.16
13,186,0.24
13,187,0.28
13,188,0.16
13,189,0.16
13,190,0.2
13,191,0.28
13,192,0.28
13,193,0.4
13,194,0.16
13,195,0.24
13,196,0.08
13,197,0.56
13,198,0.32
13,199,0.2
13,200,0.36
13,201,0.12
13,202,0.4
13,203,0.12
13,204,0.56
13,205,0.16
13,206,0.56
13,207,0.28
13,208,0.28
13,209,0.12
13,210,0.24
13,211,0.32
13,212,0.12
13,213,0.36
13,214,0.4
13,215,0.12
13,216,0.4
13,217,0.12
13,218,0.28
13,219,0.24
13,220,0.36
13,221,0.12
13,222,0.2
13,223,0.44
13,224,0.44
13,225,0.2
13,226,0.16
13,227,0.32
13,228,0.24
13,229,0.6
13,230,0.28
13,231,0.28
13,232,0.36
13,233,0.16
13,234,0.4
13,235,0
13,236,0
14,1,0.28
14,2,0.2
14,3,0.12
14,4,0.28
14,5,0.12
14,6,0.24
14,7,0.12
14,8,0.2
14,9,0.24
14,10,0.36
14,11,0.36
14,12,0.4
14,13,0.56
14,14,0.08
14,15,0.24
14,16,0.32
14,17,0.2
14,18,0.16
14,19,0.08
14,20,0.2
14,21,0.2
14,22,0.4
14,23,0.24
14,24,0.2
14,25,0.32
14,26,0.4
14,27,0.12
14,28,0.28
14,29,0.36
14,30,0.44
14,31,0.24
14,32,0.28
14,33,0.12
14,34,0.24
14,35,0.12
14,36,0.28
14,37,0.12
14,38,0.4
14,39,0
14,40,0
14,41,0
14,42,0.2
14,43,0
14,44,0
14,45,0
14,46,0
14,47,0.32
14,48,0.16
14,49,0.28
14,50,0.12
14,51,0.28
14,52,0.24
14,53,0.28
14,54,0.2
14,55,0.36
14,56,0.24
14,57,0.32
14,58,0.2
14,59,0.2
14,60,0.28
14,61,0
14,62,0.44
14,63,0.36
14,64,0.16
14,65,0.24
14,66,0.08
14,67,0.16
14,68,0.36
14,69,0.52
14,70,0.28
14,71,0.24
14,72,0.32
14,73,0.24
14,74,0.4
14,75,0.4
14,76,0.16
14,77,0.08
14,78,0.6
14,79,0.28
14,80,0.12
14,81,0.16
14,82,0.52
14,83,0.28
14,84,0.28
14,85,0.12
14,86,0.16
14,87,0.12
14,88,0.08
14,89,0.32
14,90,0.36
14,91,0.4
14,92,0.2
14,93,0.2
14,94,0.24
14,95,0.16
14,96,0.36
14,97,0.24
14,98,0.24
14,99,0.52
14,100,0.44
14,101,0.4
14,102,0.24
14,103,0.2
14,104,0.32
14,105,0.36
14,106,0.48
14,107,0.2
14,108,0.32
14,109,0.44
14,110,0.24
14,111,0.32
14,112,0.08
14,113,0.56
14,114,0.56
14,115,0.12
14,116,0.12
14,117,0.32
14,118,0.56
14,119,0.32
14,120,0.32
14,121,0.4
14,122,0.12
14,123,0.28
14,124,0.2
14,125,0.2
14,126,0.16
14,127,0.16
14,128,0.16
14,129,0.36
14,130,0.2
14,131,0.12
14,132,0.4
14,133,0.28
14,134,0.32
14,135,0.24
14,136,0.56
14,137,0.24
14,138,0.16
14,139,0.52
14,140,0.28
14,141,0.4
14,142,0.6
14,143,0.24
14,144,0.2
14,145,0.36
14,146,0.4
14,147,0.32
14,148,0.52
14,149,0.16
14,150,0.28
14,151,0.2
14,152,0.24
14,153,0.32
14,154,0.56
14,155,0.28
14,156,0.28
14,157,0.36
14,158,0.36
14,159,0.32
14,160,0.28
14,161,0.2
14,162,0.12
14,163,0.2
14,164,0.12
14,165,0.28
14,166,0.2
14,167,0.56
14,168,0.24
14,169,0.16
14,170,0.24
14,171,0.08
14,172,0.24
14,173,0.28
14,174,0.12
14,175,0.56
14,176,0.4
14,177,0.4
14,178,0.28
14,179,0.16
14,180,0.28
14,181,0.48
14,182,0.28
14,183,0.4
14,184,0.08
14,185,0.16
14,186,0.24
14,187,0.4
14,188,0.24
14,189,0.16
14,190,0.12
14,191,0.2
14,192,0.2
14,193,0.56
14,194,0.24
14,195,0.48
14,196,0.24
14,197,0.36
14,198,0.36
14,199,0.16
14,200,0.12
14,201,0.24
14,202,0.36
14,203,0.36
14,204,0.36
14,205,0.32
14,206,0.32
14,207,0.32
14,208,0.16
14,209,0.24
14,210,0.12
14,211,0.28
14,212,0.4
14,213,0.12
14,214,0.4
14,215,0.36
14,216,0.12
14,217,0.12
14,218,0.24
14,219,0.36
14,220,0.2
14,221,0.4
14,222,0.32
14,223,0.6
14,224,0.52
14,225,0.36
14,226,0.2
14,227,0.36
14,228,0.16
14,229,0.2
14,230,0.48
14,231,0.16
14,232,0.24
14,233,0.28
14,234,0.4
14,235,0
14,236,0
15,1,0.08
15,2,0.2
15,3,0.2
15,4,0.32
15,5,0.32
15,6,0.08
15,7,0.32
15,8,0.24
15,9,0.32
15,10,0.24
15,11,0.36
15,12,0.28
15,13,0.36
15,14,0.08
15,15,0.32
15,16,0.36
15,17,0.12
15,18,0.08
15,19,0.2
15,20,0.4
15,21,0.4
15,22,0.28
15,23,0.16
15,24,0.4
15,25,0.12
15,26,0.16
15,27,0.2
15,28,0.2
15,29,0.2
15,30,0.56
15,31,0.2
15,32,0.2
15,33,0.12
15,34,0.16
15,35,0.24
15,36,0.24
15,37,0.16
15,38,0.24
15,39,0
15,40,0
15,41,0
15,42,0.24
15,43,0
15,44,0
15,45,0
15,46,0
15,47,0.12
15,48,0.4
15,49,0.4
15,50,0.24
15,51,0.28
15,52,0.4
15,53,0.08
15,54,0.28
15,55,0.16
15,56,0.36
15,57,0.24
15,58,0.32
15,59,0.16
15,60,0.6
15,61,0
15,62,0.48
15,63,0.36
15,64,0.16
15,65,0.2
15,66,0.24
15,67,0.4
15,68,0.2
15,69,0.6
15,70,0.08
15,71,0.16
15,72,0.2
15,73,0.28
15,74,0.4
15,75,0.4
15,76,0.12
15,77,0.24
15,78,0.16
15,79,0.12
15,80,0.36
15,81,0.24
15,82,0.4
15,83,0.4
15,84,0.2
15,85,0.28
15,86,0.36
15,87,0.24
15,88,0.32
15,89,0.24
15,90,0.12
15,91,0.32
15,92,0.28
15,93,0.24
15,94,0.12
15,95,0.08
15,96,0.28
15,97,0.12
15,98,0.6
15,99,0.24
15,100,0.4
15,101,0.16
15,102,0.48
15,103,0.24
15,104,0.2
15,105,0.16
15,106,0.36
15,107,0.12
15,108,0.36
15,109,0.36
15,110,0.16
15,111,0.28
15,112,0.4
15,113,0.56
15,114,0.56
15,115,0.28
15,116,0.28
15,117,0.36
15,118,0.56
15,119,0.24
15,120,0.24
15,121,0.36
15,122,0.2
15,123,0.08
15,124,0.28
15,125,0.4
15,126,0.32
15,127,0.12
15,128,0.12
15,129,0.24
15,130,0.36
15,131,0.28
15,132,0.4
15,133,0.16
15,134,0.24
15,135,0.2
15,136,0.56
15,137,0.28
15,138,0.32
15,139,0.48
15,140,0.24
15,141,0.56
15,142,0.56
15,143,0.6
15,144,0.24
15,145,0.56
15,146,0.32
15,147,0.32
15,148,0.32
15,149,0.36
15,150,0.24
15,151,0.16
15,152,0.16
15,153,0.6
15,154,0.32
15,155,0.32
15,156,0.24
15,157,0.2
15,158,0.12
15,159,0.32
15,160,0.08
15,161,0.12
15,162,0.12
15,163,0.12
15,164,0.24
15,165,0.28
15,166,0.2
15,167,0.52
15,168,0.24
15,169,0.6
15,170,0.08
15,171,0.2
15,172,0.08
15,173,0.16
15,174,0.16
15,175,0.48
15,176,0.36
15,177,0.16
15,178,0.16
15,179,0.16
15,180,0.6
15,181,0.16
15,182,0.16
15,183,0.28
15,184,0.28
15,185,0.24
15,186,0.24
15,187,0.32
15,188,0.2
15,189,0.24
15,190,0.28
15,191,0.2
15,192,0.2
15,193,0.6
15,194,0.4
15,195,0.4
15,196,0.28
15,197,0.24
15,198,0.4
15,199,0.4
15,200,0.24
15,201,0.12
15,202,0.36
15,203,0.36
15,204,0.6
15,205,0.2
15,206,0.6
15,207,0.28
15,208,0.12
15,209,0.16
15,210,0.36
15,211,0.2
15,212,0.32
15,213,0.28
15,214,0.4
15,215,0.2
15,216,0.08
15,217,0.12
15,218,0.32
15,219,0.2
15,220,0.28
15,221,0.4
15,222,0.12
15,223,0.4
15,224,0.52
15,225,0.2
15,226,0.12
15,227,0.36
15,228,0.16
15,229,0.4
15,230,0.48
15,231,0.12
15,232,0.4
15,233,0.32
15,234,0.08
15,235,0
15,236,0
16,1,0.24
16,2,0.16
16,3,0.32
16,4,0.36
16,5,0.32
16,6,0.36
16,7,0.16
16,8,0.32
16,9,0.32
16,10,0.36
16,11,0.28
16,12,0.2
16,13,0.36
16,14,0.2
16,15,0.28
16,16,0.48
16,17,0.08
16,18,0.28
16,19,0.08
16,20,0.36
16,21,0.28
16,22,0.28
16,23,0.24
16,24,0.36
16,25,0.12
16,26,0.16
16,27,0.28
16,28,0.52
16,29,0.2
16,30,0.24
16,31,0.16
16,32,0.24
16,33,0.16
16,34,0.52
16,35,0.2
16,36,0.24
16,37,0.12
16,38,0.16
16,39,0
16,40,0
16,41,0
16,42,0.36
16,43,0
16,44,0
16,45,0
16,46,0
16,47,0.2
16,48,0.2
16,49,0.32
16,50,0.28
16,51,0.08
16,52,0.2
16,53,0.16
16,54,0.16
16,55,0.24
16,56,0.44
16,57,0.4
16,58,0.44
16,59,0.32
16,60,0.52
16,61,0
16,62,0.44
16,63,0.2
16,64,0.36
16,65,0.36
16,66,0.16
16,67,0.28
16,68,0.16
16,69,0.44
16,70,0.12
16,71,0.12
16,72,0.28
16,73,0.16
16,74,0.4
16,75,0.6
16,76,0.24
16,77,0.28
16,78,0.36
16,79,0.08
16,80,0.16
16,81,0.4
16,82,0.44
16,83,0.36
16,84,0.28
16,85,0.24
16,86,0.28
16,87,0.16
16,88,0.24
16,89,0.12
16,90,0.2
16,91,0.4
16,92,0.16
16,93,0.24
16,94,0.08
16,95,0.24
16,96,0.16
16,97,0.28
16,98,0.12
16,99,0.44
16,100,0.44
16,101,0.36
16,102,0.56
16,103,0.2
16,104,0.16
16,105,0.2
16,106,0.24
16,107,0.32
16,108,0.36
16,109,0.24
16,110,0.08
16,111,0.24
16,112,0.16
16,113,0.56
16,114,0.56
16,115,0.32
16,116,0.16
16,117,0.56
16,118,0.56
16,119,0.36
16,120,0.12
16,121,0.2
16,122,0.2
16,123,0.28
16,124,0.12
16,125,0.32
16,126,0.28
16,127,0.24
16,128,0.36
16,129,0.28
16,130,0.28
16,131,0.32
16,132,0.32
16,133,0.32
16,134,0.2
16,135,0.24
16,136,0.56
16,137,0.16
16,138,0.12
16,139,0.16
16,140,0.36
16,141,0.6
16,142,0.4
16,143,0.24
16,144,0.28
16,145,0.2
16,146,0.12
16,147,0.4
16,148,0.52
16,149,0.44
16,150,0.2
16,151,0.28
16,152,0.24
16,153,0.52
16,154,0.24
16,155,0.16
16,156,0.2
16,157,0.12
16,158,0.12
16,159,0.24
16,160,0.28
16,161,0.36
16,162,0.32
16,163,0.32
16,164,0.32
16,165,0.32
16,166,0.32
16,167,0.16
16,168,0.24
16,169,0.28
16,170,0.4
16,171,0.32
16,172,0.12
16,173,0.16
16,174,0.28
16,175,0.36
16,176,0.28
16,177,0.12
16,178,0.28
16,179,0.24
16,180,0.48
16,181,0.16
16,182,0.28
16,183,0.16
16,184,0.16
16,185,0.2
16,186,0.16
16,187,0.32
16,188,0.24
16,189,0.24
16,190,0.28
16,191,0.44
16,192,0.08
16,193,0.2
16,194,0.36
16,195,0.32
16,196,0.36
16,197,0.56
16,198,0.24
16,199,0.48
16,200,0.28
16,201,0.16
16,202,0.32
16,203,0.36
16,204,0.52
16,205,0.36
16,206,0.28
16,207,0.4
16,208,0.2
16,209,0.12
16,210,0.32
16,211,0.24
16,212,0.2
16,213,0.24
16,214,0.36
16,215,0.16
16,216,0.32
16,217,0.16
16,218,0.24
16,219,0.28
16,220,0.16
16,221,0.32
16,222,0.36
16,223,0.4
16,224,0.28
16,225,0.44
16,226,0.2
16,227,0.2
16,228,0.28
16,229,0.56
16,230,0.16
16,231,0.24
16,232,0.36
16,233,0.24
16,234,0.12
16,235,0
16,236,0
17,1,0.2
17,2,0.24
17,3,0.2
17,4,0.36
17,5,0.32
17,6,0.36
17,7,0.08
17,8,0.56
17,9,0.16
17,10,0.4
17,11,0.2
17,12,0.16
17,13,0.16
17,14,0.16
17,15,0.08
17,16,0.36
17,17,0.08
17,18,0.08
17,19,0.16
17,20,0.36
17,21,0.2
17,22,0.6
17,23,0.28
17,24,0.4
17,25,0.2
17,26,0.16
17,27,0.12
17,28,0.2
17,29,0.12
17,30,0.4
17,31,0.12
17,32,0.2
17,33,0.32
17,34,0.36
17,35,0.08
17,36,0.32
17,37,0.32
17,38,0.36
17,39,0
17,40,0
17,41,0
17,42,0.24
17,43,0
17,44,0
17,45,0
17,46,0
17,47,0.16
17,48,0.28
17,49,0.2
17,50,0.2
17,51,0.12
17,52,0.36
17,53,0.28
17,54,0.24
17,55,0.36
17,56,0.4
17,57,0.24
17,58,0.56
17,59,0.2
17,60,0.28
17,61,0
17,62,0.16
17,63,0.32
17,64,0.28
17,65,0.32
17,66,0.24
17,67,0.2
17,68,0.16
17,69,0.28
17,70,0.16
17,71,0.28
17,72,0.48
17,73,0.32
17,74,0.28
17,75,0.36
17,76,0.36
17,77,0.36
17,78,0.2
17,79,0.16
17,80,0.12
17,81,0.12
17,82,0.2
17,83,0.12
17,84,0.08
17,85,0.16
17,86,0.12
17,87,0.08
17,88,0.28
17,89,0.2
17,90,0.36
17,91,0.2
17,92,0.32
17,93,0.24
17,94,0.28
17,95,0.24
17,96,0.4
17,97,0.36
17,98,0.36
17,99,0.52
17,100,0.32
17,101,0.12
17,102,0.28
17,103,0.24
17,104,0.12
17,105,0.4
17,106,0.28
17,107,0.12
17,108,0.24
17,109,0.32
17,110,0.28
17,111,0.16
17,112,0.2
17,113,0.6
17,114,0.6
17,115,0.24
17,116,0.24
17,117,0.48
17,118,0.6
17,119,0.12
17,120,0.52
17,121,0.32
17,122,0.2
17,123,0.2
17,124,0.28
17,125,0.44
17,126,0.16
17,127,0.2
17,128,0.28
17,129,0.28
17,130,0.24
17,131,0.32
17,132,0.52
17,133,0.4
17,134,0.2
17,135,0.2
17,136,0.6
17,137,0.2
17,138,0.24
17,139,0.2
17,140,0.32
17,141,0.44
17,142,0.36
17,143,0.28
17,144,0.4
17,145,0.56
17,146,0.08
17,147,0.6
17,148,0.32
17,149,0.56
17,150,0.2
17,151,0.32
17,152,0.16
17,153,0.48
17,154,0.52
17,155,0.08
17,156,0.32
17,157,0.24
17,158,0.12
17,159,0.24
17,160,0.16
17,161,0.2
17,162,0.24
17,163,0.16
17,164,0.36
17,165,0.28
17,166,0.2
17,167,0.4
17,168,0.2
17,169,0.28
17,170,0.4
17,171,0.32
17,172,0.16
17,173,0.2
17,174,0.08
17,175,0.4
17,176,0.32
17,177,0.28
17,178,0.32
17,179,0.12
17,180,0.4
17,181,0.52
17,182,0.32
17,183,0.24
17,184,0.28
17,185,0.28
17,186,0.24
17,187,0.32
17,188,0.24
17,189,0.2
17,190,0.2
17,191,0.4
17,192,0.08
17,193,0.52
17,194,0.2
17,195,0.44
17,196,0.36
17,197,0.6
17,198,0.36
17,199,0.48
17,200,0.12
17,201,0.12
17,202,0.32
17,203,0.32
17,204,0.44
17,205,0.24
17,206,0.2
17,207,0.52
17,208,0.24
17,209,0.4
17,210,0.32
17,211,0.16
17,212,0.36
17,213,0.28
17,214,0.2
17,215,0.16
17,216,0.28
17,217,0.24
17,218,0.24
17,219,0.2
17,220,0.28
17,221,0.2
17,222,0.2
17,223,0.44
17,224,0.32
17,225,0.16
17,226,0.2
17,227,0.24
17,228,0.32
17,229,0.28
17,230,0.48
17,231,0.12
17,232,0.2
17,233,0.12
17,234,0.36
17,235,0
17,236,0
18,1,0.32
18,2,0.16
18,3,0.2
18,4,0.28
18,5,0.24
18,6,0.2
18,7,0.32
18,8,0.4
18,9,0.28
18,10,0.2
18,11,0.16
18,12,0.44
18,13,0.48
18,14,0.28
18,15,0.32
18,16,0.2
18,17,0.28
18,18,0.24
18,19,0.16
18,20,0.36
18,21,0.16
18,22,0.48
18,23,0.24
18,24,0.2
18,25,0.24
18,26,0.36
18,27,0.28
18,28,0.16
18,29,0.12
18,30,0.56
18,31,0.24
18,32,0.16
18,33,0.12
18,34,0.52
18,35,0.24
18,36,0.16
18,37,0.12
18,38,0.36
18,39,0
18,40,0
18,41,0
18,42,0.32
18,43,0
18,44,0
18,45,0
18,46,0
18,47,0.32
18,48,0.24
18,49,0.28
18,50,0.12
18,51,0.2
18,52,0.28
18,53,0.12
18,54,0.32
18,55,0.28
18,56,0.28
18,57,0.4
18,58,0.2
18,59,0.36
18,60,0.56
18,61,0
18,62,0.32
18,63,0.36
18,64,0.28
18,65,0.16
18,66,0.12
18,67,0.16
18,68,0.16
18,69,0.4
18,70,0.16
18,71,0.24
18,72,0.16
18,73,0.36
18,74,0.36
18,75,0.24
18,76,0.28
18,77,0.36
18,78,0.44
18,79,0.08
18,80,0.24
18,81,0.24
18,82,0.48
18,83,0.28
18,84,0.12
18,85,0.2
18,86,0.28
18,87,0.32
18,88,0.32
18,89,0.32
18,90,0.32
18,91,0.08
18,92,0.32
18,93,0.24
18,94,0.08
18,95,0.12
18,96,0.36
18,97,0.16
18,98,0.44
18,99,0.44
18,100,0.2
18,101,0.36
18,102,0.32
18,103,0.2
18,104,0.4
18,105,0.2
18,106,0.32
18,107,0.36
18,108,0.16
18,109,0.28
18,110,0.32
18,111,0.16
18,112,0.08
18,113,0.6
18,114,0.6
18,115,0.28
18,116,0.4
18,117,0.28
18,118,0.6
18,119,0.08
18,120,0.2
18,121,0.28
18,122,0.12
18,123,0.16
18,124,0.28
18,125,0.4
18,126,0.12
18,127,0.24
18,128,0.24
18,129,0.12
18,130,0.16
18,131,0.24
18,132,0.56
18,133,0.6
18,134,0.16
18,135,0.08
18,136,0.6
18,137,0.32
18,138,0.2
18,139,0.16
18,140,0.28
18,141,0.4
18,142,0.2
18,143,0.32
18,144,0.16
18,145,0.36
18,146,0.12
18,147,0.52
18,148,0.6
18,149,0.24
18,150,0.32
18,151,0.16
18,152,0.12
18,153,0.56
18,154,0.6
18,155,0.24
18,156,0.08
18,157,0.28
18,158,0.12
18,159,0.36
18,160,0.2
18,161,0.16
18,162,0.2
18,163,0.24
18,164,0.12
18,165,0.08
18,166,0.36
18,167,0.56
18,168,0.16
18,169,0.4
18,170,0.2
18,171,0.28
18,172,0.16
18,173,0.36
18,174,0.08
18,175,0.48
18,176,0.28
18,177,0.32
18,178,0.12
18,179,0.08
18,180,0.4
18,181,0.4
18,182,0.2
18,183,0.4
18,184,0.12
18,185,0.2
18,186,0.32
18,187,0.16
18,188,0.36
18,189,0.2
18,190,0.28
18,191,0.36
18,192,0.16
18,193,0.48
18,194,0.4
18,195,0.2
18,196,0.28
18,197,0.52
18,198,0.36
18,199,0.16
18,200,0.32
18,201,0.24
18,202,0.56
18,203,0.24
18,204,0.36
18,205,0.16
18,206,0.52
18,207,0.36
18,208,0.32
18,209,0.24
18,210,0.28
18,211,0.16
18,212,0.2
18,213,0.24
18,214,0.16
18,215,0.16
18,216,0.28
18,217,0.32
18,218,0.28
18,219,0.08
18,220,0.28
18,221,0.28
18,222,0.2
18,223,0.36
18,224,0.44
18,225,0.16
18,226,0.24
18,227,0.32
18,228,0.16
18,229,0.56
18,230,0.44
18,231,0.24
18,232,0.16
18,233,0.36
18,234,0.28
18,235,0
18,236,0
19,1,0.08
19,2,0.08
19,3,0.16
19,4,0.08
19,5,0.24
19,6,0.4
19,7,0.16
19,8,0.44
19,9,0.4
19,10,0.32
19,11,0.16
19,12,0.24
19,13,0.24
19,14,0.36
19,15,0.32
19,16,0.2
19,17,0.16
19,18,0.28
19,19,0.12
19,20,0.2
19,21,0.4
19,22,0.4
19,23,0.32
19,24,0.2
19,25,0.2
19,26,0.32
19,27,0.12
19,28,0.28
19,29,0.24
19,30,0.24
19,31,0.2
19,32,0.2
19,33,0.16
19,34,0.16
19,35,0.36
19,36,0.16
19,37,0.12
19,38,0.4
19,39,0
19,40,0
19,41,0
19,42,0.12
19,43,0
19,44,0
19,45,0
19,46,0
19,47,0.16
19,48,0.28
19,49,0.24
19,50,0.24
19,51,0.16
19,52,0.36
19,53,0.12
19,54,0.2
19,55,0.36
19,56,0.4
19,57,0.12
19,58,0.16
19,59,0.32
19,60,0.24
19,61,0
19,62,0.4
19,63,0.12
19,64,0.16
19,65,0.24
19,66,0.12
19,67,0.36
19,68,0.12
19,69,0.2
19,70,0.08
19,71,0.2
19,72,0.52
19,73,0.2
19,74,0.52
19,75,0.48
19,76,0.28
19,77,0.28
19,78,0.16
19,79,0.24
19,80,0.32
19,81,0.24
19,82,0.28
19,83,0.2
19,84,0.36
19,85,0.12
19,86,0.24
19,87,0.2
19,88,0.24
19,89,0.16
19,90,0.24
19,91,0.16
19,92,0.24
19,93,0.32
19,94,0.2
19,95,0.16
19,96,0.28
19,97,0.16
19,98,0.48
19,99,0.48
19,100,0.56
19,101,0.2
19,102,0.2
19,103,0.36
19,104,0.24
19,105,0.36
19,106,0.44
19,107,0.36
19,108,0.32
19,109,0.52
19,110,0.32
19,111,0.28
19,112,0.28
19,113,0.64
19,114,0.64
19,115,0.24
19,116,0.2
19,117,0.56
19,118,0.64
19,119,0.12
19,120,0.6
19,121,0.36
19,122,0.08
19,123,0.32
19,124,0.28
19,125,0.24
19,126,0.32
19,127,0.12
19,128,0.12
19,129,0.4
19,130,0.2
19,131,0.32
19,132,0.56
19,133,0.2
19,134,0.24
19,135,0.12
19,136,0.64
19,137,0.08
19,138,0.16
19,139,0.44
19,140,0.36
19,141,0.36
19,142,0.56
19,143,0.24
19,144,0.24
19,145,0.24
19,146,0.12
19,147,0.52
19,148,0.48
19,149,0.44
19,150,0.28
19,151,0.32
19,152,0.12
19,153,0.4
19,154,0.32
19,155,0.32
19,156,0.16
19,157,0.2
19,158,0.16
19,159,0.12
19,160,0.16
19,161,0.24
19,162,0.32
19,163,0.12
19,164,0.24
19,165,0.32
19,166,0.12
19,167,0.44
19,168,0.32
19,169,0.16
19,170,0.32
19,171,0.32
19,172,0.32
19,173,0.12
19,174,0.2
19,175,0.52
19,176,0.36
19,177,0.16
19,178,0.08
19,179,0.28
19,180,0.32
19,181,0.44
19,182,0.24
19,183,0.16
19,184,0.28
19,185,0.2
19,186,0.2
19,187,0.32
19,188,0.32
19,189,0.08
19,190,0.12
19,191,0.28
19,192,0.28
19,193,0.4
19,194,0.36
19,195,0.6
19,196,0.28
19,197,0.56
19,198,0.2
19,199,0.28
19,200,0.2
19,201,0.12
19,202,0.32
19,203,0.2
19,204,0.56
19,205,0.36
19,206,0.44
19,207,0.44
19,208,0.2
19,209,0.32
19,210,0.28
19,211,0.36
19,212,0.2
19,213,0.28
19,214,0.32
19,215,0.08
19,216,0.36
19,217,0.4
19,218,0.08
19,219,0.28
19,220,0.16
19,221,0.28
19,222,0.24
19,223,0.16
19,224,0.52
19,225,0.2
19,226,0.16
19,227,0.24
19,228,0.24
19,229,0.28
19,230,0.56
19,231,0.36
19,232,0.08
19,233,0.24
19,234,0.4
19,235,0
19,236,0
20,1,0.2
20,2,0.36
20,3,0.4
20,4,0.24
20,5,0.16
20,6,0.32
20,7,0.28
20,8,0.56
20,9,0.28
20,10,0.28
20,11,0.24
20,12,0.44
20,13,0.32
20,14,0.2
20,15,0.36
20,16,0.44
20,17,0.16
20,18,0.2
20,19,0.08
20,20,0.16
20,21,0.4
20,22,0.28
20,23,0.2
20,24,0.12
20,25,0.08
20,26,0.32
20,27,0.12
20,28,0.24
20,29,0.32
20,30,0.12
20,31,0.12
20,32,0.16
20,33,0.16
20,34,0.28
20,35,0.28
20,36,0.12
20,37,0.36
20,38,0.12
20,39,0
20,40,0
20,41,0
20,42,0.28
20,43,0
20,44,0
20,45,0
20,46,0
20,47,0.12
20,48,0.16
20,49,0.36
20,50,0.12
20,51,0.16
20,52,0.16
20,53,0.28
20,54,0.36
20,55,0.36
20,56,0.56
20,57,0.4
20,58,0.12
20,59,0.28
20,60,0.36
20,61,0
20,62,0.36
20,63,0.24
20,64,0.28
20,65,0.32
20,66,0.24
20,67,0.36
20,68,0.12
20,69,0.36
20,70,0.24
20,71,0.28
20,72,0.28
20,73,0.32
20,74,0.32
20,75,0.44
20,76,0.24
20,77,0.32
20,78,0.32
20,79,0.08
20,80,0.12
20,81,0.32
20,82,0.24
20,83,0.08
20,84,0.2
20,85,0.32
20,86,0.28
20,87,0.28
20,88,0.16
20,89,0.28
20,90,0.2
20,91,0.24
20,92,0.32
20,93,0.16
20,94,0.28
20,95,0.08
20,96,0.12
20,97,0.12
20,98,0.24
20,99,0.28
20,100,0.2
20,101,0.12
20,102,0.52
20,103,0.16
20,104,0.32
20,105,0.08
20,106,0.2
20,107,0.32
20,108,0.32
20,109,0.36
20,110,0.12
20,111,0.12
20,112,0.4
20,113,0.68
20,114,0.68
20,115,0.28
20,116,0.2
20,117,0.32
20,118,0.68
20,119,0.24
20,120,0.52
20,121,0.4
20,122,0.12
20,123,0.36
20,124,0.36
20,125,0.48
20,126,0.32
20,127,0.08
20,128,0.36
20,129,0.28
20,130,0.32
20,131,0.36
20,132,0.24
20,133,0.16
20,134,0.2
20,135,0.16
20,136,0.68
20,137,0.24
20,138,0.36
20,139,0.52
20,140,0.2
20,141,0.56
20,142,0.28
20,143,0.44
20,144,0.48
20,145,0.52
20,146,0.12
20,147,0.4
20,148,0.52
20,149,0.4
20,150,0.12
20,151,0.36
20,152,0.2
20,153,0.4
20,154,0.48
20,155,0.28
20,156,0.32
20,157,0.24
20,158,0.2
20,159,0.2
20,160,0.32
20,161,0.2
20,162,0.2
20,163,0.36
20,164,0.16
20,165,0.2
20,166,0.4
20,167,0.48
20,168,0.32
20,169,0.24
20,170,0.08
20,171,0.24
20,172,0.12
20,173,0.28
20,174,0.2
20,175,0.2
20,176,0.2
20,177,0.36
20,178,0.2
20,179,0.24
20,180,0.16
20,181,0.28
20,182,0.2
20,183,0.16
20,184,0.2
20,185,0.28
20,186,0.32
20,187,0.2
20,188,0.28
20,189,0.24
20,190,0.12
20,191,0.32
20,192,0.2
20,193,0.2
20,194,0.24
20,195,0.4
20,196,0.2
20,197,0.48
20,198,0.24
20,199,0.4
20,200,0.2
20,201,0.32
20,202,0.2
20,203,0.36
20,204,0.48
20,205,0.2
20,206,0.36
20,207,0.44
20,208,0.2
20,209,0.28
20,210,0.24
20,211,0.2
20,212,0.4
20,213,0.2
20,214,0.12
20,215,0.36
20,216,0.12
20,217,0.28
20,218,0.32
20,219,0.16
20,220,0.4
20,221,0.2
20,222,0.12
20,223,0.32
20,224,0.28
20,225,0.16
20,226,0.12
20,227,0.36
20,228,0.12
20,229,0.6
20,230,0.48
20,231,0.24
20,232,0.32
20,233,0.2
20,234,0.36
20,235,0
20,236,0
21,1,0.36
21,2,0.24
21,3,0.32
21,4,0.36
21,5,0.28
21,6,0.08
21,7,0.2
21,8,0.36
21,9,0.12
21,10,0.2
21,11,0.4
21,12,0.32
21,13,0.4
21,14,0.32
21,15,0.08
21,16,0.36
21,17,0.12
21,18,0.28
21,19,0.2
21,20,0.24
21,21,0.4
21,22,0.48
21,23,0.24
21,24,0.28
21,25,0.36
21,26,0.2
21,27,0.28
21,28,0.52
21,29,0.36
21,30,0.36
21,31,0.12
21,32,0.36
21,33,0.16
21,34,0.36
21,35,0.2
21,36,0.12
21,37,0.36
21,38,0.2
21,39,0
21,40,0
21,41,0
21,42,0.12
21,43,0
21,44,0
21,45,0
21,46,0
21,47,0.32
21,48,0.12
21,49,0.28
21,50,0.32
21,51,0.12
21,52,0.24
21,53,0.32
21,54,0.2
21,55,0.24
21,56,0.2
21,57,0.24
21,58,0.2
21,59,0.4
21,60,0.44
21,61,0
21,62,0.6
21,63,0.24
21,64,0.24
21,65,0.36
21,66,0.2
21,67,0.16
21,68,0.32
21,69,0.44
21,70,0.16
21,71,0.12
21,72,0.2
21,73,0.28
21,74,0.48
21,75,0.24
21,76,0.24
21,77,0.36
21,78,0.16
21,79,0.08
21,80,0.28
21,81,0.4
21,82,0.32
21,83,0.2
21,84,0.2
21,85,0.36
21,86,0.12
21,87,0.16
21,88,0.2
21,89,0.24
21,90,0.16
21,91,0.28
21,92,0.12
21,93,0.32
21,94,0.16
21,95,0.24
21,96,0.12
21,97,0.36
21,98,0.2
21,99,0.44
21,100,0.2
21,101,0.32
21,102,0.16
21,103,0.08
21,104,0.32
21,105,0.36
21,106,0.28
21,107,0.32
21,108,0.36
21,109,0.24
21,110,0.36
21,111,0.32
21,112,0.28
21,113,0.64
21,114,0.64
21,115,0.32
21,116,0.24
21,117,0.4
21,118,0.64
21,119,0.28
21,120,0.36
21,121,0.12
21,122,0.16
21,123,0.28
21,124,0.24
21,125,0.32
21,126,0.24
21,127,0.36
21,128,0.12
21,129,0.12
21,130,0.2
21,131,0.4
21,132,0.52
21,133,0.24
21,134,0.2
21,135,0.32
21,136,0.64
21,137,0.32
21,138,0.36
21,139,0.56
21,140,0.28
21,141,0.44
21,142,0.16
21,143,0.32
21,144,0.6
21,145,0.32
21,146,0.08
21,147,0.56
21,148,0.24
21,149,0.16
21,150,0.36
21,151,0.16
21,152,0.24
21,153,0.48
21,154,0.16
21,155,0.24
21,156,0.12
21,157,0.4
21,158,0.32
21,159,0.12
21,160,0.28
21,161,0.24
21,162,0.16
21,163,0.16
21,164,0.24
21,165,0.28
21,166,0.16
21,167,0.28
21,168,0.2
21,169,0.4
21,170,0.32
21,171,0.32
21,172,0.16
21,173,0.24
21,174,0.32
21,175,0.16
21,176,0.2
21,177,0.2
21,178,0.24
21,179,0.12
21,180,0.44
21,181,0.24
21,182,0.28
21,183,0.24
21,184,0.2
21,185,0.24
21,186,0.28
21,187,0.28
21,188,0.32
21,189,0.24
21,190,0.2
21,191,0.32
21,192,0.36
21,193,0.44
21,194,0.2
21,195,0.4
21,196,0.28
21,197,0.24
21,198,0.36
21,199,0.24
21,200,0.32
21,201,0.08
21,202,0.48
21,203,0.12
21,204,0.36
21,205,0.2
21,206,0.16
21,207,0.56
21,208,0.16
21,209,0.24
21,210,0.16
21,211,0.24
21,212,0.36
21,213,0.36
21,214,0.12
21,215,0.28
21,216,0.16
21,217,0.24
21,218,0.08
21,219,0.32
21,220,0.12
21,221,0.28
21,222,0.28
21,223,0.36
21,224,0.4
21,225,0.4
21,226,0.12
21,227,0.32
21,228,0.2
21,229,0.48
21,230,0.24
21,231,0.16
21,232,0.36
21,233,0.12
21,234,0.08
21,235,0
21,236,0
22,1,0.32
22,2,0.12
22,3,0.32
22,4,0.28
22,5,0.32
22,6,0.4
22,7,0.16
22,8,0.36
22,9,0.16
22,10,0.28
22,11,0.24
22,12,0.6
22,13,0.56
22,14,0.2
22,15,0.32
22,16,0.44
22,17,0.32
22,18,0.24
22,19,0.32
22,20,0.16
22,21,0.16
22,22,0.56
22,23,0.24
22,24,0.32
22,25,0.12
22,26,0.32
22,27,0.32
22,28,0.44
22,29,0.08
22,30,0.2
22,31,0.28
22,32,0.12
22,33,0.2
22,34,0.48
22,35,0.28
22,36,0.32
22,37,0.28
22,38,0.28
22,39,0
22,40,0
22,41,0
22,42,0.2
22,43,0
22,44,0
22,45,0
22,46,0
22,47,0.12
22,48,0.2
22,49,0.36
22,50,0.32
22,51,0.32
22,52,0.24
22,53,0.08
22,54,0.28
22,55,0.24
22,56,0.2
22,57,0.2
22,58,0.32
22,59,0.2
22,60,0.16
22,61,0
22,62,0.56
22,63,0.28
22,64,0.2
22,65,0.2
22,66,0.2
22,67,0.16
22,68,0.2
22,69,0.48
22,70,0.2
22,71,0.32
22,72,0.16
22,73,0.32
22,74,0.56
22,75,0.36
22,76,0.36
22,77,0.32
22,78,0.16
22,79,0.36
22,80,0.08
22,81,0.2
22,82,0.24
22,83,0.28
22,84,0.28
22,85,0.2
22,86,0.32
22,87,0.28
22,88,0.12
22,89,0.12
22,90,0.32
22,91,0.28
22,92,0.16
22,93,0.12
22,94,0.28
22,95,0.12
22,96,0.16
22,97,0.32
22,98,0.2
22,99,0.4
22,100,0.2
22,101,0.2
22,102,0.56
22,103,0.24
22,104,0.24
22,105,0.24
22,106,0.44
22,107,0.24
22,108,0.12
22,109,0.2
22,110,0.28
22,111,0.16
22,112,0.36
22,113,0.64
22,114,0.64
22,115,0.16
22,116,0.16
22,117,0.36
22,118,0.6
22,119,0.2
22,120,0.52
22,121,0.36
22,122,0.32
22,123,0.2
22,124,0.2
22,125,0.32
22,126,0.32
22,127,0.2
22,128,0.24
22,129,0.36
22,130,0.32
22,131,0.2
22,132,0.36
22,133,0.16
22,134,0.24
22,135,0.32
22,136,0.6
22,137,0.24
22,138,0.28
22,139,0.2
22,140,0.32
22,141,0.44
22,142,0.44
22,143,0.4
22,144,0.56
22,145,0.2
22,146,0.12
22,147,0.56
22,148,0.44
22,149,0.32
22,150,0.28
22,151,0.12
22,152,0.08
22,153,0.52
22,154,0.32
22,155,0.24
22,156,0.2
22,157,0.16
22,158,0.36
22,159,0.16
22,160,0.16
22,161,0.36
22,162,0.32
22,163,0.16
22,164,0.24
22,165,0.2
22,166,0.2
22,167,0.4
22,168,0.2
22,169,0.32
22,170,0.32
22,171,0.24
22,172,0.24
22,173,0.32
22,174,0.28
22,175,0.32
22,176,0.2
22,177,0.16
22,178,0.12
22,179,0.16
22,180,0.44
22,181,0.44
22,182,0.16
22,183,0.24
22,184,0.28
22,185,0.24
22,186,0.12
22,187,0.12
22,188,0.24
22,189,0.2
22,190,0.12
22,191,0.44
22,192,0.08
22,193,0.28
22,194,0.2
22,195,0.44
22,196,0.24
22,197,0.4
22,198,0.28
22,199,0.12
22,200,0.2
22,201,0.12
22,202,0.28
22,203,0.2
22,204,0.48
22,205,0.2
22,206,0.32
22,207,0.2
22,208,0.16
22,209,0.2
22,210,0.24
22,211,0.2
22,212,0.24
22,213,0.28
22,214,0.16
22,215,0.36
22,216,0.12
22,217,0.24
22,218,0.16
22,219,0.36
22,220,0.12
22,221,0.16
22,222,0.36
22,223,0.2
22,224,0.56
22,225,0.52
22,226,0.12
22,227,0.24
22,228,0.32
22,229,0.32
22,230,0.56
22,231,0.4
22,232,0.12
22,233,0.2
22,234,0.28
22,235,0
22,236,0
23,1,0.28
23,2,0.16
23,3,0.24
23,4,0.32
23,5,0.36
23,6,0.12
23,7,0.12
23,8,0.28
23,9,0.28
23,10,0.12
23,11,0.16
23,12,0.4
23,13,0.12
23,14,0.28
23,15,0.24
23,16,0.44
23,17,0.2
23,18,0.16
23,19,0.36
23,20,0.32
23,21,0.4
23,22,0.24
23,23,0.2
23,24,0.36
23,25,0.28
23,26,0.4
23,27,0.24
23,28,0.28
23,29,0.24
23,30,0.36
23,31,0.32
23,32,0.28
23,33,0.28
23,34,0.2
23,35,0.32
23,36,0.32
23,37,0.2
23,38,0.32
23,39,0
23,40,0
23,41,0
23,42,0.28
23,43,0
23,44,0
23,45,0
23,46,0
23,47,0.12
23,48,0.08
23,49,0.12
23,50,0.16
23,51,0.16
23,52,0.12
23,53,0.36
23,54,0.12
23,55,0.24
23,56,0.32
23,57,0.32
23,58,0.2
23,59,0.32
23,60,0.16
23,61,0
23,62,0.48
23,63,0.2
23,64,0.08
23,65,0.28
23,66,0.12
23,67,0.12
23,68,0.28
23,69,0.6
23,70,0.16
23,71,0.24
23,72,0.56
23,73,0.24
23,74,0.44
23,75,0.44
23,76,0.24
23,77,0.2
23,78,0.28
23,79,0.36
23,80,0.24
23,81,0.12
23,82,0.56
23,83,0.16
23,84,0.24
23,85,0.28
23,86,0.28
23,87,0.16
23,88,0.24
23,89,0.16
23,90,0.24
23,91,0.24
23,92,0.24
23,93,0.2
23,94,0.32
23,95,0.24
23,96,0.2
23,97,0.2
23,98,0.2
23,99,0.56
23,100,0.48
23,101,0.36
23,102,0.44
23,103,0.12
23,104,0.28
23,105,0.2
23,106,0.36
23,107,0.12
23,108,0.2
23,109,0.4
23,110,0.2
23,111,0.24
23,112,0.4
23,113,0.64
23,114,0.64
23,115,0.12
23,116,0.36
23,117,0.36
23,118,0.64
23,119,0.12
23,120,0.28
23,121,0.32
23,122,0.28
23,123,0.32
23,124,0.24
23,125,0.24
23,126,0.28
23,127,0.24
23,128,0.08
23,129,0.24
23,130,0.12
23,131,0.12
23,132,0.32
23,133,0.28
23,134,0.2
23,135,0.2
23,136,0.64
23,137,0.2
23,138,0.28
23,139,0.24
23,140,0.32
23,141,0.4
23,142,0.28
23,143,0.52
23,144,0.52
23,145,0.4
23,146,0.16
23,147,0.48
23,148,0.6
23,149,0.44
23,150,0.2
23,151,0.16
23,152,0.08
23,153,0.28
23,154,0.56
23,155,0.16
23,156,0.16
23,157,0.24
23,158,0.16
23,159,0.2
23,160,0.12
23,161,0.32
23,162,0.4
23,163,0.2
23,164,0.24
23,165,0.24
23,166,0.16
23,167,0.44
23,168,0.32
23,169,0.12
23,170,0.24
23,171,0.4
23,172,0.16
23,173,0.36
23,174,0.24
23,175,0.56
23,176,0.28
23,177,0.32
23,178,0.12
23,179,0.24
23,180,0.28
23,181,0.4
23,182,0.08
23,183,0.36
23,184,0.08
23,185,0.16
23,186,0.24
23,187,0.16
23,188,0.16
23,189,0.28
23,190,0.16
23,191,0.4
23,192,0.24
23,193,0.16
23,194,0.36
23,195,0.24
23,196,0.12
23,197,0.2
23,198,0.32
23,199,0.48
23,200,0.12
23,201,0.2
23,202,0.52
23,203,0.28
23,204,0.28
23,205,0.2
23,206,0.24
23,207,0.36
23,208,0.32
23,209,0.28
23,210,0.12
23,211,0.24
23,212,0.28
23,213,0.36
23,214,0.32
23,215,0.12
23,216,0.36
23,217,0.12
23,218,0.36
23,219,0.24
23,220,0.28
23,221,0.2
23,222,0.4
23,223,0.56
23,224,0.4
23,225,0.24
23,226,0.2
23,227,0.12
23,228,0.16
23,229,0.2
23,230,0.48
23,231,0.28
23,232,0.28
23,233,0.24
23,234,0.28
23,235,0
23,236,0
24,1,0.12
24,2,0.16
24,3,0.28
24,4,0.12
24,5,0.2
24,6,0.28
24,7,0.28
24,8,0.2
24,9,0.32
24,10,0.08
24,11,0.16
24,12,0.2
24,13,0.4
24,14,0.28
24,15,0.32
24,16,0.44
24,17,0.28
24,18,0.24
24,19,0.28
24,20,0.28
24,21,0.4
24,22,0.36
24,23,0.24
24,24,0.24
24,25,0.2
24,26,0.2
24,27,0.12
24,28,0.24
24,29,0.36
24,30,0.28
24,31,0.12
24,32,0.28
24,33,0.12
24,34,0.36
24,35,0.28
24,36,0.24
24,37,0.24
24,38,0.12
24,39,0
24,40,0
24,41,0
24,42,0.12
24,43,0
24,44,0
24,45,0
24,46,0
24,47,0.32
24,48,0.32
24,49,0.16
24,50,0.12
24,51,0.12
24,52,0.16
24,53,0.24
24,54,0.28
24,55,0.16
24,56,0.4
24,57,0.12
24,58,0.48
24,59,0.28
24,60,0.48
24,61,0
24,62,0.24
24,63,0.28
24,64,0.24
24,65,0.24
24,66,0.28
24,67,0.2
24,68,0.36
24,69,0.44
24,70,0.16
24,71,0.28
24,72,0.44
24,73,0.12
24,74,0.2
24,75,0.2
24,76,0.12
24,77,0.24
24,78,0.32
24,79,0.16
24,80,0.28
24,81,0.2
24,82,0.4
24,83,0.2
24,84,0.24
24,85,0.24
24,86,0.36
24,87,0.32
24,88,0.16
24,89,0.32
24,90,0.16
24,91,0.36
24,92,0.32
24,93,0.08
24,94,0.32
24,95,0.32
24,96,0.24
24,97,0.12
24,98,0.16
24,99,0.48
24,100,0.12
24,101,0.2
24,102,0.16
24,103,0.28
24,104,0.24
24,105,0.12
24,106,0.28
24,107,0.24
24,108,0.24
24,109,0.28
24,110,0.32
24,111,0.12
24,112,0.24
24,113,0.64
24,114,0.64
24,115,0.32
24,116,0.32
24,117,0.32
24,118,0.64
24,119,0.36
24,120,0.44
24,121,0.16
24,122,0.24
24,123,0.28
24,124,0.32
24,125,0.32
24,126,0.08
24,127,0.2
24,128,0.36
24,129,0.28
24,130,0.2
24,131,0.24
24,132,0.32
24,133,0.16
24,134,0.36
24,135,0.12
24,136,0.64
24,137,0.12
24,138,0.2
24,139,0.16
24,140,0.28
24,141,0.52
24,142,0.48
24,143,0.24
24,144,0.2
24,145,0.4
24,146,0.36
24,147,0.2
24,148,0.32
24,149,0.4
24,150,0.24
24,151,0.32
24,152,0.16
24,153,0.52
24,154,0.52
24,155,0.2
24,156,0.2
24,157,0.24
24,158,0.24
24,159,0.12
24,160,0.2
24,161,0.24
24,162,0.36
24,163,0.36
24,164,0.24
24,165,0.32
24,166,0.08
24,167,0.16
24,168,0.32
24,169,0.52
24,170,0.12
24,171,0.28
24,172,0.28
24,173,0.24
24,174,0.16
24,175,0.52
24,176,0.36
24,177,0.16
24,178,0.12
24,179,0.28
24,180,0.48
24,181,0.36
24,182,0.12
24,183,0.36
24,184,0.32
24,185,0.28
24,186,0.24
24,187,0.28
24,188,0.32
24,189,0.2
24,190,0.32
24,191,0.56
24,192,0.08
24,193,0.36
24,194,0.12
24,195,0.52
24,196,0.2
24,197,0.44
24,198,0.28
24,199,0.24
24,200,0.24
24,201,0.32
24,202,0.44
24,203,0.36
24,204,0.36
24,205,0.36
24,206,0.16
24,207,0.16
24,208,0.28
24,209,0.28
24,210,0.24
24,211,0.36
24,212,0.2
24,213,0.16
24,214,0.36
24,215,0.32
24,216,0.32
24,217,0.32
24,218,0.24
24,219,0.12
24,220,0.2
24,221,0.28
24,222,0.32
24,223,0.48
24,224,0.2
24,225,0.2
24,226,0.36
24,227,0.24
24,228,0.2
24,229,0.36
24,230,0.36
24,231,0.12
24,232,0.32
24,233,0.2
24,234,0.2
24,235,0
24,236,0
25,1,0.36
25,2,0.12
25,3,0.2
25,4,0.2
25,5,0.28
25,6,0.08
25,7,0.32
25,8,0.28
25,9,0.12
25,10,0.2
25,11,0.32
25,12,0.32
25,13,0.44
25,14,0.2
25,15,0.32
25,16,0.32
25,17,0.28
25,18,0.2
25,19,0.36
25,20,0.36
25,21,0.28
25,22,0.52
25,23,0.36
25,24,0.36
25,25,0.32
25,26,0.28
25,27,0.28
25,28,0.16
25,29,0.28
25,30,0.16
25,31,0.32
25,32,0.24
25,33,0.08
25,34,0.24
25,35,0.12
25,36,0.32
25,37,0.2
25,38,0.28
25,39,0
25,40,0
25,41,0
25,42,0.28
25,43,0
25,44,0
25,45,0
25,46,0
25,47,0.36
25,48,0.28
25,49,0.2
25,50,0.12
25,51,0.32
25,52,0.08
25,53,0.36
25,54,0.32
25,55,0.16
25,56,0.48
25,57,0.2
25,58,0.44
25,59,0.24
25,60,0.32
25,61,0
25,62,0.32
25,63,0.16
25,64,0.36
25,65,0.12
25,66,0.28
25,67,0.24
25,68,0.32
25,69,0.32
25,70,0.36
25,71,0.12
25,72,0.4
25,73,0.32
25,74,0.36
25,75,0.24
25,76,0.12
25,77,0.28
25,78,0.2
25,79,0.24
25,80,0.36
25,81,0.12
25,82,0.2
25,83,0.28
25,84,0.16
25,85,0.36
25,86,0.2
25,87,0.08
25,88,0.32
25,89,0.08
25,90,0.08
25,91,0.16
25,92,0.12
25,93,0.16
25,94,0.32
25,95,0.16
25,96,0.08
25,97,0.2
25,98,0.52
25,99,0.16
25,100,0.4
25,101,0.24
25,102,0.2
25,103,0.16
25,104,0.36
25,105,0.32
25,106,0.4
25,107,0.24
25,108,0.08
25,109,0.32
25,110,0.28
25,111,0.12
25,112,0.32
25,113,0.68
25,114,0.68
25,115,0.16
25,116,0.32
25,117,0.2
25,118,0.68
25,119,0.2
25,120,0.4
25,121,0.16
25,122,0.28
25,123,0.28
25,124,0.36
25,125,0.44
25,126,0.36
25,127,0.16
25,128,0.36
25,129,0.36
25,130,0.24
25,131,0.32
25,132,0.48
25,133,0.4
25,134,0.28
25,135,0.32
25,136,0.68
25,137,0.2
25,138,0.24
25,139,0.52
25,140,0.16
25,141,0.52
25,142,0.4
25,143,0.28
25,144,0.36
25,145,0.44
25,146,0.32
25,147,0.2
25,148,0.32
25,149,0.36
25,150,0.08
25,151,0.2
25,152,0.12
25,153,0.24
25,154,0.48
25,155,0.12
25,156,0.32
25,157,0.08
25,158,0.32
25,159,0.12
25,160,0.24
25,161,0.24
25,162,0.2
25,163,0.24
25,164,0.32
25,165,0.24
25,166,0.2
25,167,0.32
25,168,0.16
25,169,0.24
25,170,0.16
25,171,0.24
25,172,0.28
25,173,0.16
25,174,0.12
25,175,0.44
25,176,0.24
25,177,0.32
25,178,0.16
25,179,0.32
25,180,0.48
25,181,0.44
25,182,0.16
25,183,0.28
25,184,0.24
25,185,0.28
25,186,0.2
25,187,0.16
25,188,0.28
25,189,0.32
25,190,0.12
25,191,0.2
25,192,0.16
25,193,0.4
25,194,0.2
25,195,0.24
25,196,0.16
25,197,0.16
25,198,0.08
25,199,0.56
25,200,0.16
25,201,0.08
25,202,0.28
25,203,0.28
25,204,0.24
25,205,0.32
25,206,0.16
25,207,0.28
25,208,0.32
25,209,0.16
25,210,0.32
25,211,0.12
25,212,0.36
25,213,0.2
25,214,0.36
25,215,0.16
25,216,0.32
25,217,0.28
25,218,0.28
25,219,0.28
25,220,0.2
25,221,0.36
25,222,0.08
25,223,0.2
25,224,0.4
25,225,0.32
25,226,0.16
25,227,0.32
25,228,0.36
25,229,0.52
25,230,0.52
25,231,0.32
25,232,0.32
25,233,0.24
25,234,0.2
25,235,0
25,236,0
26,1,0.32
26,2,0.24
26,3,0.2
26,4,0.28
26,5,0.24
26,6,0.12
26,7,0.32
26,8,0.24
26,9,0.12
26,10,0.24
26,11,0.28
26,12,0.48
26,13,0.2
26,14,0.36
26,15,0.08
26,16,0.4
26,17,0.08
26,18,0.36
26,19,0.28
26,20,0.24
26,21,0.4
26,22,0.48
26,23,0.32
26,24,0.32
26,25,0.36
26,26,0.2
26,27,0.32
26,28,0.24
26,29,0.32
26,30,0.44
26,31,0.08
26,32,0.16
26,33,0.16
26,34,0.32
26,35,0.16
26,36,0.12
26,37,0.2
26,38,0.36
26,39,0
26,40,0
26,41,0
26,42,0.24
26,43,0
26,44,0
26,45,0
26,46,0
26,47,0.36
26,48,0.24
26,49,0.16
26,50,0.2
26,51,0.36
26,52,0.36
26,53,0.2
26,54,0.08
26,55,0.28
26,56,0.44
26,57,0.24
26,58,0.48
26,59,0.08
26,60,0.32
26,61,0
26,62,0.36
26,63,0.08
26,64,0.2
26,65,0.24
26,66,0.36
26,67,0.36
26,68,0.12
26,69,0.28
26,70,0.32
26,71,0.16
26,72,0.16
26,73,0.28
26,74,0.44
26,75,0.28
26,76,0.12
26,77,0.24
26,78,0.28
26,79,0.28
26,80,0.2
26,81,0.12
26,82,0.36
26,83,0.12
26,84,0.2
26,85,0.36
26,86,0.28
26,87,0.36
26,88,0.16
26,89,0.24
26,90,0.2
26,91,0.16
26,92,0.24
26,93,0.16
26,94,0.12
26,95,0.32
26,96,0.28
26,97,0.28
26,98,0.36
26,99,0.48
26,100,0.4
26,101,0.32
26,102,0.4
26,103,0.36
26,104,0.24
26,105,0.12
26,106,0.56
26,107,0.12
26,108,0.28
26,109,0.44
26,110,0.28
26,111,0.36
26,112,0.24
26,113,0.68
26,114,0.68
26,115,0.28
26,116,0.36
26,117,0.56
26,118,0.68
26,119,0.36
26,120,0.36
26,121,0.16
26,122,0.24
26,123,0.16
26,124,0.36
26,125,0.4
26,126,0.16
26,127,0.28
26,128,0.32
26,129,0.24
26,130,0.08
26,131,0.2
26,132,0.36
26,133,0.28
26,134,0.24
26,135,0.24
26,136,0.68
26,137,0.24
26,138,0.08
26,139,0.28
26,140,0.2
26,141,0.16
26,142,0.4
26,143,0.56
26,144,0.44
26,145,0.24
26,146,0.36
26,147,0.32
26,148,0.12
26,149,0.16
26,150,0.28
26,151,0.28
26,152,0.16
26,153,0.44
26,154,0.16
26,155,0.16
26,156,0.2
26,157,0.12
26,158,0.32
26,159,0.08
26,160,0.2
26,161,0.2
26,162,0.28
26,163,0.08
26,164,0.16
26,165,0.32
26,166,0.32
26,167,0.52
26,168,0.12
26,169,0.48
26,170,0.16
26,171,0.12
26,172,0.24
26,173,0.2
26,174,0.32
26,175,0.32
26,176,0.32
26,177,0.16
26,178,0.2
26,179,0.24
26,180,0.12
26,181,0.2
26,182,0.28
26,183,0.2
26,184,0.36
26,185,0.32
26,186,0.28
26,187,0.2
26,188,0.24
26,189,0.28
26,190,0.32
26,191,0.16
26,192,0.32
26,193,0.12
26,194,0.16
26,195,0.24
26,196,0.12
26,197,0.28
26,198,0.08
26,199,0.48
26,200,0.36
26,201,0.12
26,202,0.52
26,203,0.28
26,204,0.48
26,205,0.08
26,206,0.12
26,207,0.28
26,208,0.24
26,209,0.28
26,210,0.36
26,211,0.16
26,212,0.24
26,213,0.12
26,214,0.16
26,215,0.16
26,216,0.28
26,217,0.36
26,218,0.12
26,219,0.36
26,220,0.36
26,221,0.16
26,222,0.32
26,223,0.32
26,224,0.28
26,225,0.4
26,226,0.24
26,227,0.28
26,228,0.32
26,229,0.44
26,230,0.32
26,231,0.12
26,232,0.2
26,233,0.2
26,234,0.36
26,235,0
26,236,0
27,1,0.16
27,2,0.2
27,3,0.28
27,4,0.24
27,5,0.4
27,6,0.08
27,7,0.4
27,8,0.48
27,9,0.32
27,10,0.36
27,11,0.16
27,12,0.36
27,13,0.36
27,14,0.24
27,15,0.24
27,16,0.2
27,17,0.12
27,18,0.32
27,19,0.12
27,20,0.24
27,21,0.48
27,22,0.16
27,23,0.32
27,24,0.16
27,25,0.08
27,26,0.2
27,27,0.32
27,28,0.16
27,29,0.2
27,30,0.52
27,31,0.24
27,32,0.32
27,33,0.16
27,34,0.52
27,35,0.32
27,36,0.28
27,37,0.24
27,38,0.16
27,39,0
27,40,0
27,41,0
27,42,0.16
27,43,0
27,44,0
27,45,0
27,46,0
27,47,0.12
27,48,0.32
27,49,0.36
27,50,0.2
27,51,0.2
27,52,0.32
27,53,0.12
27,54,0.28
27,55,0.24
27,56,0.48
27,57,0.24
27,58,0.44
27,59,0.16
27,60,0.2
27,61,0
27,62,0.44
27,63,0.36
27,64,0.28
27,65,0.16
27,66,0.2
27,67,0.24
27,68,0.08
27,69,0.2
27,70,0.24
27,71,0.16
27,72,0.36
27,73,0.12
27,74,0.4
27,75,0.28
27,76,0.28
27,77,0.36
27,78,0.16
27,79,0.08
27,80,0.16
27,81,0.08
27,82,0.2
27,83,0.24
27,84,0.28
27,85,0.32
27,86,0.16
27,87,0.32
27,88,0.2
27,89,0.12
27,90,0.36
27,91,0.32
27,92,0.2
27,93,0.4
27,94,0.12
27,95,0.24
27,96,0.24
27,97,0.24
27,98,0.4
27,99,0.44
27,100,0.52
27,101,0.08
27,102,0.28
27,103,0.32
27,104,0.24
27,105,0.16
27,106,0.32
27,107,0.32
27,108,0.16
27,109,0.48
27,110,0.2
27,111,0.32
27,112,0.28
27,113,0.72
27,114,0.72
27,115,0.16
27,116,0.2
27,117,0.28
27,118,0.72
27,119,0.12
27,120,0.24
27,121,0.28
27,122,0.2
27,123,0.4
27,124,0.12
27,125,0.48
27,126,0.28
27,127,0.12
27,128,0.16
27,129,0.32
27,130,0.24
27,131,0.16
27,132,0.2
27,133,0.48
27,134,0.24
27,135,0.4
27,136,0.72
27,137,0.32
27,138,0.2
27,139,0.28
27,140,0.12
27,141,0.2
27,142,0.36
27,143,0.44
27,144,0.2
27,145,0.2
27,146,0.12
27,147,0.2
27,148,0.52
27,149,0.24
27,150,0.4
27,151,0.28
27,152,0.16
27,153,0.4
27,154,0.4
27,155,0.16
27,156,0.36
27,157,0.2
27,158,0.24
27,159,0.16
27,160,0.2
27,161,0.32
27,162,0.36
27,163,0.16
27,164,0.24
27,165,0.12
27,166,0.16
27,167,0.24
27,168,0.16
27,169,0.16
27,170,0.12
27,171,0.12
27,172,0.4
27,173,0.2
27,174,0.16
27,175,0.56
27,176,0.2
27,177,0.28
27,178,0.2
27,179,0.2
27,180,0.48
27,181,0.52
27,182,0.4
27,183,0.2
27,184,0.16
27,185,0.12
27,186,0.28
27,187,0.36
27,188,0.2
27,189,0.28
27,190,0.2
27,191,0.48
27,192,0.08
27,193,0.24
27,194,0.2
27,195,0.16
27,196,0.12
27,197,0.48
27,198,0.32
27,199,0.32
27,200,0.36
27,201,0.28
27,202,0.4
27,203,0.2
27,204,0.24
27,205,0.32
27,206,0.44
27,207,0.24
27,208,0.28
27,209,0.24
27,210,0.16
27,211,0.08
27,212,0.32
27,213,0.2
27,214,0.32
27,215,0.2
27,216,0.2
27,217,0.12
27,218,0.28
27,219,0.16
27,220,0.2
27,221,0.28
27,222,0.28
27,223,0.28
27,224,0.48
27,225,0.28
27,226,0.36
27,227,0.2
27,228,0.28
27,229,0.32
27,230,0.44
27,231,0.32
27,232,0.28
27,233,0.08
27,234,0.2
27,235,0
27,236,0
28,1,0.16
28,2,0.08
28,3,0.08
28,4,0.16
28,5,0.12
28,6,0.24
28,7,0.36
28,8,0.12
28,9,0.28
28,10,0.32
28,11,0.16
28,12,0.48
28,13,0.52
28,14,0.12
28,15,0.36
28,16,0.4
28,17,0.4
28,18,0.36
28,19,0.28
28,20,0.32
28,21,0.12
28,22,0.32
28,23,0.28
28,24,0.2
28,25,0.08
28,26,0.2
28,27,0.12
28,28,0.44
28,29,0.2
28,30,0.32
28,31,0.36
28,32,0.12
28,33,0.4
28,34,0.48
28,35,0.24
28,36,0.36
28,37,0.16
28,38,0.12
28,39,0
28,40,0
28,41,0
28,42,0.12
28,43,0
28,44,0
28,45,0
28,46,0
28,47,0.24
28,48,0.32
28,49,0.2
28,50,0.12
28,51,0.28
28,52,0.24
28,53,0.36
28,54,0.2
28,55,0.24
28,56,0.36
28,57,0.12
28,58,0.2
28,59,0.32
28,60,0.48
28,61,0
28,62,0.44
28,63,0.32
28,64,0.2
28,65,0.24
28,66,0.24
28,67,0.24
28,68,0.28
28,69,0.32
28,70,0.24
28,71,0.12
28,72,0.48
28,73,0.12
28,74,0.2
28,75,0.2
28,76,0.12
28,77,0.2
28,78,0.24
28,79,0.16
28,80,0.32
28,81,0.08
28,82,0.2
28,83,0.32
28,84,0.24
28,85,0.2
28,86,0.28
28,87,0.36
28,88,0.28
28,89,0.16
28,90,0.2
28,91,0.16
28,92,0.12
28,93,0.12
28,94,0.16
28,95,0.24
28,96,0.24
28,97,0.16
28,98,0.52
28,99,0.28
28,100,0.44
28,101,0.16
28,102,0.4
28,103,0.32
28,104,0.32
28,105,0.2
28,106,0.36
28,107,0.24
28,108,0.24
28,109,0.32
28,110,0.12
28,111,0.36
28,112,0.16
28,113,0.76
28,114,0.76
28,115,0.16
28,116,0.32
28,117,0.24
28,118,0.76
28,119,0.28
28,120,0.36
28,121,0.24
28,122,0.08
28,123,0.28
28,124,0.24
28,125,0.52
28,126,0.36
28,127,0.24
28,128,0.24
28,129,0.12
28,130,0.24
28,131,0.28
28,132,0.2
28,133,0.32
28,134,0.2
28,135,0.32
28,136,0.76
28,137,0.24
28,138,0.08
28,139,0.4
28,140,0.16
28,141,0.32
28,142,0.32
28,143,0.4
28,144,0.52
28,145,0.36
28,146,0.32
28,147,0.36
28,148,0.36
28,149,0.48
28,150,0.24
28,151,0.12
28,152,0.2
28,153,0.4
28,154,0.44
28,155,0.24
28,156,0.12
28,157,0.24
28,158,0.08
28,159,0.36
28,160,0.12
28,161,0.16
28,162,0.16
28,163,0.36
28,164,0.24
28,165,0.24
28,166,0.32
28,167,0.32
28,168,0.12
28,169,0.36
28,170,0.36
28,171,0.2
28,172,0.36
28,173,0.36
28,174,0.4
28,175,0.24
28,176,0.2
28,177,0.2
28,178,0.16
28,179,0.32
28,180,0.4
28,181,0.52
28,182,0.32
28,183,0.16
28,184,0.12
28,185,0.12
28,186,0.36
28,187,0.12
28,188,0.32
28,189,0.36
28,190,0.2
28,191,0.36
28,192,0.36
28,193,0.2
28,194,0.28
28,195,0.4
28,196,0.08
28,197,0.24
28,198,0.08
28,199,0.4
28,200,0.16
28,201,0.12
28,202,0.2
28,203,0.16
28,204,0.44
28,205,0.24
28,206,0.2
28,207,0.12
28,208,0.12
28,209,0.2
28,210,0.28
28,211,0.36
28,212,0.08
28,213,0.32
28,214,0.2
28,215,0.24
28,216,0.28
28,217,0.16
28,218,0.2
28,219,0.12
28,220,0.24
28,221,0.32
28,222,0.32
28,223,0.28
28,224,0.48
28,225,0.24
28,226,0.12
28,227,0.12
28,228,0.12
28,229,0.32
28,230,0.36
28,231,0.36
28,232,0.28
28,233,0.2
28,234,0.32
28,235,0
28,236,0
29,1,0.32
29,2,0.24
29,3,0.16
29,4,0.2
29,5,0.2
29,6,0.28
29,7,0.24
29,8,0.24
29,9,0.28
29,10,0.16
29,11,0.24
29,12,0.44
29,13,0.2
29,14,0.12
29,15,0.16
29,16,0.24
29,17,0.36
29,18,0.08
29,19,0.16
29,20,0.32
29,21,0.48
29,22,0.16
29,23,0.36
29,24,0.24
29,25,0.16
29,26,0.32
29,27,0.4
29,28,0.36
29,29,0.36
29,30,0.12
29,31,0.4
29,32,0.12
29,33,0.12
29,34,0.12
29,35,0.2
29,36,0.12
29,37,0.28
29,38,0.36
29,39,0
29,40,0
29,41,0
29,42,0.2
29,43,0
29,44,0
29,45,0
29,46,0
29,47,0.24
29,48,0.28
29,49,0.16
29,50,0.16
29,51,0.36
29,52,0.16
29,53,0.32
29,54,0.28
29,55,0.12
29,56,0.32
29,57,0.28
29,58,0.28
29,59,0.32
29,60,0.48
29,61,0
29,62,0.48
29,63,0.16
29,64,0.16
29,65,0.36
29,66,0.28
29,67,0.2
29,68,0.2
29,69,0.4
29,70,0.32
29,71,0.2
29,72,0.12
29,73,0.12
29,74,0.52
29,75,0.2
29,76,0.24
29,77,0.36
29,78,0.32
29,79,0.08
29,80,0.28
29,81,0.16
29,82,0.28
29,83,0.24
29,84,0.28
29,85,0.32
29,86,0.32
29,87,0.36
29,88,0.28
29,89,0.28
29,90,0.24
29,91,0.24
29,92,0.2
29,93,0.4
29,94,0.24
29,95,0.32
29,96,0.12
29,97,0.12
29,98,0.2
29,99,0.52
29,100,0.48
29,101,0.24
29,102,0.44
29,103,0.24
29,104,0.2
29,105,0.32
29,106,0.28
29,107,0.24
29,108,0.32
29,109,0.4
29,110,0.12
29,111,0.28
29,112,0.08
29,113,0.76
29,114,0.76
29,115,0.08
29,116,0.16
29,117,0.2
29,118,0.76
29,119,0.08
29,120,0.24
29,121,0.2
29,122,0.12
29,123,0.24
29,124,0.36
29,125,0.36
29,126,0.16
29,127,0.12
29,128,0.28
29,129,0.16
29,130,0.28
29,131,0.28
29,132,0.32
29,133,0.44
29,134,0.36
29,135,0.32
29,136,0.76
29,137,0.24
29,138,0.12
29,139,0.48
29,140,0.28
29,141,0.4
29,142,0.52
29,143,0.16
29,144,0.4
29,145,0.12
29,146,0.36
29,147,0.36
29,148,0.4
29,149,0.28
29,150,0.12
29,151,0.36
29,152,0.12
29,153,0.52
29,154,0.36
29,155,0.16
29,156,0.2
29,157,0.28
29,158,0.12
29,159,0.28
29,160,0.32
29,161,0.28
29,162,0.2
29,163,0.2
29,164,0.24
29,165,0.24
29,166,0.16
29,167,0.12
29,168,0.32
29,169,0.44
29,170,0.36
29,171,0.2
29,172,0.12
29,173,0.12
29,174,0.32
29,175,0.12
29,176,0.24
29,177,0.12
29,178,0.12
29,179,0.4
29,180,0.48
29,181,0.4
29,182,0.2
29,183,0.28
29,184,0.16
29,185,0.24
29,186,0.4
29,187,0.24
29,188,0.24
29,189,0.36
29,190,0.12
29,191,0.28
29,192,0.4
29,193,0.12
29,194,0.32
29,195,0.36
29,196,0.16
29,197,0.2
29,198,0.16
29,199,0.4
29,200,0.24
29,201,0.24
29,202,0.12
29,203,0.2
29,204,0.48
29,205,0.12
29,206,0.32
29,207,0.12
29,208,0.2
29,209,0.24
29,210,0.16
29,211,0.32
29,212,0.28
29,213,0.08
29,214,0.16
29,215,0.12
29,216,0.36
29,217,0.2
29,218,0.2
29,219,0.12
29,220,0.12
29,221,0.28
29,222,0.16
29,223,0.36
29,224,0.4
29,225,0.16
29,226,0.32
29,227,0.28
29,228,0.12
29,229,0.36
29,230,0.36
29,231,0.32
29,232,0.24
29,233,0.2
29,234,0.24
29,235,0
29,236,0
30,1,0.4
30,2,0.4
30,3,0.24
30,4,0.12
30,5,0.24
30,6,0.16
30,7,0.2
30,8,0.2
30,9,0.24
30,10,0.24
30,11,0.28
30,12,0.36
30,13,0.44
30,14,0.2
30,15,0.16
30,16,0.4
30,17,0.16
30,18,0.36
30,19,0.08
30,20,0.08
30,21,0.2
30,22,0.2
30,23,0.28
30,24,0.2
30,25,0.2
30,26,0.08
30,27,0.24
30,28,0.32
30,29,0.12
30,30,0.32
30,31,0.12
30,32,0.32
30,33,0.36
30,34,0.24
30,35,0.28
30,36,0.24
30,37,0.28
30,38,0.28
30,39,0
30,40,0
30,41,0
30,42,0.24
30,43,0
30,44,0
30,45,0
30,46,0
30,47,0.16
30,48,0.24
30,49,0.28
30,50,0.4
30,51,0.28
30,52,0.28
30,53,0.2
30,54,0.28
30,55,0.2
30,56,0.48
30,57,0.36
30,58,0.36
30,59,0.24
30,60,0.52
30,61,0
30,62,0.44
30,63,0.28
30,64,0.12
30,65,0.28
30,66,0.32
30,67,0.12
30,68,0.2
30,69,0.28
30,70,0.36
30,71,0.32
30,72,0.4
30,73,0.16
30,74,0.2
30,75,0.36
30,76,0.2
30,77,0.24
30,78,0.28
30,79,0.12
30,80,0.2
30,81,0.24
30,82,0.44
30,83,0.32
30,84,0.28
30,85,0.32
30,86,0.2
30,87,0.28
30,88,0.28
30,89,0.28
30,90,0.16
30,91,0.12
30,92,0.32
30,93,0.24
30,94,0.28
30,95,0.16
30,96,0.28
30,97,0.24
30,98,0.28
30,99,0.4
30,100,0.2
30,101,0.36
30,102,0.2
30,103,0.24
30,104,0.32
30,105,0.16
30,106,0.16
30,107,0.2
30,108,0.16
30,109,0.48
30,110,0.16
30,111,0.2
30,112,0.32
30,113,0.76
30,114,0.76
30,115,0.28
30,116,0.16
30,117,0.16
30,118,0.76
30,119,0.28
30,120,0.32
30,121,0.2
30,122,0.12
30,123,0.28
30,124,0.16
30,125,0.32
30,126,0.08
30,127,0.16
30,128,0.12
30,129,0.08
30,130,0.16
30,131,0.28
30,132,0.44
30,133,0.32
30,134,0.16
30,135,0.16
30,136,0.76
30,137,0.4
30,138,0.32
30,139,0.48
30,140,0.16
30,141,0.44
30,142,0.32
30,143,0.36
30,144,0.44
30,145,0.44
30,146,0.32
30,147,0.48
30,148,0.2
30,149,0.28
30,150,0.24
30,151,0.32
30,152,0.28
30,153,0.48
30,154,0.12
30,155,0.24
30,156,0.12
30,157,0.2
30,158,0.08
30,159,0.24
30,160,0.24
30,161,0.36
30,162,0.28
30,163,0.32
30,164,0.36
30,165,0.16
30,166,0.36
30,167,0.32
30,168,0.12
30,169,0.16
30,170,0.16
30,171,0.24
30,172,0.16
30,173,0.16
30,174,0.2
30,175,0.36
30,176,0.24
30,177,0.12
30,178,0.12
30,179,0.4
30,180,0.24
30,181,0.2
30,182,0.36
30,183,0.08
30,184,0.28
30,185,0.24
30,186,0.36
30,187,0.16
30,188,0.08
30,189,0.4
30,190,0.24
30,191,0.16
30,192,0.28
30,193,0.28
30,194,0.16
30,195,0.12
30,196,0.12
30,197,0.24
30,198,0.2
30,199,0.44
30,200,0.2
30,201,0.32
30,202,0.16
30,203,0.12
30,204,0.48
30,205,0.32
30,206,0.16
30,207,0.16
30,208,0.2
30,209,0.24
30,210,0.16
30,211,0.08
30,212,0.28
30,213,0.16
30,214,0.36
30,215,0.36
30,216,0.28
30,217,0.32
30,218,0.2
30,219,0.28
30,220,0.16
30,221,0.28
30,222,0.32
30,223,0.36
30,224,0.44
30,225,0.2
30,226,0.28
30,227,0.24
30,228,0.12
30,229,0.36
30,230,0.44
30,231,0.12
30,232,0.2
30,233,0.12
30,234,0.24
30,235,0
30,236,0
31,1,0.36
31,2,0.12
31,3,0.24
31,4,0.12
31,5,0.36
31,6,0.24
31,7,0.2
31,8,0.44
31,9,0.28
31,10,0.08
31,11,0.24
31,12,0.52
31,13,0.16
31,14,0.16
31,15,0.36
31,16,0.4
31,17,0.12
31,18,0.2
31,19,0.32
31,20,0.16
31,21,0.2
31,22,0.48
31,23,0.32
31,24,0.32
31,25,0.16
31,26,0.2
31,27,0.36
31,28,0.4
31,29,0.12
31,30,0.32
31,31,0.12
31,32,0.36
31,33,0.28
31,34,0.4
31,35,0.2
31,36,0.4
31,37,0.24
31,38,0.16
31,39,0
31,40,0
31,41,0
31,42,0.08
31,43,0
31,44,0
31,45,0
31,46,0
31,47,0.2
31,48,0.08
31,49,0.16
31,50,0.24
31,51,0.12
31,52,0.28
31,53,0.32
31,54,0.24
31,55,0.32
31,56,0.32
31,57,0.2
31,58,0.2
31,59,0.12
31,60,0.44
31,61,0
31,62,0.24
31,63,0.12
31,64,0.08
31,65,0.28
31,66,0.12
31,67,0.2
31,68,0.12
31,69,0.2
31,70,0.12
31,71,0.12
31,72,0.52
31,73,0.24
31,74,0.32
31,75,0.28
31,76,0.2
31,77,0.32
31,78,0.44
31,79,0.4
31,80,0.12
31,81,0.24
31,82,0.48
31,83,0.24
31,84,0.2
31,85,0.28
31,86,0.16
31,87,0.24
31,88,0.16
31,89,0.32
31,90,0.2
31,91,0.16
31,92,0.16
31,93,0.28
31,94,0.36
31,95,0.4
31,96,0.28
31,97,0.08
31,98,0.4
31,99,0.16
31,100,0.28
31,101,0.24
31,102,0.24
31,103,0.4
31,104,0.08
31,105,0.2
31,106,0.12
31,107,0.12
31,108,0.2
31,109,0.48
31,110,0.24
31,111,0.2
31,112,0.28
31,113,0.76
31,114,0.76
31,115,0.2
31,116,0.32
31,117,0.24
31,118,0.76
31,119,0.12
31,120,0.28
31,121,0.12
31,122,0.12
31,123,0.24
31,124,0.24
31,125,0.2
31,126,0.24
31,127,0.4
31,128,0.24
31,129,0.16
31,130,0.08
31,131,0.24
31,132,0.2
31,133,0.36
31,134,0.16
31,135,0.2
31,136,0.76
31,137,0.2
31,138,0.28
31,139,0.2
31,140,0.32
31,141,0.32
31,142,0.32
31,143,0.4
31,144,0.32
31,145,0.28
31,146,0.32
31,147,0.12
31,148,0.4
31,149,0.44
31,150,0.12
31,151,0.2
31,152,0.28
31,153,0.4
31,154,0.2
31,155,0.24
31,156,0.28
31,157,0.16
31,158,0.2
31,159,0.2
31,160,0.2
31,161,0.16
31,162,0.28
31,163,0.36
31,164,0.08
31,165,0.32
31,166,0.28
31,167,0.24
31,168,0.36
31,169,0.36
31,170,0.32
31,171,0.12
31,172,0.2
31,173,0.16
31,174,0.32
31,175,0.32
31,176,0.28
31,177,0.24
31,178,0.16
31,179,0.12
31,180,0.36
31,181,0.44
31,182,0.2
31,183,0.12
31,184,0.12
31,185,0.32
31,186,0.36
31,187,0.12
31,188,0.32
31,189,0.32
31,190,0.32
31,191,0.12
31,192,0.16
31,193,0.2
31,194,0.32
31,195,0.28
31,196,0.32
31,197,0.32
31,198,0.08
31,199,0.28
31,200,0.32
31,201,0.12
31,202,0.44
31,203,0.12
31,204,0.48
31,205,0.28
31,206,0.2
31,207,0.52
31,208,0.4
31,209,0.16
31,210,0.32
31,211,0.32
31,212,0.36
31,213,0.32
31,214,0.24
31,215,0.24
31,216,0.24
31,217,0.2
31,218,0.28
31,219,0.16
31,220,0.24
31,221,0.28
31,222,0.32
31,223,0.32
31,224,0.16
31,225,0.12
31,226,0.2
31,227,0.32
31,228,0.16
31,229,0.48
31,230,0.44
31,231,0.16
31,232,0.2
31,233,0.24
31,234,0.16
31,235,0
31,236,0
32,1,0.4
32,2,0.16
32,3,0.08
32,4,0.32
32,5,0.16
32,6,0.16
32,7,0.16
32,8,0.48
32,9,0.16
32,10,0.32
32,11,0.12
32,12,0.44
32,13,0.52
32,14,0.12
32,15,0.24
32,16,0.36
32,17,0.12
32,18,0.4
32,19,0.28
32,20,0.32
32,21,0.36
32,22,0.32
32,23,0.16
32,24,0.16
32,25,0.08
32,26,0.32
32,27,0.12
32,28,0.24
32,29,0.12
32,30,0.2
32,31,0.4
32,32,0.36
32,33,0.36
32,34,0.48
32,35,0.4
32,36,0.16
32,37,0.16
32,38,0.32
32,39,0
32,40,0
32,41,0
32,42,0.08
32,43,0
32,44,0
32,45,0
32,46,0
32,47,0.16
32,48,0.16
32,49,0.32
32,50,0.28
32,51,0.36
32,52,0.28
32,53,0.2
32,54,0.24
32,55,0.12
32,56,0.12
32,57,0.2
32,58,0.48
32,59,0.12
32,60,0.48
32,61,0
32,62,0.24
32,63,0.08
32,64,0.12
32,65,0.32
32,66,0.2
32,67,0.12
32,68,0.2
32,69,0.24
32,70,0.16
32,71,0.28
32,72,0.28
32,73,0.2
32,74,0.52
32,75,0.28
32,76,0.24
32,77,0.08
32,78,0.16
32,79,0.12
32,80,0.28
32,81,0.28
32,82,0.4
32,83,0.16
32,84,0.32
32,85,0.28
32,86,0.16
32,87,0.32
32,88,0.24
32,89,0.08
32,90,0.08
32,91,0.2
32,92,0.2
32,93,0.36
32,94,0.28
32,95,0.4
32,96,0.2
32,97,0.32
32,98,0.2
32,99,0.44
32,100,0.44
32,101,0.16
32,102,0.4
32,103,0.24
32,104,0.24
32,105,0.08
32,106,0.16
32,107,0.24
32,108,0.12
32,109,0.16
32,110,0.2
32,111,0.28
32,112,0.16
32,113,0.76
32,114,0.76
32,115,0.32
32,116,0.12
32,117,0.4
32,118,0.76
32,119,0.16
32,120,0.52
32,121,0.28
32,122,0.08
32,123,0.36
32,124,0.2
32,125,0.32
32,126,0.16
32,127,0.16
32,128,0.08
32,129,0.32
32,130,0.2
32,131,0.2
32,132,0.44
32,133,0.24
32,134,0.08
32,135,0.24
32,136,0.76
32,137,0.32
32,138,0.32
32,139,0.16
32,140,0.32
32,141,0.36
32,142,0.16
32,143,0.36
32,144,0.2
32,145,0.24
32,146,0.12
32,147,0.2
32,148,0.2
32,149,0.44
32,150,0.36
32,151,0.24
32,152,0.08
32,153,0.28
32,154,0.2
32,155,0.36
32,156,0.12
32,157,0.32
32,158,0.28
32,159,0.16
32,160,0.32
32,161,0.2
32,162,0.28
32,163,0.12
32,164,0.24
32,165,0.32
32,166,0.24
32,167,0.24
32,168,0.36
32,169,0.16
32,170,0.2
32,171,0.12
32,172,0.28
32,173,0.32
32,174,0.2
32,175,0.28
32,176,0.2
32,177,0.32
32,178,0.2
32,179,0.32
32,180,0.32
32,181,0.48
32,182,0.24
32,183,0.2
32,184,0.2
32,185,0.4
32,186,0.28
32,187,0.24
32,188,0.12
32,189,0.12
32,190,0.16
32,191,0.48
32,192,0.36
32,193,0.16
32,194,0.08
32,195,0.32
32,196,0.28
32,197,0.36
32,198,0.36
32,199,0.28
32,200,0.2
32,201,0.24
32,202,0.48
32,203,0.24
32,204,0.28
32,205,0.28
32,206,0.36
32,207,0.28
32,208,0.32
32,209,0.36
32,210,0.12
32,211,0.24
32,212,0.2
32,213,0.08
32,214,0.32
32,215,0.08
32,216,0.16
32,217,0.08
32,218,0.28
32,219,0.16
32,220,0.32
32,221,0.2
32,222,0.28
32,223,0.28
32,224,0.24
32,225,0.16
32,226,0.28
32,227,0.08
32,228,0.28
32,229,0.48
32,230,0.4
32,231,0.2
32,232,0.32
32,233,0.08
32,234,0.24
32,235,0
32,236,0
33,1,0.2
33,2,0.16
33,3,0.2
33,4,0.12
33,5,0.2
33,6,0.28
33,7,0.4
33,8,0.48
33,9,0.28
33,10,0.28
33,11,0.24
33,12,0.32
33,13,0.2
33,14,0.2
33,15,0.16
33,16,0.36
33,17,0.28
33,18,0.24
33,19,0.16
33,20,0.12
33,21,0.48
33,22,0.28
33,23,0.32
33,24,0.24
33,25,0.16
33,26,0.08
33,27,0.32
33,28,0.32
33,29,0.08
33,30,0.2
33,31,0.32
33,32,0.4
33,33,0.28
33,34,0.24
33,35,0.32
33,36,0.4
33,37,0.12
33,38,0.08
33,39,0
33,40,0
33,41,0
33,42,0.12
33,43,0
33,44,0
33,45,0
33,46,0
33,47,0.28
33,48,0.08
33,49,0.08
33,50,0.2
33,51,0.16
33,52,0.32
33,53,0.4
33,54,0.16
33,55,0.28
33,56,0.36
33,57,0.24
33,58,0.24
33,59,0.32
33,60,0.4
33,61,0
33,62,0.24
33,63,0.12
33,64,0.2
33,65,0.16
33,66,0.32
33,67,0.16
33,68,0.28
33,69,0.28
33,70,0.24
33,71,0.36
33,72,0.16
33,73,0.32
33,74,0.16
33,75,0.36
33,76,0.28
33,77,0.2
33,78,0.44
33,79,0.24
33,80,0.12
33,81,0.24
33,82,0.44
33,83,0.12
33,84,0.12
33,85,0.08
33,86,0.28
33,87,0.28
33,88,0.32
33,89,0.32
33,90,0.28
33,91,0.2
33,92,0.12
33,93,0.4
33,94,0.16
33,95,0.32
33,96,0.28
33,97,0.28
33,98,0.2
33,99,0.36
33,100,0.32
33,101,0.32
33,102,0.24
33,103,0.16
33,104,0.2
33,105,0.28
33,106,0.32
33,107,0.12
33,108,0.24
33,109,0.2
33,110,0.16
33,111,0.32
33,112,0.16
33,113,0.76
33,114,0.76
33,115,0.28
33,116,0.12
33,117,0.44
33,118,0.76
33,119,0.2
33,120,0.44
33,121,0.12
33,122,0.12
33,123,0.12
33,124,0.24
33,125,0.48
33,126,0.28
33,127,0.36
33,128,0.16
33,129,0.24
33,130,0.16
33,131,0.24
33,132,0.36
33,133,0.2
33,134,0.16
33,135,0.16
33,136,0.76
33,137,0.24
33,138,0.16
33,139,0.2
33,140,0.2
33,141,0.48
33,142,0.12
33,143,0.32
33,144,0.2
33,145,0.16
33,146,0.2
33,147,0.2
33,148,0.28
33,149,0.36
33,150,0.12
33,151,0.28
33,152,0.28
33,153,0.2
33,154,0.2
33,155,0.32
33,156,0.2
33,157,0.24
33,158,0.24
33,159,0.32
33,160,0.28
33,161,0.24
33,162,0.24
33,163,0.24
33,164,0.32
33,165,0.12
33,166,0.16
33,167,0.44
33,168,0.32
33,169,0.2
33,170,0.32
33,171,0.2
33,172,0.44
33,173,0.16
33,174,0.32
33,175,0.2
33,176,0.28
33,177,0.24
33,178,0.12
33,179,0.24
33,180,0.28
33,181,0.36
33,182,0.16
33,183,0.28
33,184,0.24
33,185,0.4
33,186,0.36
33,187,0.24
33,188,0.16
33,189,0.36
33,190,0.44
33,191,0.16
33,192,0.16
33,193,0.16
33,194,0.16
33,195,0.16
33,196,0.08
33,197,0.28
33,198,0.24
33,199,0.44
33,200,0.2
33,201,0.2
33,202,0.36
33,203,0.28
33,204,0.36
33,205,0.2
33,206,0.32
33,207,0.28
33,208,0.4
33,209,0.2
33,210,0.24
33,211,0.28
33,212,0.28
33,213,0.16
33,214,0.12
33,215,0.28
33,216,0.16
33,217,0.24
33,218,0.2
33,219,0.24
33,220,0.28
33,221,0.12
33,222,0.08
33,223,0.28
33,224,0.32
33,225,0.2
33,226,0.16
33,227,0.2
33,228,0.36
33,229,0.44
33,230,0.28
33,231,0.28
33,232,0.12
33,233,0.28
33,234,0.12
33,235,0
33,236,0
34,1,0.32
34,2,0.16
34,3,0.16
34,4,0.16
34,5,0.32
34,6,0.32
34,7,0.24
34,8,0.16
34,9,0.2
34,10,0.24
34,11,0.16
34,12,0.16
34,13,0.2
34,14,0.2
34,15,0.28
34,16,0.24
34,17,0.24
34,18,0.4
34,19,0.44
34,20,0.28
34,21,0.24
34,22,0.4
34,23,0.2
34,24,0.32
34,25,0.28
34,26,0.28
34,27,0.2
34,28,0.24
34,29,0.08
34,30,0.12
34,31,0.32
34,32,0.36
34,33,0.24
34,34,0.16
34,35,0.16
34,36,0.4
34,37,0.28
34,38,0.24
34,39,0
34,40,0
34,41,0
34,42,0.24
34,43,0
34,44,0
34,45,0
34,46,0
34,47,0.12
34,48,0.12
34,49,0.12
34,50,0.32
34,51,0.24
34,52,0.08
34,53,0.16
34,54,0.36
34,55,0.12
34,56,0.32
34,57,0.2
34,58,0.16
34,59,0.28
34,60,0.36
34,61,0
34,62,0.4
34,63,0.12
34,64,0.16
34,65,0.12
34,66,0.12
34,67,0.16
34,68,0.16
34,69,0.12
34,70,0.24
34,71,0.12
34,72,0.36
34,73,0.24
34,74,0.44
34,75,0.2
34,76,0.12
34,77,0.08
34,78,0.2
34,79,0.4
34,80,0.2
34,81,0.2
34,82,0.4
34,83,0.24
34,84,0.2
34,85,0.32
34,86,0.16
34,87,0.2
34,88,0.36
34,89,0.12
34,90,0.2
34,91,0.2
34,92,0.2
34,93,0.36
34,94,0.16
34,95,0.32
34,96,0.32
34,97,0.08
34,98,0.4
34,99,0.48
34,100,0.12
34,101,0.08
34,102,0.12
34,103,0.32
34,104,0.32
34,105,0.2
34,106,0.44
34,107,0.16
34,108,0.12
34,109,0.36
34,110,0.24
34,111,0.28
34,112,0.16
34,113,0.8
34,114,0.8
34,115,0.32
34,116,0.2
34,117,0.28
34,118,0.8
34,119,0.32
34,120,0.4
34,121,0.24
34,122,0.36
34,123,0.12
34,124,0.24
34,125,0.12
34,126,0.32
34,127,0.24
34,128,0.32
34,129,0.12
34,130,0.12
34,131,0.2
34,132,0.28
34,133,0.44
34,134,0.2
34,135,0.2
34,136,0.8
34,137,0.12
34,138,0.32
34,139,0.4
34,140,0.32
34,141,0.24
34,142,0.36
34,143,0.28
34,144,0.36
34,145,0.16
34,146,0.12
34,147,0.32
34,148,0.16
34,149,0.36
34,150,0.28
34,151,0.44
34,152,0.32
34,153,0.4
34,154,0.16
34,155,0.4
34,156,0.28
34,157,0.32
34,158,0.28
34,159,0.16
34,160,0.12
34,161,0.32
34,162,0.24
34,163,0.36
34,164,0.24
34,165,0.12
34,166,0.32
34,167,0.24
34,168,0.24
34,169,0.4
34,170,0.08
34,171,0.16
34,172,0.2
34,173,0.12
34,174,0.16
34,175,0.48
34,176,0.08
34,177,0.24
34,178,0.28
34,179,0.2
34,180,0.4
34,181,0.28
34,182,0.2
34,183,0.12
34,184,0.28
34,185,0.4
34,186,0.16
34,187,0.2
34,188,0.28
34,189,0.44
34,190,0.4
34,191,0.24
34,192,0.28
34,193,0.32
34,194,0.08
34,195,0.2
34,196,0.16
34,197,0.28
34,198,0.24
34,199,0.16
34,200,0.32
34,201,0.28
34,202,0.32
34,203,0.2
34,204,0.4
34,205,0.12
34,206,0.44
34,207,0.2
34,208,0.24
34,209,0.28
34,210,0.16
34,211,0.16
34,212,0.2
34,213,0.2
34,214,0.16
34,215,0.12
34,216,0.28
34,217,0.08
34,218,0.24
34,219,0.12
34,220,0.28
34,221,0.16
34,222,0.16
34,223,0.32
34,224,0.36
34,225,0.16
34,226,0.2
34,227,0.32
34,228,0.36
34,229,0.28
34,230,0.28
34,231,0.32
34,232,0.32
34,233,0.16
34,234,0.16
34,235,0
34,236,0
35,1,0.12
35,2,0.32
35,3,0.08
35,4,0.16
35,5,0.32
35,6,0.12
35,7,0.36
35,8,0.16
35,9,0.32
35,10,0.16
35,11,0.32
35,12,0.32
35,13,0.24
35,14,0.2
35,15,0.36
35,16,0.44
35,17,0.12
35,18,0.32
35,19,0.36
35,20,0.16
35,21,0.44
35,22,0.48
35,23,0.32
35,24,0.08
35,25,0.12
35,26,0.28
35,27,0.28
35,28,0.32
35,29,0.28
35,30,0.32
35,31,0.32
35,32,0.24
35,33,0.28
35,34,0.2
35,35,0.08
35,36,0.32
35,37,0.12
35,38,0.08
35,39,0
35,40,0
35,41,0
35,42,0.2
35,43,0
35,44,0
35,45,0
35,46,0
35,47,0.08
35,48,0.2
35,49,0.32
35,50,0.08
35,51,0.28
35,52,0.12
35,53,0.32
35,54,0.4
35,55,0.28
35,56,0.36
35,57,0.28
35,58,0.28
35,59,0.12
35,60,0.28
35,61,0
35,62,0.36
35,63,0.2
35,64,0.2
35,65,0.24
35,66,0.16
35,67,0.12
35,68,0.24
35,69,0.32
35,70,0.24
35,71,0.4
35,72,0.24
35,73,0.12
35,74,0.36
35,75,0.2
35,76,0.08
35,77,0.32
35,78,0.28
35,79,0.36
35,80,0.16
35,81,0.16
35,82,0.36
35,83,0.16
35,84,0.28
35,85,0.24
35,86,0.28
35,87,0.4
35,88,0.36
35,89,0.16
35,90,0.08
35,91,0.12
35,92,0.32
35,93,0.16
35,94,0.4
35,95,0.4
35,96,0.32
35,97,0.12
35,98,0.24
35,99,0.2
35,100,0.4
35,101,0.08
35,102,0.12
35,103,0.4
35,104,0.32
35,105,0.12
35,106,0.28
35,107,0.24
35,108,0.12
35,109,0.28
35,110,0.08
35,111,0.16
35,112,0.12
35,113,0.76
35,114,0.76
35,115,0.24
35,116,0.12
35,117,0.2
35,118,0.76
35,119,0.28
35,120,0.32
35,121,0.32
35,122,0.28
35,123,0.16
35,124,0.28
35,125,0.24
35,126,0.2
35,127,0.4
35,128,0.16
35,129,0.2
35,130,0.16
35,131,0.24
35,132,0.36
35,133,0.24
35,134,0.16
35,135,0.36
35,136,0.76
35,137,0.24
35,138,0.24
35,139,0.12
35,140,0.12
35,141,0.4
35,142,0.48
35,143,0.36
35,144,0.28
35,145,0.44
35,146,0.08
35,147,0.4
35,148,0.4
35,149,0.36
35,150,0.16
35,151,0.4
35,152,0.24
35,153,0.36
35,154,0.16
35,155,0.12
35,156,0.28
35,157,0.08
35,158,0.12
35,159,0.2
35,160,0.08
35,161,0.2
35,162,0.24
35,163,0.4
35,164,0.32
35,165,0.32
35,166,0.24
35,167,0.24
35,168,0.2
35,169,0.48
35,170,0.28
35,171,0.12
35,172,0.08
35,173,0.08
35,174,0.4
35,175,0.48
35,176,0.32
35,177,0.2
35,178,0.32
35,179,0.28
35,180,0.16
35,181,0.24
35,182,0.36
35,183,0.32
35,184,0.2
35,185,0.24
35,186,0.4
35,187,0.2
35,188,0.08
35,189,0.12
35,190,0.24
35,191,0.28
35,192,0.2
35,193,0.32
35,194,0.2
35,195,0.32
35,196,0.16
35,197,0.44
35,198,0.28
35,199,0.12
35,200,0.16
35,201,0.28
35,202,0.36
35,203,0.24
35,204,0.36
35,205,0.24
35,206,0.12
35,207,0.28
35,208,0.16
35,209,0.2
35,210,0.12
35,211,0.28
35,212,0.16
35,213,0.28
35,214,0.28
35,215,0.32
35,216,0.12
35,217,0.32
35,218,0.16
35,219,0.2
35,220,0.12
35,221,0.2
35,222,0.08
35,223,0.24
35,224,0.32
35,225,0.16
35,226,0.12
35,227,0.12
35,228,0.2
35,229,0.32
35,230,0.36
35,231,0.12
35,232,0.2
35,233,0.16
35,234,0.16
35,235,0
35,236,0
36,1,0.12
36,2,0.4
36,3,0.12
36,4,0.24
36,5,0.24
36,6,0.12
36,7,0.28
36,8,0.24
36,9,0.24
36,10,0.08
36,11,0.16
36,12,0.36
36,13,0.2
36,14,0.28
36,15,0.2
36,16,0.32
36,17,0.12
36,18,0.12
36,19,0.12
36,20,0.08
36,21,0.32
36,22,0.16
36,23,0.24
36,24,0.12
36,25,0.08
36,26,0.2
36,27,0.32
36,28,0.28
36,29,0.08
36,30,0.36
36,31,0.32
36,32,0.24
36,33,0.44
36,34,0.2
36,35,0.36
36,36,0.12
36,37,0.2
36,38,0.24
36,39,0
36,40,0
36,41,0
36,42,0.08
36,43,0
36,44,0
36,45,0
36,46,0
36,47,0.24
36,48,0.12
36,49,0.08
36,50,0.24
36,51,0.12
36,52,0.08
36,53,0.32
36,54,0.32
36,55,0.24
36,56,0.28
36,57,0.16
36,58,0.4
36,59,0.16
36,60,0.28
36,61,0
36,62,0.12
36,63,0.28
36,64,0.08
36,65,0.24
36,66,0.24
36,67,0.32
36,68,0.28
36,69,0.4
36,70,0.28
36,71,0.44
36,72,0.32
36,73,0.28
36,74,0.44
36,75,0.2
36,76,0.24
36,77,0.24
36,78,0.24
36,79,0.32
36,80,0.24
36,81,0.28
36,82,0.2
36,83,0.24
36,84,0.32
36,85,0.08
36,86,0.08
36,87,0.2
36,88,0.4
36,89,0.24
36,90,0.28
36,91,0.24
36,92,0.28
36,93,0.36
36,94,0.32
36,95,0.4
36,96,0.16
36,97,0.2
36,98,0.44
36,99,0.16
36,100,0.44
36,101,0.12
36,102,0.36
36,103,0.32
36,104,0.12
36,105,0.16
36,106,0.44
36,107,0.28
36,108,0.12
36,109,0.12
36,110,0.08
36,111,0.16
36,112,0.16
36,113,0.8
36,114,0.8
36,115,0.16
36,116,0.12
36,117,0.36
36,118,0.8
36,119,0.08
36,120,0.2
36,121,0.24
36,122,0.44
36,123,0.16
36,124,0.12
36,125,0.2
36,126,0.16
36,127,0.32
36,128,0.16
36,129,0.24
36,130,0.12
36,131,0.08
36,132,0.24
36,133,0.28
36,134,0.32
36,135,0.2
36,136,0.8
36,137,0.28
36,138,0.28
36,139,0.36
36,140,0.28
36,141,0.4
36,142,0.36
36,143,0.44
36,144,0.16
36,145,0.36
36,146,0.28
36,147,0.32
36,148,0.12
36,149,0.28
36,150,0.36
36,151,0.36
36,152,0.24
36,153,0.2
36,154,0.24
36,155,0.4
36,156,0.28
36,157,0.24
36,158,0.08
36,159,0.28
36,160,0.08
36,161,0.24
36,162,0.28
36,163,0.24
36,164,0.28
36,165,0.36
36,166,0.2
36,167,0.12
36,168,0.32
36,169,0.48
36,170,0.12
36,171,0.16
36,172,0.36
36,173,0.12
36,174,0.2
36,175,0.16
36,176,0.32
36,177,0.28
36,178,0.24
36,179,0.24
36,180,0.4
36,181,0.24
36,182,0.28
36,183,0.24
36,184,0.24
36,185,0.36
36,186,0.2
36,187,0.28
36,188,0.16
36,189,0.44
36,190,0.12
36,191,0.24
36,192,0.2
36,193,0.2
36,194,0.16
36,195,0.24
36,196,0.12
36,197,0.2
36,198,0.08
36,199,0.32
36,200,0.16
36,201,0.24
36,202,0.44
36,203,0.12
36,204,0.44
36,205,0.32
36,206,0.28
36,207,0.24
36,208,0.4
36,209,0.24
36,210,0.24
36,211,0.08
36,212,0.28
36,213,0.2
36,214,0.08
36,215,0.08
36,216,0.28
36,217,0.12
36,218,0.08
36,219,0.24
36,220,0.12
36,221,0.28
36,222,0.32
36,223,0.2
36,224,0.24
36,225,0.36
36,226,0.16
36,227,0.32
36,228,0.32
36,229,0.32
36,230,0.44
36,231,0.32
36,232,0.24
36,233,0.08
36,234,0.24
36,235,0
36,236,0
37,1,0.12
37,2,0.12
37,3,0.16
37,4,0.16
37,5,0.12
37,6,0.24
37,7,0.24
37,8,0.12
37,9,0.12
37,10,0.08
37,11,0.32
37,12,0.28
37,13,0.12
37,14,0.2
37,15,0.32
37,16,0.24
37,17,0.4
37,18,0.16
37,19,0.24
37,20,0.28
37,21,0.2
37,22,0.36
37,23,0.48
37,24,0.28
37,25,0.12
37,26,0.16
37,27,0.44
37,28,0.36
37,29,0.12
37,30,0.24
37,31,0.4
37,32,0.16
37,33,0.24
37,34,0.32
37,35,0.2
37,36,0.16
37,37,0.16
37,38,0.32
37,39,0
37,40,0
37,41,0
37,42,0.28
37,43,0
37,44,0
37,45,0
37,46,0
37,47,0.32
37,48,0.12
37,49,0.08
37,50,0.2
37,51,0.48
37,52,0.28
37,53,0.24
37,54,0.2
37,55,0.08
37,56,0.16
37,57,0.2
37,58,0.24
37,59,0.12
37,60,0.24
37,61,0
37,62,0.32
37,63,0.16
37,64,0.24
37,65,0.2
37,66,0.44
37,67,0.24
37,68,0.12
37,69,0.28
37,70,0.32
37,71,0.16
37,72,0.12
37,73,0.12
37,74,0.28
37,75,0.44
37,76,0.28
37,77,0.2
37,78,0.16
37,79,0.12
37,80,0.32
37,81,0.32
37,82,0.36
37,83,0.2
37,84,0.12
37,85,0.08
37,86,0.2
37,87,0.32
37,88,0.4
37,89,0.12
37,90,0.16
37,91,0.08
37,92,0.32
37,93,0.24
37,94,0.36
37,95,0.48
37,96,0.24
37,97,0.12
37,98,0.36
37,99,0.28
37,100,0.36
37,101,0.08
37,102,0.2
37,103,0.28
37,104,0.16
37,105,0.16
37,106,0.48
37,107,0.12
37,108,0.28
37,109,0.24
37,110,0.24
37,111,0.2
37,112,0.12
37,113,0.84
37,114,0.84
37,115,0.12
37,116,0.2
37,117,0.24
37,118,0.84
37,119,0.32
37,120,0.28
37,121,0.12
37,122,0.2
37,123,0.28
37,124,0.44
37,125,0.32
37,126,0.08
37,127,0.44
37,128,0.16
37,129,0.28
37,130,0.08
37,131,0.24
37,132,0.12
37,133,0.32
37,134,0.28
37,135,0.12
37,136,0.84
37,137,0.24
37,138,0.12
37,139,0.24
37,140,0.2
37,141,0.24
37,142,0.12
37,143,0.12
37,144,0.36
37,145,0.36
37,146,0.2
37,147,0.4
37,148,0.16
37,149,0.36
37,150,0.32
37,151,0.2
37,152,0.28
37,153,0.32
37,154,0.32
37,155,0.4
37,156,0.28
37,157,0.24
37,158,0.08
37,159,0.16
37,160,0.24
37,161,0.08
37,162,0.08
37,163,0.12
37,164,0.08
37,165,0.44
37,166,0.12
37,167,0.4
37,168,0.28
37,169,0.36
37,170,0.16
37,171,0.28
37,172,0.16
37,173,0.24
37,174,0.24
37,175,0.48
37,176,0.24
37,177,0.24
37,178,0.16
37,179,0.2
37,180,0.2
37,181,0.32
37,182,0.24
37,183,0.2
37,184,0.24
37,185,0.36
37,186,0.12
37,187,0.08
37,188,0.24
37,189,0.2
37,190,0.4
37,191,0.12
37,192,0.4
37,193,0.36
37,194,0.16
37,195,0.16
37,196,0.16
37,197,0.12
37,198,0.12
37,199,0.32
37,200,0.2
37,201,0.16
37,202,0.16
37,203,0.16
37,204,0.32
37,205,0.08
37,206,0.28
37,207,0.32
37,208,0.12
37,209,0.2
37,210,0.2
37,211,0.16
37,212,0.28
37,213,0.16
37,214,0.28
37,215,0.24
37,216,0.24
37,217,0.2
37,218,0.32
37,219,0.28
37,220,0.28
37,221,0.28
37,222,0.28
37,223,0.36
37,224,0.28
37,225,0.32
37,226,0.44
37,227,0.2
37,228,0.4
37,229,0.44
37,230,0.12
37,231,0.16
37,232,0.24
37,233,0.28
37,234,0.24
37,235,0
37,236,0
38,1,0.28
38,2,0.4
38,3,0.24
38,4,0.12
38,5,0.4
38,6,0.12
38,7,0.4
38,8,0.2
38,9,0.12
38,10,0.12
38,11,0.24
38,12,0.44
38,13,0.4
38,14,0.12
38,15,0.12
38,16,0.36
38,17,0.32
38,18,0.16
38,19,0.12
38,20,0.2
38,21,0.36
38,22,0.28
38,23,0.32
38,24,0.24
38,25,0.24
38,26,0.12
38,27,0.44
38,28,0.2
38,29,0.28
38,30,0.4
38,31,0.12
38,32,0.16
38,33,0.44
38,34,0.08
38,35,0.16
38,36,0.44
38,37,0.2
38,38,0.2
38,39,0
38,40,0
38,41,0
38,42,0.08
38,43,0
38,44,0
38,45,0
38,46,0
38,47,0.2
38,48,0.28
38,49,0.2
38,50,0.28
38,51,0.28
38,52,0.28
38,53,0.36
38,54,0.28
38,55,0.12
38,56,0.4
38,57,0.08
38,58,0.44
38,59,0.08
38,60,0.28
38,61,0
38,62,0.16
38,63,0.2
38,64,0.28
38,65,0.2
38,66,0.24
38,67,0.08
38,68,0.28
38,69,0.16
38,70,0.2
38,71,0.32
38,72,0.32
38,73,0.28
38,74,0.28
38,75,0.24
38,76,0.24
38,77,0.16
38,78,0.16
38,79,0.28
38,80,0.08
38,81,0.28
38,82,0.28
38,83,0.2
38,84,0.24
38,85,0.28
38,86,0.12
38,87,0.44
38,88,0.28
38,89,0.2
38,90,0.2
38,91,0.16
38,92,0.36
38,93,0.44
38,94,0.24
38,95,0.32
38,96,0.2
38,97,0.08
38,98,0.16
38,99,0.2
38,100,0.4
38,101,0.2
38,102,0.32
38,103,0.16
38,104,0.28
38,105,0.28
38,106,0.2
38,107,0.24
38,108,0.2
38,109,0.12
38,110,0.24
38,111,0.24
38,112,0.28
38,113,0.84
38,114,0.84
38,115,0.24
38,116,0.12
38,117,0.4
38,118,0.84
38,119,0.12
38,120,0.2
38,121,0.16
38,122,0.4
38,123,0.12
38,124,0.16
38,125,0.2
38,126,0.08
38,127,0.36
38,128,0.08
38,129,0.12
38,130,0.24
38,131,0.12
38,132,0.36
38,133,0.16
38,134,0.16
38,135,0.4
38,136,0.84
38,137,0.4
38,138,0.16
38,139,0.2
38,140,0.2
38,141,0.32
38,142,0.32
38,143,0.24
38,144,0.2
38,145,0.28
38,146,0.08
38,147,0.28
38,148,0.4
38,149,0.24
38,150,0.36
38,151,0.32
38,152,0.16
38,153,0.4
38,154,0.24
38,155,0.12
38,156,0.08
38,157,0.28
38,158,0.24
38,159,0.08
38,160,0.24
38,161,0.12
38,162,0.16
38,163,0.12
38,164,0.12
38,165,0.24
38,166,0.08
38,167,0.36
38,168,0.2
38,169,0.4
38,170,0.16
38,171,0.24
38,172,0.36
38,173,0.08
38,174,0.12
38,175,0.28
38,176,0.28
38,177,0.12
38,178,0.16
38,179,0.36
38,180,0.36
38,181,0.2
38,182,0.44
38,183,0.16
38,184,0.24
38,185,0.4
38,186,0.16
38,187,0.24
38,188,0.16
38,189,0.24
38,190,0.24
38,191,0.16
38,192,0.4
38,193,0.24
38,194,0.28
38,195,0.4
38,196,0.12
38,197,0.36
38,198,0.28
38,199,0.2
38,200,0.24
38,201,0.12
38,202,0.4
38,203,0.2
38,204,0.4
38,205,0.28
38,206,0.4
38,207,0.16
38,208,0.12
38,209,0.16
38,210,0.08
38,211,0.24
38,212,0.16
38,213,0.28
38,214,0.28
38,215,0.12
38,216,0.16
38,217,0.08
38,218,0.2
38,219,0.08
38,220,0.16
38,221,0.16
38,222,0.08
38,223,0.24
38,224,0.32
38,225,0.32
38,226,0.2
38,227,0.16
38,228,0.2
38,229,0.36
38,230,0.44
38,231,0.12
38,232,0.08
38,233,0.08
38,234,0.16
38,235,0
38,236,0
39,1,0.36
39,2,0.4
39,3,0.28
39,4,0.2
39,5,0.32
39,6,0.24
39,7,0.36
39,8,0.36
39,9,0.08
39,10,0.16
39,11,0.08
39,12,0.16
39,13,0.32
39,14,0.08
39,15,0.12
39,16,0.44
39,17,0.24
39,18,0.24
39,19,0.32
39,20,0.2
39,21,0.24
39,22,0.16
39,23,0.28
39,24,0.08
39,25,0.16
39,26,0.24
39,27,0.16
39,28,0.12
39,29,0.16
39,30,0.36
39,31,0.28
39,32,0.36
39,33,0.44
39,34,0.32
39,35,0.4
39,36,0.12
39,37,0.28
39,38,0.24
39,39,0
39,40,0
39,41,0
39,42,0.12
39,43,0
39,44,0
39,45,0
39,46,0
39,47,0.16
39,48,0.24
39,49,0.2
39,50,0.32
39,51,0.16
39,52,0.16
39,53,0.4
39,54,0.2
39,55,0.2
39,56,0.16
39,57,0.28
39,58,0.24
39,59,0.12
39,60,0.16
39,61,0
39,62,0.28
39,63,0.12
39,64,0.12
39,65,0.12
39,66,0.32
39,67,0.08
39,68,0.2
39,69,0.24
39,70,0.08
39,71,0.12
39,72,0.16
39,73,0.16
39,74,0.12
39,75,0.2
39,76,0.2
39,77,0.2
39,78,0.16
39,79,0.4
39,80,0.2
39,81,0.28
39,82,0.32
39,83,0.28
39,84,0.28
39,85,0.24
39,86,0.12
39,87,0.32
39,88,0.36
39,89,0.12
39,90,0.12
39,91,0.08
39,92,0.16
39,93,0.24
39,94,0.36
39,95,0.12
39,96,0.28
39,97,0.28
39,98,0.2
39,99,0.24
39,100,0.32
39,101,0.28
39,102,0.44
39,103,0.24
39,104,0.16
39,105,0.12
39,106,0.12
39,107,0.16
39,108,0.12
39,109,0.36
39,110,0.24
39,111,0.24
39,112,0.08
39,113,0.88
39,114,0.88
39,115,0.16
39,116,0.12
39,117,0.2
39,118,0.88
39,119,0.24
39,120,0.32
39,121,0.28
39,122,0.44
39,123,0.32
39,124,0.24
39,125,0.32
39,126,0.16
39,127,0.16
39,128,0.12
39,129,0.24
39,130,0.12
39,131,0.28
39,132,0.44
39,133,0.16
39,134,0.16
39,135,0.16
39,136,0.88
39,137,0.24
39,138,0.28
39,139,0.4
39,140,0.28
39,141,0.44
39,142,0.24
39,143,0.24
39,144,0.16
39,145,0.36
39,146,0.08
39,147,0.12
39,148,0.4
39,149,0.44
39,150,0.16
39,151,0.44
39,152,0.16
39,153,0.44
39,154,0.4
39,155,0.24
39,156,0.2
39,157,0.2
39,158,0.2
39,159,0.12
39,160,0.16
39,161,0.12
39,162,0.24
39,163,0.16
39,164,0.16
39,165,0.48
39,166,0.08
39,167,0.2
39,168,0.4
39,169,0.32
39,170,0.12
39,171,0.2
39,172,0.16
39,173,0.2
39,174,0.28
39,175,0.36
39,176,0.12
39,177,0.12
39,178,0.28
39,179,0.16
39,180,0.28
39,181,0.4
39,182,0.28
39,183,0.08
39,184,0.28
39,185,0.44
39,186,0.32
39,187,0.12
39,188,0.16
39,189,0.32
39,190,0.16
39,191,0.28
39,192,0.28
39,193,0.28
39,194,0.12
39,195,0.16
39,196,0.16
39,197,0.12
39,198,0.12
39,199,0.32
39,200,0.2
39,201,0.16
39,202,0.28
39,203,0.16
39,204,0.28
39,205,0.2
39,206,0.44
39,207,0.4
39,208,0.32
39,209,0.2
39,210,0.24
39,211,0.28
39,212,0.2
39,213,0.08
39,214,0.24
39,215,0.08
39,216,0.12
39,217,0.24
39,218,0.08
39,219,0.16
39,220,0.12
39,221,0.16
39,222,0.28
39,223,0.12
39,224,0.24
39,225,0.36
39,226,0.48
39,227,0.28
39,228,0.28
39,229,0.16
39,230,0.4
39,231,0.16
39,232,0.08
39,233,0.24
39,234,0.16
39,235,0
39,236,0
40,1,0.32
40,2,0.4
40,3,0.08
40,4,0.12
40,5,0.12
40,6,0.28
40,7,0.16
40,8,0.2
40,9,0.28
40,10,0.24
40,11,0.08
40,12,0.24
40,13,0.12
40,14,0.16
40,15,0.24
40,16,0.28
40,17,0.32
40,18,0.24
40,19,0.2
40,20,0.12
40,21,0.32
40,22,0.28
40,23,0.4
40,24,0.24
40,25,0.24
40,26,0.12
40,27,0.32
40,28,0.24
40,29,0.2
40,30,0.2
40,31,0.12
40,32,0.24
40,33,0.28
40,34,0.12
40,35,0.2
40,36,0.24
40,37,0.2
40,38,0.24
40,39,0
40,40,0
40,41,0
40,42,0.24
40,43,0
40,44,0
40,45,0
40,46,0
40,47,0.28
40,48,0.24
40,49,0.28
40,50,0.36
40,51,0.16
40,52,0.08
40,53,0.36
40,54,0.16
40,55,0.24
40,56,0.36
40,57,0.12
40,58,0.36
40,59,0.12
40,60,0.36
40,61,0
40,62,0.24
40,63,0.2
40,64,0.2
40,65,0.08
40,66,0.36
40,67,0.08
40,68,0.08
40,69,0.24
40,70,0.24
40,71,0.32
40,72,0.28
40,73,0.08
40,74,0.28
40,75,0.4
40,76,0.12
40,77,0.2
40,78,0.4
40,79,0.32
40,80,0.12
40,81,0.16
40,82,0.24
40,83,0.12
40,84,0.12
40,85,0.08
40,86,0.16
40,87,0.32
40,88,0.2
40,89,0.28
40,90,0.08
40,91,0.16
40,92,0.36
40,93,0.4
40,94,0.32
40,95,0.2
40,96,0.12
40,97,0.2
40,98,0.28
40,99,0.16
40,100,0.4
40,101,0.2
40,102,0.32
40,103,0.28
40,104,0.16
40,105,0.16
40,106,0.32
40,107,0.2
40,108,0.12
40,109,0.16
40,110,0.28
40,111,0.24
40,112,0.12
40,113,0.8
40,114,0.8
40,115,0.12
40,116,0.24
40,117,0.2
40,118,0.8
40,119,0.12
40,120,0.4
40,121,0.2
40,122,0.2
40,123,0.44
40,124,0.32
40,125,0.12
40,126,0.28
40,127,0.32
40,128,0.12
40,129,0.12
40,130,0.12
40,131,0.16
40,132,0.2
40,133,0.4
40,134,0.2
40,135,0.4
40,136,0.8
40,137,0.32
40,138,0.16
40,139,0.32
40,140,0.12
40,141,0.28
40,142,0.24
40,143,0.28
40,144,0.24
40,145,0.36
40,146,0.12
40,147,0.24
40,148,0.4
40,149,0.36
40,150,0.24
40,151,0.32
40,152,0.16
40,153,0.16
40,154,0.2
40,155,0.24
40,156,0.08
40,157,0.2
40,158,0.28
40,159,0.16
40,160,0.24
40,161,0.24
40,162,0.2
40,163,0.12
40,164,0.2
40,165,0.16
40,166,0.12
40,167,0.36
40,168,0.44
40,169,0.36
40,170,0.16
40,171,0.28
40,172,0.4
40,173,0.28
40,174,0.4
40,175,0.24
40,176,0.2
40,177,0.16
40,178,0.12
40,179,0.36
40,180,0.4
40,181,0.32
40,182,0.16
40,183,0.2
40,184,0.24
40,185,0.44
40,186,0.32
40,187,0.2
40,188,0.16
40,189,0.44
40,190,0.44
40,191,0.12
40,192,0.2
40,193,0.2
40,194,0.08
40,195,0.16
40,196,0.16
40,197,0.24
40,198,0.12
40,199,0.12
40,200,0.24
40,201,0.12
40,202,0.4
40,203,0.24
40,204,0.36
40,205,0.12
40,206,0.16
40,207,0.32
40,208,0.4
40,209,0.24
40,210,0.2
40,211,0.2
40,212,0.24
40,213,0.2
40,214,0.2
40,215,0.24
40,216,0.12
40,217,0.24
40,218,0.24
40,219,0.24
40,220,0.16
40,221,0.24
40,222,0.12
40,223,0.24
40,224,0.24
40,225,0.12
40,226,0.24
40,227,0.12
40,228,0.32
40,229,0.16
40,230,0.08
40,231,0.24
40,232,0.08
40,233,0.24
40,234,0.12
40,235,0
40,236,0
41,1,0.44
41,2,0.2
41,3,0.16
41,4,0.24
41,5,0.16
41,6,0.16
41,7,0.16
41,8,0.28
41,9,0.16
41,10,0.28
41,11,0.08
41,12,0.24
41,13,0.2
41,14,0.12
41,15,0.24
41,16,0.4
41,17,0.2
41,18,0.44
41,19,0.44
41,20,0.08
41,21,0.36
41,22,0.36
41,23,0.44
41,24,0.2
41,25,0.2
41,26,0.08
41,27,0.16
41,28,0.4
41,29,0.12
41,30,0.24
41,31,0.32
41,32,0.32
41,33,0.2
41,34,0.28
41,35,0.32
41,36,0.32
41,37,0.2
41,38,0.16
41,39,0
41,40,0
41,41,0
41,42,0.24
41,43,0
41,44,0
41,45,0
41,46,0
41,47,0.16
41,48,0.28
41,49,0.16
41,50,0.32
41,51,0.36
41,52,0.16
41,53,0.28
41,54,0.4
41,55,0.16
41,56,0.2
41,57,0.08
41,58,0.36
41,59,0.12
41,60,0.24
41,61,0
41,62,0.2
41,63,0.16
41,64,0.24
41,65,0.12
41,66,0.32
41,67,0.2
41,68,0.16
41,69,0.36
41,70,0.16
41,71,0.24
41,72,0.16
41,73,0.08
41,74,0.24
41,75,0.28
41,76,0.16
41,77,0.12
41,78,0.16
41,79,0.2
41,80,0.08
41,81,0.24
41,82,0.24
41,83,0.16
41,84,0.08
41,85,0.24
41,86,0.2
41,87,0.12
41,88,0.28
41,89,0.16
41,90,0.12
41,91,0.16
41,92,0.24
41,93,0.36
41,94,0.24
41,95,0.24
41,96,0.12
41,97,0.24
41,98,0.28
41,99,0.36
41,100,0.24
41,101,0.12
41,102,0.2
41,103,0.24
41,104,0.08
41,105,0.24
41,106,0.4
41,107,0.08
41,108,0.2
41,109,0.24
41,110,0.08
41,111,0.28
41,112,0.24
41,113,0.88
41,114,0.88
41,115,0.28
41,116,0.08
41,117,0.4
41,118,0.88
41,119,0.08
41,120,0.32
41,121,0.08
41,122,0.32
41,123,0.12
41,124,0.4
41,125,0.16
41,126,0.24
41,127,0.2
41,128,0.24
41,129,0.12
41,130,0.12
41,131,0.16
41,132,0.36
41,133,0.32
41,134,0.16
41,135,0.44
41,136,0.88
41,137,0.16
41,138,0.16
41,139,0.36
41,140,0.08
41,141,0.28
41,142,0.16
41,143,0.28
41,144,0.32
41,145,0.08
41,146,0.16
41,147,0.36
41,148,0.16
41,149,0.2
41,150,0.44
41,151,0.36
41,152,0.08
41,153,0.2
41,154,0.12
41,155,0.16
41,156,0.12
41,157,0.12
41,158,0.28
41,159,0.12
41,160,0.2
41,161,0.2
41,162,0.24
41,163,0.24
41,164,0.2
41,165,0.44
41,166,0.12
41,167,0.4
41,168,0.12
41,169,0.36
41,170,0.24
41,171,0.12
41,172,0.36
41,173,0.16
41,174,0.32
41,175,0.36
41,176,0.2
41,177,0.24
41,178,0.12
41,179,0.4
41,180,0.32
41,181,0.4
41,182,0.32
41,183,0.12
41,184,0.16
41,185,0.28
41,186,0.24
41,187,0.16
41,188,0.28
41,189,0.28
41,190,0.28
41,191,0.24
41,192,0.4
41,193,0.4
41,194,0.16
41,195,0.16
41,196,0.2
41,197,0.16
41,198,0.2
41,199,0.24
41,200,0.24
41,201,0.24
41,202,0.36
41,203,0.24
41,204,0.12
41,205,0.12
41,206,0.28
41,207,0.12
41,208,0.44
41,209,0.16
41,210,0.24
41,211,0.24
41,212,0.16
41,213,0.08
41,214,0.16
41,215,0.2
41,216,0.16
41,217,0.24
41,218,0.28
41,219,0.08
41,220,0.08
41,221,0.2
41,222,0.24
41,223,0.12
41,224,0.12
41,225,0.28
41,226,0.24
41,227,0.08
41,228,0.24
41,229,0.32
41,230,0.28
41,231,0.08
41,232,0.24
41,233,0.08
41,234,0.24
41,235,0
41,236,0
42,1,0.44
42,2,0.12
42,3,0.16
42,4,0.16
42,5,0.28
42,6,0.2
42,7,0.28
42,8,0.2
42,9,0.12
42,10,0.08
42,11,0.08
42,12,0.28
42,13,0.16
42,14,0.16
42,15,0.24
42,16,0.12
42,17,0.16
42,18,0.28
42,19,0.32
42,20,0.12
42,21,0.08
42,22,0.24
42,23,0.32
42,24,0.2
42,25,0.2
42,26,0.28
42,27,0.32
42,28,0.36
42,29,0.08
42,30,0.36
42,31,0.4
42,32,0.28
42,33,0.24
42,34,0.28
42,35,0.2
42,36,0.36
42,37,0.08
42,38,0.08
42,39,0
42,40,0
42,41,0
42,42,0.12
42,43,0
42,44,0
42,45,0
42,46,0
42,47,0.28
42,48,0.08
42,49,0.16
42,50,0.44
42,51,0.44
42,52,0.12
42,53,0.12
42,54,0.24
42,55,0.08
42,56,0.12
42,57,0.12
42,58,0.28
42,59,0.08
42,60,0.32
42,61,0
42,62,0.12
42,63,0.12
42,64,0.2
42,65,0.12
42,66,0.4
42,67,0.16
42,68,0.16
42,69,0.36
42,70,0.24
42,71,0.32
42,72,0.36
42,73,0.12
42,74,0.32
42,75,0.28
42,76,0.12
42,77,0.12
42,78,0.28
42,79,0.4
42,80,0.2
42,81,0.16
42,82,0.24
42,83,0.2
42,84,0.24
42,85,0.12
42,86,0.28
42,87,0.36
42,88,0.24
42,89,0.08
42,90,0.08
42,91,0.16
42,92,0.4
42,93,0.16
42,94,0.16
42,95,0.24
42,96,0.08
42,97,0.2
42,98,0.2
42,99,0.2
42,100,0.2
42,101,0.08
42,102,0.32
42,103,0.44
42,104,0.2
42,105,0.24
42,106,0.12
42,107,0.16
42,108,0.24
42,109,0.12
42,110,0.16
42,111,0.08
42,112,0.08
42,113,0.84
42,114,0.84
42,115,0.24
42,116,0.2
42,117,0.32
42,118,0.84
42,119,0.16
42,120,0.4
42,121,0.12
42,122,0.28
42,123,0.32
42,124,0.16
42,125,0.28
42,126,0.2
42,127,0.4
42,128,0.08
42,129,0.08
42,130,0.16
42,131,0.24
42,132,0.28
42,133,0.32
42,134,0.08
42,135,0.16
42,136,0.84
42,137,0.28
42,138,0.16
42,139,0.12
42,140,0.24
42,141,0.16
42,142,0.32
42,143,0.4
42,144,0.16
42,145,0.4
42,146,0.16
42,147,0.2
42,148,0.2
42,149,0.28
42,150,0.36
42,151,0.28
42,152,0.2
42,153,0.32
42,154,0.12
42,155,0.12
42,156,0.24
42,157,0.2
42,158,0.2
42,159,0.12
42,160,0.2
42,161,0.24
42,162,0.2
42,163,0.44
42,164,0.16
42,165,0.4
42,166,0.16
42,167,0.24
42,168,0.16
42,169,0.4
42,170,0.08
42,171,0.12
42,172,0.28
42,173,0.12
42,174,0.44
42,175,0.32
42,176,0.12
42,177,0.12
42,178,0.12
42,179,0.12
42,180,0.2
42,181,0.32
42,182,0.4
42,183,0.16
42,184,0.08
42,185,0.32
42,186,0.36
42,187,0.2
42,188,0.24
42,189,0.16
42,190,0.44
42,191,0.24
42,192,0.44
42,193,0.36
42,194,0.24
42,195,0.24
42,196,0.08
42,197,0.24
42,198,0.16
42,199,0.16
42,200,0.16
42,201,0.24
42,202,0.36
42,203,0.16
42,204,0.16
42,205,0.24
42,206,0.24
42,207,0.28
42,208,0.36
42,209,0.16
42,210,0.24
42,211,0.16
42,212,0.2
42,213,0.2
42,214,0.24
42,215,0.12
42,216,0.12
42,217,0.24
42,218,0.12
42,219,0.12
42,220,0.08
42,221,0.12
42,222,0.24
42,223,0.32
42,224,0.36
42,225,0.36
42,226,0.12
42,227,0.24
42,228,0.32
42,229,0.4
42,230,0.28
42,231,0.24
42,232,0.24
42,233,0.12
42,234,0.24
42,235,0
42,236,0
43,1,0.32
43,2,0.4
43,3,0.28
43,4,0.16
43,5,0.4
43,6,0.08
43,7,0.32
43,8,0.32
43,9,0.12
43,10,0.24
43,11,0.08
43,12,0.36
43,13,0.16
43,14,0.16
43,15,0.36
43,16,0.16
43,17,0.32
43,18,0.4
43,19,0.32
43,20,0.12
43,21,0.2
43,22,0.32
43,23,0.12
43,24,0.12
43,25,0.08
43,26,0.16
43,27,0.4
43,28,0.16
43,29,0.08
43,30,0.32
43,31,0.32
43,32,0.2
43,33,0.28
43,34,0.36
43,35,0.16
43,36,0.2
43,37,0.08
43,38,0.2
43,39,0
43,40,0
43,41,0
43,42,0.12
43,43,0
43,44,0
43,45,0
43,46,0
43,47,0.08
43,48,0.2
43,49,0.2
43,50,0.12
43,51,0.12
43,52,0.12
43,53,0.24
43,54,0.24
43,55,0.12
43,56,0.12
43,57,0.12
43,58,0.2
43,59,0.12
43,60,0.2
43,61,0
43,62,0.36
43,63,0.12
43,64,0.08
43,65,0.2
43,66,0.32
43,67,0.24
43,68,0.16
43,69,0.2
43,70,0.08
43,71,0.36
43,72,0.32
43,73,0.08
43,74,0.16
43,75,0.2
43,76,0.24
43,77,0.08
43,78,0.2
43,79,0.4
43,80,0.2
43,81,0.08
43,82,0.32
43,83,0.08
43,84,0.12
43,85,0.08
43,86,0.12
43,87,0.12
43,88,0.4
43,89,0.12
43,90,0.24
43,91,0.24
43,92,0.32
43,93,0.4
43,94,0.44
43,95,0.2
43,96,0.2
43,97,0.2
43,98,0.16
43,99,0.16
43,100,0.36
43,101,0.12
43,102,0.32
43,103,0.24
43,104,0.24
43,105,0.08
43,106,0.4
43,107,0.16
43,108,0.16
43,109,0.16
43,110,0.12
43,111,0.16
43,112,0.08
43,113,0.84
43,114,0.84
43,115,0.2
43,116,0.16
43,117,0.32
43,118,0.84
43,119,0.16
43,120,0.36
43,121,0.2
43,122,0.12
43,123,0.28
43,124,0.24
43,125,0.36
43,126,0.2
43,127,0.12
43,128,0.08
43,129,0.2
43,130,0.16
43,131,0.16
43,132,0.12
43,133,0.28
43,134,0.08
43,135,0.44
43,136,0.84
43,137,0.36
43,138,0.08
43,139,0.36
43,140,0.16
43,141,0.36
43,142,0.28
43,143,0.2
43,144,0.28
43,145,0.28
43,146,0.24
43,147,0.32
43,148,0.12
43,149,0.24
43,150,0.24
43,151,0.16
43,152,0.12
43,153,0.16
43,154,0.16
43,155,0.2
43,156,0.2
43,157,0.12
43,158,0.24
43,159,0.24
43,160,0.2
43,161,0.2
43,162,0.08
43,163,0.4
43,164,0.2
43,165,0.36
43,166,0.24
43,167,0.2
43,168,0.4
43,169,0.08
43,170,0.16
43,171,0.12
43,172,0.4
43,173,0.12
43,174,0.44
43,175,0.16
43,176,0.2
43,177,0.2
43,178,0.08
43,179,0.44
43,180,0.2
43,181,0.4
43,182,0.36
43,183,0.16
43,184,0.12
43,185,0.44
43,186,0.16
43,187,0.08
43,188,0.2
43,189,0.32
43,190,0.12
43,191,0.12
43,192,0.2
43,193,0.36
43,194,0.24
43,195,0.08
43,196,0.08
43,197,0.4
43,198,0.2
43,199,0.28
43,200,0.2
43,201,0.2
43,202,0.24
43,203,0.24
43,204,0.12
43,205,0.24
43,206,0.24
43,207,0.12
43,208,0.4
43,209,0.24
43,210,0.08
43,211,0.24
43,212,0.2
43,213,0.12
43,214,0.08
43,215,0.12
43,216,0.12
43,217,0.16
43,218,0.12
43,219,0.2
43,220,0.2
43,221,0.24
43,222,0.16
43,223,0.32
43,224,0.36
43,225,0.28
43,226,0.44
43,227,0.16
43,228,0.4
43,229,0.32
43,230,0.28
43,231,0.2
43,232,0.08
43,233,0.24
43,234,0.12
43,235,0
43,236,0
44,1,0.16
44,2,0.16
44,3,0.16
44,4,0.16
44,5,0.28
44,6,0.2
44,7,0.4
44,8,0.32
44,9,0.08
44,10,0.16
44,11,0.16
44,12,0.28
44,13,0.08
44,14,0.12
44,15,0.36
44,16,0.36
44,17,0.28
44,18,0.36
44,19,0.28
44,20,0.24
44,21,0.24
44,22,0.28
44,23,0.28
44,24,0.12
44,25,0.16
44,26,0.16
44,27,0.16
44,28,0.24
44,29,0.12
44,30,0.36
44,31,0.44
44,32,0.2
44,33,0.44
44,34,0.28
44,35,0.2
44,36,0.28
44,37,0.12
44,38,0.2
44,39,0
44,40,0
44,41,0
44,42,0.2
44,43,0
44,44,0
44,45,0
44,46,0
44,47,0.2
44,48,0.12
44,49,0.08
44,50,0.44
44,51,0.16
44,52,0.16
44,53,0.24
44,54,0.2
44,55,0.08
44,56,0.12
44,57,0.12
44,58,0.16
44,59,0.16
44,60,0.2
44,61,0
44,62,0.28
44,63,0.16
44,64,0.08
44,65,0.2
44,66,0.48
44,67,0.16
44,68,0.12
44,69,0.28
44,70,0.2
44,71,0.28
44,72,0.28
44,73,0.08
44,74,0.28
44,75,0.28
44,76,0.04
44,77,0.12
44,78,0.28
44,79,0.44
44,80,0.12
44,81,0.2
44,82,0.12
44,83,0.08
44,84,0.12
44,85,0.16
44,86,0.08
44,87,0.28
44,88,0.2
44,89,0.2
44,90,0.08
44,91,0.16
44,92,0.44
44,93,0.4
44,94,0.48
44,95,0.4
44,96,0.08
44,97,0.16
44,98,0.08
44,99,0.12
44,100,0.24
44,101,0.08
44,102,0.36
44,103,0.12
44,104,0.2
44,105,0.16
44,106,0.28
44,107,0.16
44,108,0.24
44,109,0.16
44,110,0.12
44,111,0.08
44,112,0.16
44,113,0.84
44,114,0.84
44,115,0.12
44,116,0.12
44,117,0.32
44,118,0.84
44,119,0.08
44,120,0.32
44,121,0.24
44,122,0.32
44,123,0.32
44,124,0.44
44,125,0.36
44,126,0.08
44,127,0.16
44,128,0.12
44,129,0.08
44,130,0.12
44,131,0.08
44,132,0.2
44,133,0.24
44,134,0.12
44,135,0.32
44,136,0.84
44,137,0.28
44,138,0.2
44,139,0.32
44,140,0.2
44,141,0.28
44,142,0.28
44,143,0.08
44,144,0.32
44,145,0.2
44,146,0.16
44,147,0.2
44,148,0.28
44,149,0.32
44,150,0.36
44,151,0.4
44,152,0.12
44,153,0.2
44,154,0.32
44,155,0.16
44,156,0.12
44,157,0.16
44,158,0.12
44,159,0.2
44,160,0.24
44,161,0.2
44,162,0.16
44,163,0.32
44,164,0.16
44,165,0.16
44,166,0.24
44,167,0.36
44,168,0.28
44,169,0.36
44,170,0.12
44,171,0.2
44,172,0.28
44,173,0.12
44,174,0.44
44,175,0.28
44,176,0.12
44,177,0.2
44,178,0.08
44,179,0.2
44,180,0.24
44,181,0.12
44,182,0.16
44,183,0.16
44,184,0.08
44,185,0.24
44,186,0.28
44,187,0.08
44,188,0.2
44,189,0.44
44,190,0.36
44,191,0.24
44,192,0.44
44,193,0.16
44,194,0.12
44,195,0.32
44,196,0.08
44,197,0.08
44,198,0.16
44,199,0.2
44,200,0.16
44,201,0.12
44,202,0.24
44,203,0.12
44,204,0.36
44,205,0.24
44,206,0.24
44,207,0.36
44,208,0.2
44,209,0.16
44,210,0.12
44,211,0.08
44,212,0.2
44,213,0.08
44,214,0.12
44,215,0.24
44,216,0.16
44,217,0.12
44,218,0.24
44,219,0.2
44,220,0.16
44,221,0.2
44,222,0.08
44,223,0.28
44,224,0.08
44,225,0.2
44,226,0.24
44,227,0.08
44,228,0.4
44,229,0.24
44,230,0.32
44,231,0.12
44,232,0.24
44,233,0.24
44,234,0.2
44,235,0
44,236,0
45,1,0.12
45,2,0.44
45,3,0.08
45,4,0.24
45,5,0.48
45,6,0.12
45,7,0.4
45,8,0.36
45,9,0.08
45,10,0.12
45,11,0.12
45,12,0.2
45,13,0.36
45,14,0.12
45,15,0.36
45,16,0.24
45,17,0.2
45,18,0.36
45,19,0.28
45,20,0.08
45,21,0.32
45,22,0.24
45,23,0.28
45,24,0.24
45,25,0.12
45,26,0.2
45,27,0.16
45,28,0.08
45,29,0.12
45,30,0.12
45,31,0.16
45,32,0.44
45,33,0.4
45,34,0.12
45,35,0.28
45,36,0.4
45,37,0.12
45,38,0.16
45,39,0
45,40,0
45,41,0
45,42,0.12
45,43,0
45,44,0
45,45,0
45,46,0
45,47,0.2
45,48,0.08
45,49,0.2
45,50,0.48
45,51,0.48
45,52,0.2
45,53,0.4
45,54,0.16
45,55,0.12
45,56,0.28
45,57,0.08
45,58,0.08
45,59,0.2
45,60,0.2
45,61,0
45,62,0.12
45,63,0.08
45,64,0.2
45,65,0.12
45,66,0.36
45,67,0.16
45,68,0.12
45,69,0.24
45,70,0.24
45,71,0.44
45,72,0.24
45,73,0.24
45,74,0.28
45,75,0.32
45,76,0.08
45,77,0.08
45,78,0.28
45,79,0.48
45,80,0.16
45,81,0.16
45,82,0.2
45,83,0.08
45,84,0.24
45,85,0.08
45,86,0.16
45,87,0.24
45,88,0.48
45,89,0.12
45,90,0.24
45,91,0.2
45,92,0.4
45,93,0.16
45,94,0.36
45,95,0.24
45,96,0.12
45,97,0.08
45,98,0.32
45,99,0.32
45,100,0.2
45,101,0.16
45,102,0.32
45,103,0.2
45,104,0.2
45,105,0.12
45,106,0.16
45,107,0.2
45,108,0.12
45,109,0.32
45,110,0.12
45,111,0.2
45,112,0.16
45,113,0.88
45,114,0.88
45,115,0.24
45,116,0.2
45,117,0.16
45,118,0.88
45,119,0.12
45,120,0.28
45,121,0.2
45,122,0.24
45,123,0.24
45,124,0.36
45,125,0.08
45,126,0.24
45,127,0.2
45,128,0.24
45,129,0.2
45,130,0.24
45,131,0.2
45,132,0.12
45,133,0.28
45,134,0.16
45,135,0.28
45,136,0.88
45,137,0.28
45,138,0.08
45,139,0.12
45,140,0.08
45,141,0.32
45,142,0.24
45,143,0.28
45,144,0.24
45,145,0.36
45,146,0.16
45,147,0.24
45,148,0.2
45,149,0.2
45,150,0.2
45,151,0.2
45,152,0.16
45,153,0.36
45,154,0.24
45,155,0.16
45,156,0.2
45,157,0.08
45,158,0.12
45,159,0.24
45,160,0.08
45,161,0.24
45,162,0.2
45,163,0.28
45,164,0.08
45,165,0.2
45,166,0.24
45,167,0.08
45,168,0.36
45,169,0.36
45,170,0.12
45,171,0.08
45,172,0.16
45,173,0.12
45,174,0.24
45,175,0.28
45,176,0.12
45,177,0.08
45,178,0.08
45,179,0.28
45,180,0.2
45,181,0.2
45,182,0.2
45,183,0.08
45,184,0.12
45,185,0.12
45,186,0.16
45,187,0.24
45,188,0.08
45,189,0.4
45,190,0.32
45,191,0.32
45,192,0.44
45,193,0.32
45,194,0.08
45,195,0.32
45,196,0.12
45,197,0.2
45,198,0.12
45,199,0.24
45,200,0.12
45,201,0.08
45,202,0.36
45,203,0.2
45,204,0.24
45,205,0.12
45,206,0.12
45,207,0.24
45,208,0.32
45,209,0.16
45,210,0.08
45,211,0.12
45,212,0.24
45,213,0.12
45,214,0.12
45,215,0.24
45,216,0.08
45,217,0.16
45,218,0.08
45,219,0.12
45,220,0.2
45,221,0.16
45,222,0.08
45,223,0.24
45,224,0.16
45,225,0.16
45,226,0.44
45,227,0.16
45,228,0.28
45,229,0.24
45,230,0.16
45,231,0.16
45,232,0.2
45,233,0.12
45,234,0.16
45,235,0
45,236,0
46,1,0.24
46,2,0.4
46,3,0.24
46,4,0.16
46,5,0.2
46,6,0.2
46,7,0.28
46,8,0.2
46,9,0.16
46,10,0.12
46,11,0.04
46,12,0.12
46,13,0.12
46,14,0.04
46,15,0.24
46,16,0.36
46,17,0.2
46,18,0.32
46,19,0.44
46,20,0.16
46,21,0.16
46,22,0.36
46,23,0.28
46,24,0.16
46,25,0.16
46,26,0.08
46,27,0.24
46,28,0.12
46,29,0.2
46,30,0.28
46,31,0.24
46,32,0.28
46,33,0.4
46,34,0.32
46,35,0.4
46,36,0.16
46,37,0.12
46,38,0.08
46,39,0
46,40,0
46,41,0
46,42,0.12
46,43,0
46,44,0
46,45,0
46,46,0
46,47,0.16
46,48,0.16
46,49,0.2
46,50,0.16
46,51,0.2
46,52,0.12
46,53,0.12
46,54,0.16
46,55,0.08
46,56,0.08
46,57,0.08
46,58,0.12
46,59,0.12
46,60,0.28
46,61,0
46,62,0.12
46,63,0.08
46,64,0.2
46,65,0.12
46,66,0.12
46,67,0.2
46,68,0.2
46,69,0.32
46,70,0.16
46,71,0.24
46,72,0.28
46,73,0.2
46,74,0.12
46,75,0.32
46,76,0.12
46,77,0.2
46,78,0.36
46,79,0.48
46,80,0.24
46,81,0.08
46,82,0.16
46,83,0.08
46,84,0.12
46,85,0.2
46,86,0.08
46,87,0.32
46,88,0.24
46,89,0.2
46,90,0.12
46,91,0.08
46,92,0.28
46,93,0.12
46,94,0.52
46,95,0.2
46,96,0.16
46,97,0.16
46,98,0.24
46,99,0.36
46,100,0.12
46,101,0.16
46,102,0.12
46,103,0.44
46,104,0.24
46,105,0.16
46,106,0.32
46,107,0.24
46,108,0.12
46,109,0.12
46,110,0.24
46,111,0.2
46,112,0.2
46,113,0.96
46,114,0.96
46,115,0.12
46,116,0.08
46,117,0.24
46,118,0.96
46,119,0.2
46,120,0.36
46,121,0.12
46,122,0.4
46,123,0.48
46,124,0.32
46,125,0.16
46,126,0.24
46,127,0.44
46,128,0.08
46,129,0.16
46,130,0.16
46,131,0.2
46,132,0.16
46,133,0.2
46,134,0.12
46,135,0.32
46,136,0.96
46,137,0.16
46,138,0.08
46,139,0.2
46,140,0.2
46,141,0.24
46,142,0.2
46,143,0.16
46,144,0.32
46,145,0.32
46,146,0.2
46,147,0.16
46,148,0.2
46,149,0.2
46,150,0.28
46,151,0.12
46,152,0.08
46,153,0.32
46,154,0.16
46,155,0.2
46,156,0.12
46,157,0.08
46,158,0.08
46,159,0.08
46,160,0.24
46,161,0.16
46,162,0.12
46,163,0.44
46,164,0.16
46,165,0.24
46,166,0.2
46,167,0.2
46,168,0.28
46,169,0.24
46,170,0.2
46,171,0.2
46,172,0.36
46,173,0.12
46,174,0.32
46,175,0.24
46,176,0.12
46,177,0.12
46,178,0.24
46,179,0.44
46,180,0.12
46,181,0.24
46,182,0.52
46,183,0.16
46,184,0.12
46,185,0.4
46,186,0.12
46,187,0.12
46,188,0.08
46,189,0.16
46,190,0.52
46,191,0.2
46,192,0.24
46,193,0.12
46,194,0.12
46,195,0.16
46,196,0.24
46,197,0.32
46,198,0.24
46,199,0.2
46,200,0.08
46,201,0.16
46,202,0.2
46,203,0.16
46,204,0.32
46,205,0.04
46,206,0.32
46,207,0.32
46,208,0.32
46,209,0.12
46,210,0.08
46,211,0.16
46,212,0.16
46,213,0.08
46,214,0.16
46,215,0.2
46,216,0.08
46,217,0.24
46,218,0.08
46,219,0.16
46,220,0.2
46,221,0.08
46,222,0.08
46,223,0.32
46,224,0.12
46,225,0.2
46,226,0.48
46,227,0.2
46,228,0.32
46,229,0.12
46,230,0.12
46,231,0.24
46,232,0.12
46,233,0.12
46,234,0.16
46,235,0
46,236,0
47,1,0.24
47,2,0.2
47,3,0.08
47,4,0.16
47,5,0.4
47,6,0.12
47,7,0.28
47,8,0.28
47,9,0.16
47,10,0.2
47,11,0.08
47,12,0.16
47,13,0.2
47,14,0.16
47,15,0.52
47,16,0.24
47,17,0.28
47,18,0.48
47,19,0.36
47,20,0.2
47,21,0.16
47,22,0.28
47,23,0.32
47,24,0.16
47,25,0.12
47,26,0.2
47,27,0.2
47,28,0.28
47,29,0.12
47,30,0.28
47,31,0.36
47,32,0.24
47,33,0.48
47,34,0.32
47,35,0.28
47,36,0.36
47,37,0.08
47,38,0.08
47,39,0
47,40,0
47,41,0
47,42,0.16
47,43,0
47,44,0
47,45,0
47,46,0
47,47,0.08
47,48,0.2
47,49,0.08
47,50,0.36
47,51,0.36
47,52,0.16
47,53,0.52
47,54,0.16
47,55,0.2
47,56,0.32
47,57,0.12
47,58,0.36
47,59,0.2
47,60,0.12
47,61,0
47,62,0.36
47,63,0.08
47,64,0.16
47,65,0.08
47,66,0.24
47,67,0.08
47,68,0.12
47,69,0.24
47,70,0.16
47,71,0.24
47,72,0.32
47,73,0.08
47,74,0.16
47,75,0.24
47,76,0.16
47,77,0.16
47,78,0.36
47,79,0.44
47,80,0.2
47,81,0.12
47,82,0.12
47,83,0.16
47,84,0.04
47,85,0.16
47,86,0.12
47,87,0.24
47,88,0.32
47,89,0.16
47,90,0.16
47,91,0.12
47,92,0.36
47,93,0.24
47,94,0.16
47,95,0.28
47,96,0.12
47,97,0.2
47,98,0.08
47,99,0.08
47,100,0.32
47,101,0.08
47,102,0.28
47,103,0.28
47,104,0.08
47,105,0.08
47,106,0.28
47,107,0.12
47,108,0.2
47,109,0.16
47,110,0.08
47,111,0.16
47,112,0.2
47,113,0.92
47,114,0.92
47,115,0.08
47,116,0.08
47,117,0.24
47,118,0.92
47,119,0.24
47,120,0.24
47,121,0.08
47,122,0.12
47,123,0.12
47,124,0.44
47,125,0.16
47,126,0.08
47,127,0.28
47,128,0.08
47,129,0.24
47,130,0.12
47,131,0.2
47,132,0.24
47,133,0.28
47,134,0.12
47,135,0.2
47,136,0.92
47,137,0.4
47,138,0.16
47,139,0.16
47,140,0.12
47,141,0.08
47,142,0.16
47,143,0.24
47,144,0.12
47,145,0.2
47,146,0.16
47,147,0.16
47,148,0.24
47,149,0.2
47,150,0.12
47,151,0.24
47,152,0.12
47,153,0.16
47,154,0.24
47,155,0.32
47,156,0.16
47,157,0.2
47,158,0.08
47,159,0.08
47,160,0.2
47,161,0.04
47,162,0.2
47,163,0.44
47,164,0.08
47,165,0.44
47,166,0.12
47,167,0.16
47,168,0.32
47,169,0.28
47,170,0.24
47,171,0.24
47,172,0.4
47,173,0.24
47,174,0.44
47,175,0.28
47,176,0.12
47,177,0.16
47,178,0.16
47,179,0.2
47,180,0.2
47,181,0.08
47,182,0.4
47,183,0.12
47,184,0.16
47,185,0.44
47,186,0.2
47,187,0.16
47,188,0.2
47,189,0.4
47,190,0.12
47,191,0.12
47,192,0.12
47,193,0.08
47,194,0.12
47,195,0.12
47,196,0.16
47,197,0.24
47,198,0.2
47,199,0.32
47,200,0.08
47,201,0.04
47,202,0.08
47,203,0.16
47,204,0.16
47,205,0.12
47,206,0.08
47,207,0.12
47,208,0.32
47,209,0.24
47,210,0.2
47,211,0.16
47,212,0.2
47,213,0.2
47,214,0.2
47,215,0.2
47,216,0.08
47,217,0.16
47,218,0.24
47,219,0.2
47,220,0.08
47,221,0.12
47,222,0.12
47,223,0.28
47,224,0.24
47,225,0.16
47,226,0.2
47,227,0.16
47,228,0.16
47,229,0.28
47,230,0.16
47,231,0.08
47,232,0.16
47,233,0.2
47,234,0.12
47,235,0
47,236,0
48,1,0.2
48,2,0.28
48,3,0.12
48,4,0.24
48,5,0.12
48,6,0.2
48,7,0.2
48,8,0.16
48,9,0.16
48,10,0.16
48,11,0.16
48,12,0.24
48,13,0.2
48,14,0.2
48,15,0.2
48,16,0.32
48,17,0.16
48,18,0.24
48,19,0.36
48,20,0.16
48,21,0.12
48,22,0.28
48,23,0.32
48,24,0.2
48,25,0.04
48,26,0.08
48,27,0.28
48,28,0.12
48,29,0.24
48,30,0.24
48,31,0.4
48,32,0.28
48,33,0.52
48,34,0.28
48,35,0.48
48,36,0.44
48,37,0.12
48,38,0.08
48,39,0
48,40,0
48,41,0
48,42,0.12
48,43,0
48,44,0
48,45,0
48,46,0
48,47,0.12
48,48,0.2
48,49,0.12
48,50,0.36
48,51,0.24
48,52,0.08
48,53,0.2
48,54,0.48
48,55,0.12
48,56,0.32
48,57,0.16
48,58,0.28
48,59,0.04
48,60,0.28
48,61,0
48,62,0.28
48,63,0.16
48,64,0.08
48,65,0.16
48,66,0.2
48,67,0.24
48,68,0.08
48,69,0.12
48,70,0.04
48,71,0.28
48,72,0.28
48,73,0.08
48,74,0.16
48,75,0.08
48,76,0.24
48,77,0.24
48,78,0.24
48,79,0.44
48,80,0.08
48,81,0.08
48,82,0.08
48,83,0.2
48,84,0.16
48,85,0.08
48,86,0.16
48,87,0.36
48,88,0.16
48,89,0.2
48,90,0.12
48,91,0.16
48,92,0.36
48,93,0.16
48,94,0.16
48,95,0.32
48,96,0.12
48,97,0.08
48,98,0.28
48,99,0.12
48,100,0.28
48,101,0.2
48,102,0.16
48,103,0.32
48,104,0.08
48,105,0.12
48,106,0.16
48,107,0.12
48,108,0.2
48,109,0.28
48,110,0.16
48,111,0.2
48,112,0.12
48,113,0.92
48,114,0.92
48,115,0.08
48,116,0.2
48,117,0.12
48,118,0.92
48,119,0.2
48,120,0.24
48,121,0.08
48,122,0.36
48,123,0.48
48,124,0.32
48,125,0.12
48,126,0.04
48,127,0.32
48,128,0.08
48,129,0.2
48,130,0.16
48,131,0.16
48,132,0.16
48,133,0.32
48,134,0.12
48,135,0.24
48,136,0.92
48,137,0.12
48,138,0.16
48,139,0.08
48,140,0.16
48,141,0.12
48,142,0.12
48,143,0.24
48,144,0.2
48,145,0.08
48,146,0.08
48,147,0.36
48,148,0.24
48,149,0.08
48,150,0.32
48,151,0.16
48,152,0.12
48,153,0.32
48,154,0.32
48,155,0.36
48,156,0.24
48,157,0.16
48,158,0.2
48,159,0.12
48,160,0.12
48,161,0.12
48,162,0.12
48,163,0.2
48,164,0.04
48,165,0.36
48,166,0.16
48,167,0.28
48,168,0.2
48,169,0.16
48,170,0.2
48,171,0.08
48,172,0.44
48,173,0.12
48,174,0.48
48,175,0.12
48,176,0.12
48,177,0.12
48,178,0.08
48,179,0.16
48,180,0.2
48,181,0.08
48,182,0.36
48,183,0.08
48,184,0.24
48,185,0.16
48,186,0.4
48,187,0.2
48,188,0.16
48,189,0.36
48,190,0.24
48,191,0.32
48,192,0.48
48,193,0.12
48,194,0.16
48,195,0.12
48,196,0.16
48,197,0.32
48,198,0.12
48,199,0.28
48,200,0.08
48,201,0.04
48,202,0.24
48,203,0.08
48,204,0.32
48,205,0.08
48,206,0.12
48,207,0.32
48,208,0.32
48,209,0.08
48,210,0.2
48,211,0.08
48,212,0.08
48,213,0.08
48,214,0.16
48,215,0.08
48,216,0.12
48,217,0.24
48,218,0.08
48,219,0.16
48,220,0.24
48,221,0.08
48,222,0.12
48,223,0.24
48,224,0.28
48,225,0.24
48,226,0.44
48,227,0.2
48,228,0.32
48,229,0.16
48,230,0.24
48,231,0.08
48,232,0.12
48,233,0.2
48,234,0.12
48,235,0
48,236,0
49,1,0.28
49,2,0.48
49,3,0.16
49,4,0.2
49,5,0.44
49,6,0.12
49,7,0.2
49,8,0.12
49,9,0.2
49,10,0.04
49,11,0.16
49,12,0.08
49,13,0.16
49,14,0.2
49,15,0.2
49,16,0.28
49,17,0.36
49,18,0.16
49,19,0.4
49,20,0.08
49,21,0.28
49,22,0.16
49,23,0.12
49,24,0.04
49,25,0.12
49,26,0.2
49,27,0.32
49,28,0.2
49,29,0.12
49,30,0.16
49,31,0.12
49,32,0.48
49,33,0.52
49,34,0.08
49,35,0.24
49,36,0.36
49,37,0.2
49,38,0.08
49,39,0
49,40,0
49,41,0
49,42,0.16
49,43,0
49,44,0
49,45,0
49,46,0
49,47,0.12
49,48,0.12
49,49,0.12
49,50,0.48
49,51,0.12
49,52,0.2
49,53,0.36
49,54,0.2
49,55,0.08
49,56,0.32
49,57,0.2
49,58,0.28
49,59,0.16
49,60,0.08
49,61,0
49,62,0.24
49,63,0.04
49,64,0.16
49,65,0.2
49,66,0.16
49,67,0.08
49,68,0.2
49,69,0.16
49,70,0.08
49,71,0.4
49,72,0.08
49,73,0.2
49,74,0.16
49,75,0.28
49,76,0.16
49,77,0.08
49,78,0.08
49,79,0.36
49,80,0.2
49,81,0.12
49,82,0.28
49,83,0.08
49,84,0.08
49,85,0.08
49,86,0.08
49,87,0.36
49,88,0.2
49,89,0.16
49,90,0.08
49,91,0.12
49,92,0.16
49,93,0.12
49,94,0.28
49,95,0.28
49,96,0.08
49,97,0.16
49,98,0.2
49,99,0.2
49,100,0.08
49,101,0.16
49,102,0.32
49,103,0.4
49,104,0.04
49,105,0.04
49,106,0.24
49,107,0.16
49,108,0.08
49,109,0.2
49,110,0.12
49,111,0.08
49,112,0.2
49,113,0.92
49,114,0.92
49,115,0.2
49,116,0.2
49,117,0.28
49,118,0.92
49,119,0.08
49,120,0.12
49,121,0.04
49,122,0.24
49,123,0.32
49,124,0.2
49,125,0.2
49,126,0.04
49,127,0.44
49,128,0.08
49,129,0.12
49,130,0.2
49,131,0.16
49,132,0.28
49,133,0.16
49,134,0.16
49,135,0.2
49,136,0.92
49,137,0.36
49,138,0.08
49,139,0.08
49,140,0.2
49,141,0.2
49,142,0.2
49,143,0.24
49,144,0.24
49,145,0.24
49,146,0.2
49,147,0.16
49,148,0.28
49,149,0.28
49,150,0.36
49,151,0.16
49,152,0.2
49,153,0.24
49,154,0.08
49,155,0.4
49,156,0.08
49,157,0.2
49,158,0.08
49,159,0.12
49,160,0.12
49,161,0.2
49,162,0.16
49,163,0.44
49,164,0.16
49,165,0.24
49,166,0.2
49,167,0.28
49,168,0.28
49,169,0.16
49,170,0.08
49,171,0.2
49,172,0.44
49,173,0.04
49,174,0.44
49,175,0.2
49,176,0.16
49,177,0.12
49,178,0.08
49,179,0.24
49,180,0.32
49,181,0.24
49,182,0.36
49,183,0.08
49,184,0.12
49,185,0.32
49,186,0.48
49,187,0.16
49,188,0.16
49,189,0.4
49,190,0.2
49,191,0.28
49,192,0.4
49,193,0.12
49,194,0.16
49,195,0.28
49,196,0.08
49,197,0.24
49,198,0.12
49,199,0.24
49,200,0.16
49,201,0.04
49,202,0.2
49,203,0.2
49,204,0.28
49,205,0.16
49,206,0.2
49,207,0.2
49,208,0.36
49,209,0.2
49,210,0.12
49,211,0.12
49,212,0.2
49,213,0.12
49,214,0.16
49,215,0.16
49,216,0.2
49,217,0.16
49,218,0.2
49,219,0.12
49,220,0.16
49,221,0.2
49,222,0.12
49,223,0.2
49,224,0.2
49,225,0.16
49,226,0.16
49,227,0.08
49,228,0.2
49,229,0.32
49,230,0.16
49,231,0.16
49,232,0.04
49,233,0.12
49,234,0.08
49,235,0
49,236,0
50,1,0.44
50,2,0.4
50,3,0.16
50,4,0.12
50,5,0.32
50,6,0.12
50,7,0.24
50,8,0.2
50,9,0.08
50,10,0.2
50,11,0.08
50,12,0.24
50,13,0.32
50,14,0.2
50,15,0.28
50,16,0.16
50,17,0.48
50,18,0.12
50,19,0.48
50,20,0.2
50,21,0.2
50,22,0.2
50,23,0.32
50,24,0.16
50,25,0.12
50,26,0.16
50,27,0.16
50,28,0.12
50,29,0.12
50,30,0.28
50,31,0.4
50,32,0.48
50,33,0.16
50,34,0.12
50,35,0.4
50,36,0.28
50,37,0.2
50,38,0.08
50,39,0
50,40,0
50,41,0
50,42,0.16
50,43,0
50,44,0
50,45,0
50,46,0
50,47,0.12
50,48,0.12
50,49,0.16
50,50,0.4
50,51,0.2
50,52,0.16
50,53,0.44
50,54,0.24
50,55,0.12
50,56,0.28
50,57,0.16
50,58,0.2
50,59,0.04
50,60,0.28
50,61,0
50,62,0.24
50,63,0.12
50,64,0.16
50,65,0.16
50,66,0.2
50,67,0.16
50,68,0.08
50,69,0.2
50,70,0.08
50,71,0.32
50,72,0.08
50,73,0.08
50,74,0.08
50,75,0.16
50,76,0.08
50,77,0.12
50,78,0.24
50,79,0.12
50,80,0.2
50,81,0.16
50,82,0.16
50,83,0.08
50,84,0.2
50,85,0.2
50,86,0.08
50,87,0.48
50,88,0.44
50,89,0.12
50,90,0.16
50,91,0.12
50,92,0.28
50,93,0.16
50,94,0.24
50,95,0.16
50,96,0.2
50,97,0.12
50,98,0.24
50,99,0.28
50,100,0.32
50,101,0.12
50,102,0.24
50,103,0.28
50,104,0.12
50,105,0.08
50,106,0.24
50,107,0.16
50,108,0.04
50,109,0.08
50,110,0.12
50,111,0.12
50,112,0.08
50,113,0.88
50,114,0.88
50,115,0.16
50,116,0.16
50,117,0.32
50,118,0.88
50,119,0.2
50,120,0.28
50,121,0.08
50,122,0.36
50,123,0.16
50,124,0.36
50,125,0.24
50,126,0.08
50,127,0.28
50,128,0.2
50,129,0.08
50,130,0.16
50,131,0.08
50,132,0.28
50,133,0.24
50,134,0.04
50,135,0.16
50,136,0.88
50,137,0.4
50,138,0.08
50,139,0.08
50,140,0.16
50,141,0.24
50,142,0.28
50,143,0.24
50,144,0.24
50,145,0.12
50,146,0.12
50,147,0.08
50,148,0.08
50,149,0.2
50,150,0.32
50,151,0.36
50,152,0.04
50,153,0.12
50,154,0.12
50,155,0.36
50,156,0.16
50,157,0.04
50,158,0.08
50,159,0.04
50,160,0.12
50,161,0.2
50,162,0.12
50,163,0.12
50,164,0.16
50,165,0.36
50,166,0.16
50,167,0.28
50,168,0.28
50,169,0.16
50,170,0.04
50,171,0.2
50,172,0.4
50,173,0.04
50,174,0.2
50,175,0.2
50,176,0.08
50,177,0.16
50,178,0.16
50,179,0.12
50,180,0.32
50,181,0.24
50,182,0.28
50,183,0.08
50,184,0.08
50,185,0.32
50,186,0.36
50,187,0.16
50,188,0.08
50,189,0.44
50,190,0.44
50,191,0.2
50,192,0.44
50,193,0.12
50,194,0.2
50,195,0.12
50,196,0.12
50,197,0.32
50,198,0.2
50,199,0.2
50,200,0.12
50,201,0.12
50,202,0.28
50,203,0.16
50,204,0.32
50,205,0.04
50,206,0.28
50,207,0.12
50,208,0.28
50,209,0.12
50,210,0.08
50,211,0.04
50,212,0.2
50,213,0.16
50,214,0.2
50,215,0.2
50,216,0.16
50,217,0.08
50,218,0.12
50,219,0.16
50,220,0.08
50,221,0.16
50,222,0.2
50,223,0.24
50,224,0.24
50,225,0.16
50,226,0.4
50,227,0.08
50,228,0.28
50,229,0.24
50,230,0.08
50,231,0.08
50,232,0.08
50,233,0.12
50,234,0.16
50,235,0
50,236,0
51,1,0.44
51,2,0.28
51,3,0.12
51,4,0.16
51,5,0.36
51,6,0.2
51,7,0.24
51,8,0.12
51,9,0.16
51,10,0.08
51,11,0.2
51,12,0.12
51,13,0.08
51,14,0.04
51,15,0.32
51,16,0.2
51,17,0.28
51,18,0.16
51,19,0.24
51,20,0.2
51,21,0.24
51,22,0.32
51,23,0.48
51,24,0.04
51,25,0.08
51,26,0.2
51,27,0.32
51,28,0.24
51,29,0.16
51,30,0.28
51,31,0.2
51,32,0.2
51,33,0.28
51,34,0.32
51,35,0.4
51,36,0.28
51,37,0.16
51,38,0.12
51,39,0
51,40,0
51,41,0
51,42,0.2
51,43,0
51,44,0
51,45,0
51,46,0
51,47,0.2
51,48,0.12
51,49,0.2
51,50,0.36
51,51,0.44
51,52,0.08
51,53,0.52
51,54,0.2
51,55,0.08
51,56,0.24
51,57,0.12
51,58,0.16
51,59,0.2
51,60,0.2
51,61,0
51,62,0.24
51,63,0.08
51,64,0.08
51,65,0.16
51,66,0.24
51,67,0.08
51,68,0.12
51,69,0.2
51,70,0.16
51,71,0.36
51,72,0.32
51,73,0.2
51,74,0.12
51,75,0.32
51,76,0.04
51,77,0.08
51,78,0.08
51,79,0.48
51,80,0.16
51,81,0.2
51,82,0.16
51,83,0.16
51,84,0.16
51,85,0.16
51,86,0.08
51,87,0.36
51,88,0.44
51,89,0.2
51,90,0.12
51,91,0.08
51,92,0.4
51,93,0.24
51,94,0.44
51,95,0.24
51,96,0.12
51,97,0.08
51,98,0.24
51,99,0.08
51,100,0.24
51,101,0.04
51,102,0.12
51,103,0.32
51,104,0.16
51,105,0.2
51,106,0.2
51,107,0.08
51,108,0.04
51,109,0.12
51,110,0.04
51,111,0.2
51,112,0.08
51,113,0.96
51,114,0.96
51,115,0.08
51,116,0.08
51,117,0.16
51,118,0.96
51,119,0.08
51,120,0.12
51,121,0.12
51,122,0.24
51,123,0.44
51,124,0.24
51,125,0.08
51,126,0.2
51,127,0.2
51,128,0.16
51,129,0.08
51,130,0.08
51,131,0.16
51,132,0.16
51,133,0.12
51,134,0.2
51,135,0.4
51,136,0.96
51,137,0.48
51,138,0.12
51,139,0.28
51,140,0.2
51,141,0.32
51,142,0.2
51,143,0.12
51,144,0.2
51,145,0.28
51,146,0.2
51,147,0.24
51,148,0.08
51,149,0.24
51,150,0.32
51,151,0.12
51,152,0.08
51,153,0.2
51,154,0.24
51,155,0.16
51,156,0.04
51,157,0.08
51,158,0.2
51,159,0.12
51,160,0.2
51,161,0.04
51,162,0.2
51,163,0.36
51,164,0.16
51,165,0.12
51,166,0.12
51,167,0.28
51,168,0.2
51,169,0.2
51,170,0.2
51,171,0.16
51,172,0.24
51,173,0.2
51,174,0.32
51,175,0.2
51,176,0.2
51,177,0.12
51,178,0.12
51,179,0.52
51,180,0.16
51,181,0.28
51,182,0.32
51,183,0.16
51,184,0.08
51,185,0.2
51,186,0.4
51,187,0.2
51,188,0.08
51,189,0.32
51,190,0.16
51,191,0.12
51,192,0.16
51,193,0.2
51,194,0.2
51,195,0.2
51,196,0.04
51,197,0.28
51,198,0.08
51,199,0.28
51,200,0.12
51,201,0.08
51,202,0.24
51,203,0.08
51,204,0.12
51,205,0.04
51,206,0.2
51,207,0.28
51,208,0.24
51,209,0.04
51,210,0.08
51,211,0.08
51,212,0.16
51,213,0.12
51,214,0.2
51,215,0.04
51,216,0.2
51,217,0.16
51,218,0.12
51,219,0.12
51,220,0.16
51,221,0.2
51,222,0.16
51,223,0.08
51,224,0.08
51,225,0.2
51,226,0.28
51,227,0.04
51,228,0.16
51,229,0.08
51,230,0.12
51,231,0.16
51,232,0.2
51,233,0.08
51,234,0.12
51,235,0
51,236,0
52,1,0.4
52,2,0.16
52,3,0.2
52,4,0.08
52,5,0.4
52,6,0.12
52,7,0.52
52,8,0.08
52,9,0.08
52,10,0.12
52,11,0.2
52,12,0.24
52,13,0.16
52,14,0.12
52,15,0.32
52,16,0.12
52,17,0.24
52,18,0.28
52,19,0.2
52,20,0.04
52,21,0.16
52,22,0.08
52,23,0.12
52,24,0.2
52,25,0.16
52,26,0.2
52,27,0.2
52,28,0.12
52,29,0.2
52,30,0.16
52,31,0.36
52,32,0.24
52,33,0.52
52,34,0.28
52,35,0.32
52,36,0.2
52,37,0.16
52,38,0.16
52,39,0
52,40,0
52,41,0
52,42,0.16
52,43,0
52,44,0
52,45,0
52,46,0
52,47,0.08
52,48,0.04
52,49,0.16
52,50,0.16
52,51,0.48
52,52,0.04
52,53,0.24
52,54,0.36
52,55,0.2
52,56,0.2
52,57,0.08
52,58,0.08
52,59,0.12
52,60,0.24
52,61,0
52,62,0.16
52,63,0.16
52,64,0.12
52,65,0.16
52,66,0.36
52,67,0.16
52,68,0.04
52,69,0.2
52,70,0.08
52,71,0.12
52,72,0.24
52,73,0.12
52,74,0.2
52,75,0.16
52,76,0.16
52,77,0.08
52,78,0.28
52,79,0.16
52,80,0.16
52,81,0.16
52,82,0.16
52,83,0.08
52,84,0.12
52,85,0.16
52,86,0.12
52,87,0.52
52,88,0.24
52,89,0.08
52,90,0.04
52,91,0.16
52,92,0.16
52,93,0.36
52,94,0.44
52,95,0.2
52,96,0.16
52,97,0.08
52,98,0.28
52,99,0.16
52,100,0.08
52,101,0.12
52,102,0.12
52,103,0.4
52,104,0.08
52,105,0.12
52,106,0.16
52,107,0.08
52,108,0.12
52,109,0.24
52,110,0.08
52,111,0.2
52,112,0.08
52,113,0.96
52,114,0.96
52,115,0.12
52,116,0.12
52,117,0.28
52,118,0.96
52,119,0.08
52,120,0.16
52,121,0.08
52,122,0.28
52,123,0.24
52,124,0.32
52,125,0.24
52,126,0.08
52,127,0.32
52,128,0.04
52,129,0.2
52,130,0.12
52,131,0.08
52,132,0.28
52,133,0.24
52,134,0.16
52,135,0.24
52,136,0.96
52,137,0.44
52,138,0.2
52,139,0.16
52,140,0.16
52,141,0.28
52,142,0.16
52,143,0.08
52,144,0.16
52,145,0.16
52,146,0.16
52,147,0.2
52,148,0.16
52,149,0.16
52,150,0.2
52,151,0.52
52,152,0.2
52,153,0.12
52,154,0.24
52,155,0.36
52,156,0.08
52,157,0.08
52,158,0.12
52,159,0.16
52,160,0.16
52,161,0.2
52,162,0.08
52,163,0.36
52,164,0.16
52,165,0.32
52,166,0.12
52,167,0.16
52,168,0.4
52,169,0.24
52,170,0.16
52,171,0.08
52,172,0.2
52,173,0.08
52,174,0.12
52,175,0.2
52,176,0.16
52,177,0.08
52,178,0.12
52,179,0.28
52,180,0.24
52,181,0.24
52,182,0.44
52,183,0.16
52,184,0.2
52,185,0.32
52,186,0.28
52,187,0.12
52,188,0.16
52,189,0.24
52,190,0.36
52,191,0.24
52,192,0.24
52,193,0.12
52,194,0.08
52,195,0.08
52,196,0.08
52,197,0.24
52,198,0.16
52,199,0.2
52,200,0.16
52,201,0.12
52,202,0.2
52,203,0.08
52,204,0.12
52,205,0.16
52,206,0.12
52,207,0.08
52,208,0.44
52,209,0.16
52,210,0.12
52,211,0.08
52,212,0.08
52,213,0.2
52,214,0.16
52,215,0.12
52,216,0.12
52,217,0.16
52,218,0.12
52,219,0.2
52,220,0.12
52,221,0.16
52,222,0.12
52,223,0.28
52,224,0.28
52,225,0.12
52,226,0.24
52,227,0.04
52,228,0.28
52,229,0.24
52,230,0.08
52,231,0.16
52,232,0.04
52,233,0.08
52,234,0.16
52,235,0
52,236,0
53,1,0.16
53,2,0.32
53,3,0.04
53,4,0.04
53,5,0.2
53,6,0.08
53,7,0.2
53,8,0.08
53,9,0.16
53,10,0.16
53,11,0.08
53,12,0.24
53,13,0.28
53,14,0.12
53,15,0.16
53,16,0.16
53,17,0.16
53,18,0.28
53,19,0.52
53,20,0.16
53,21,0.08
53,22,0.12
53,23,0.28
53,24,0.12
53,25,0.04
53,26,0.12
53,27,0.52
53,28,0.08
53,29,0.08
53,30,0.24
53,31,0.16
53,32,0.52
53,33,0.12
53,34,0.12
53,35,0.32
53,36,0.16
53,37,0.12
53,38,0.12
53,39,0
53,40,0
53,41,0
53,42,0.12
53,43,0
53,44,0
53,45,0
53,46,0
53,47,0.16
53,48,0.16
53,49,0.08
53,50,0.32
53,51,0.24
53,52,0.04
53,53,0.44
53,54,0.36
53,55,0.08
53,56,0.2
53,57,0.12
53,58,0.2
53,59,0.16
53,60,0.24
53,61,0
53,62,0.2
53,63,0.16
53,64,0.08
53,65,0.12
53,66,0.52
53,67,0.16
53,68,0.16
53,69,0.08
53,70,0.04
53,71,0.4
53,72,0.12
53,73,0.08
53,74,0.08
53,75,0.2
53,76,0.08
53,77,0.16
53,78,0.24
53,79,0.2
53,80,0.16
53,81,0.12
53,82,0.24
53,83,0.12
53,84,0.04
53,85,0.16
53,86,0.16
53,87,0.24
53,88,0.16
53,89,0.16
53,90,0.08
53,91,0.04
53,92,0.32
53,93,0.28
53,94,0.32
53,95,0.4
53,96,0.08
53,97,0.08
53,98,0.24
53,99,0.08
53,100,0.24
53,101,0.04
53,102,0.28
53,103,0.2
53,104,0.04
53,105,0.16
53,106,0.12
53,107,0.08
53,108,0.12
53,109,0.12
53,110,0.04
53,111,0.04
53,112,0.12
53,113,0.96
53,114,0.96
53,115,0.12
53,116,0.16
53,117,0.2
53,118,0.96
53,119,0.12
53,120,0.2
53,121,0.12
53,122,0.52
53,123,0.52
53,124,0.44
53,125,0.28
53,126,0.16
53,127,0.52
53,128,0.12
53,129,0.16
53,130,0.12
53,131,0.12
53,132,0.24
53,133,0.16
53,134,0.16
53,135,0.2
53,136,0.96
53,137,0.52
53,138,0.16
53,139,0.24
53,140,0.12
53,141,0.28
53,142,0.24
53,143,0.16
53,144,0.12
53,145,0.2
53,146,0.16
53,147,0.16
53,148,0.2
53,149,0.24
53,150,0.32
53,151,0.2
53,152,0.12
53,153,0.28
53,154,0.08
53,155,0.2
53,156,0.12
53,157,0.12
53,158,0.08
53,159,0.16
53,160,0.04
53,161,0.08
53,162,0.16
53,163,0.36
53,164,0.08
53,165,0.12
53,166,0.12
53,167,0.2
53,168,0.16
53,169,0.16
53,170,0.16
53,171,0.16
53,172,0.44
53,173,0.12
53,174,0.12
53,175,0.24
53,176,0.16
53,177,0.16
53,178,0.08
53,179,0.2
53,180,0.16
53,181,0.2
53,182,0.2
53,183,0.16
53,184,0.16
53,185,0.2
53,186,0.44
53,187,0.08
53,188,0.12
53,189,0.48
53,190,0.4
53,191,0.24
53,192,0.16
53,193,0.08
53,194,0.16
53,195,0.24
53,196,0.08
53,197,0.2
53,198,0.04
53,199,0.08
53,200,0.16
53,201,0.16
53,202,0.12
53,203,0.16
53,204,0.16
53,205,0.08
53,206,0.16
53,207,0.24
53,208,0.28
53,209,0.12
53,210,0.12
53,211,0.04
53,212,0.16
53,213,0.12
53,214,0.12
53,215,0.16
53,216,0.16
53,217,0.08
53,218,0.08
53,219,0.16
53,220,0.12
53,221,0.08
53,222,0.16
53,223,0.24
53,224,0.2
53,225,0.16
53,226,0.24
53,227,0.08
53,228,0.44
53,229,0.12
53,230,0.12
53,231,0.12
53,232,0.12
53,233,0.2
53,234,0.12
53,235,0
53,236,0
54,1,0.44
54,2,0.32
54,3,0.2
54,4,0.16
54,5,0.44
54,6,0.04
54,7,0.28
54,8,0.24
54,9,0.2
54,10,0.08
54,11,0.08
54,12,0.16
54,13,0.08
54,14,0.16
54,15,0.16
54,16,0.24
54,17,0.28
54,18,0.44
54,19,0.44
54,20,0.12
54,21,0.2
54,22,0.12
54,23,0.48
54,24,0.08
54,25,0.04
54,26,0.04
54,27,0.28
54,28,0.12
54,29,0.08
54,30,0.2
54,31,0.2
54,32,0.44
54,33,0.16
54,34,0.12
54,35,0.16
54,36,0.24
54,37,0.16
54,38,0.12
54,39,0
54,40,0
54,41,0
54,42,0.08
54,43,0
54,44,0
54,45,0
54,46,0
54,47,0.16
54,48,0.12
54,49,0.04
54,50,0.32
54,51,0.44
54,52,0.04
54,53,0.32
54,54,0.32
54,55,0.04
54,56,0.12
54,57,0.08
54,58,0.08
54,59,0.04
54,60,0.08
54,61,0
54,62,0.2
54,63,0.16
54,64,0.12
54,65,0.12
54,66,0.2
54,67,0.2
54,68,0.12
54,69,0.24
54,70,0.04
54,71,0.36
54,72,0.08
54,73,0.08
54,74,0.28
54,75,0.28
54,76,0.08
54,77,0.08
54,78,0.28
54,79,0.12
54,80,0.08
54,81,0.16
54,82,0.16
54,83,0.16
54,84,0.16
54,85,0.08
54,86,0.08
54,87,0.36
54,88,0.48
54,89,0.08
54,90,0.12
54,91,0.16
54,92,0.24
54,93,0.28
54,94,0.4
54,95,0.24
54,96,0.08
54,97,0.2
54,98,0.24
54,99,0.2
54,100,0.08
54,101,0.12
54,102,0.08
54,103,0.32
54,104,0.12
54,105,0.16
54,106,0.2
54,107,0.16
54,108,0.16
54,109,0.12
54,110,0.16
54,111,0.16
54,112,0.08
54,113,0.88
54,114,0.88
54,115,0.16
54,116,0.12
54,117,0.16
54,118,0.88
54,119,0.08
54,120,0.12
54,121,0.12
54,122,0.2
54,123,0.16
54,124,0.32
54,125,0.2
54,126,0.08
54,127,0.28
54,128,0.08
54,129,0.12
54,130,0.2
54,131,0.04
54,132,0.2
54,133,0.16
54,134,0.16
54,135,0.16
54,136,0.88
54,137,0.16
54,138,0.08
54,139,0.2
54,140,0.16
54,141,0.2
54,142,0.12
54,143,0.24
54,144,0.08
54,145,0.24
54,146,0.08
54,147,0.16
54,148,0.2
54,149,0.28
54,150,0.44
54,151,0.32
54,152,0.12
54,153,0.28
54,154,0.2
54,155,0.4
54,156,0.04
54,157,0.16
54,158,0.12
54,159,0.12
54,160,0.16
54,161,0.12
54,162,0.08
54,163,0.12
54,164,0.2
54,165,0.4
54,166,0.16
54,167,0.24
54,168,0.2
54,169,0.16
54,170,0.16
54,171,0.08
54,172,0.4
54,173,0.16
54,174,0.12
54,175,0.2
54,176,0.16
54,177,0.04
54,178,0.12
54,179,0.24
54,180,0.16
54,181,0.16
54,182,0.28
54,183,0.08
54,184,0.08
54,185,0.2
54,186,0.4
54,187,0.16
54,188,0.16
54,189,0.44
54,190,0.28
54,191,0.2
54,192,0.2
54,193,0.24
54,194,0.08
54,195,0.24
54,196,0.04
54,197,0.16
54,198,0.12
54,199,0.12
54,200,0.12
54,201,0.12
54,202,0.12
54,203,0.08
54,204,0.28
54,205,0.08
54,206,0.2
54,207,0.2
54,208,0.4
54,209,0.16
54,210,0.12
54,211,0.08
54,212,0.2
54,213,0.2
54,214,0.04
54,215,0.16
54,216,0.12
54,217,0.04
54,218,0.2
54,219,0.16
54,220,0.04
54,221,0.16
54,222,0.08
54,223,0.08
54,224,0.2
54,225,0.24
54,226,0.2
54,227,0.04
54,228,0.4
54,229,0.12
54,230,0.28
54,231,0.08
54,232,0.12
54,233,0.08
54,234,0.12
54,235,0
54,236,0
55,1,0.12
55,2,0.44
55,3,0.12
55,4,0.08
55,5,0.44
55,6,0.04
55,7,0.16
55,8,0.24
55,9,0.16
55,10,0.08
55,11,0.04
55,12,0.28
55,13,0.12
55,14,0.2
55,15,0.36
55,16,0.2
55,17,0.44
55,18,0.32
55,19,0.44
55,20,0.04
55,21,0.08
55,22,0.08
55,23,0.16
55,24,0.08
55,25,0.12
55,26,0.16
55,27,0.24
55,28,0.2
55,29,0.08
55,30,0.08
55,31,0.36
55,32,0.48
55,33,0.16
55,34,0.2
55,35,0.24
55,36,0.44
55,37,0.16
55,38,0.16
55,39,0
55,40,0
55,41,0
55,42,0.08
55,43,0
55,44,0
55,45,0
55,46,0
55,47,0.16
55,48,0.08
55,49,0.08
55,50,0.12
55,51,0.32
55,52,0.08
55,53,0.12
55,54,0.12
55,55,0.08
55,56,0.08
55,57,0.08
55,58,0.28
55,59,0.16
55,60,0.2
55,61,0
55,62,0.2
55,63,0.12
55,64,0.12
55,65,0.2
55,66,0.24
55,67,0.04
55,68,0.16
55,69,0.08
55,70,0.12
55,71,0.16
55,72,0.24
55,73,0.12
55,74,0.12
55,75,0.16
55,76,0.08
55,77,0.12
55,78,0.08
55,79,0.44
55,80,0.08
55,81,0.12
55,82,0.28
55,83,0.16
55,84,0.08
55,85,0.08
55,86,0.04
55,87,0.16
55,88,0.2
55,89,0.08
55,90,0.12
55,91,0.16
55,92,0.36
55,93,0.24
55,94,0.2
55,95,0.24
55,96,0.08
55,97,0.08
55,98,0.2
55,99,0.24
55,100,0.24
55,101,0.08
55,102,0.12
55,103,0.32
55,104,0.04
55,105,0.12
55,106,0.16
55,107,0.12
55,108,0.08
55,109,0.2
55,110,0.12
55,111,0.04
55,112,0.12
55,113,0.88
55,114,0.88
55,115,0.08
55,116,0.08
55,117,0.12
55,118,0.88
55,119,0.08
55,120,0.24
55,121,0.12
55,122,0.4
55,123,0.36
55,124,0.12
55,125,0.16
55,126,0.16
55,127,0.2
55,128,0.16
55,129,0.16
55,130,0.08
55,131,0.08
55,132,0.16
55,133,0.24
55,134,0.08
55,135,0.44
55,136,0.88
55,137,0.4
55,138,0.12
55,139,0.16
55,140,0.16
55,141,0.24
55,142,0.2
55,143,0.24
55,144,0.08
55,145,0.2
55,146,0.08
55,147,0.16
55,148,0.24
55,149,0.2
55,150,0.36
55,151,0.48
55,152,0.12
55,153,0.24
55,154,0.16
55,155,0.28
55,156,0.04
55,157,0.08
55,158,0.08
55,159,0.04
55,160,0.2
55,161,0.2
55,162,0.16
55,163,0.4
55,164,0.16
55,165,0.28
55,166,0.08
55,167,0.2
55,168,0.2
55,169,0.24
55,170,0.12
55,171,0.12
55,172,0.32
55,173,0.16
55,174,0.12
55,175,0.12
55,176,0.04
55,177,0.08
55,178,0.16
55,179,0.36
55,180,0.2
55,181,0.16
55,182,0.16
55,183,0.08
55,184,0.12
55,185,0.32
55,186,0.24
55,187,0.04
55,188,0.12
55,189,0.48
55,190,0.16
55,191,0.08
55,192,0.44
55,193,0.24
55,194,0.08
55,195,0.24
55,196,0.2
55,197,0.2
55,198,0.08
55,199,0.24
55,200,0.16
55,201,0.12
55,202,0.08
55,203,0.12
55,204,0.2
55,205,0.04
55,206,0.12
55,207,0.2
55,208,0.28
55,209,0.12
55,210,0.16
55,211,0.08
55,212,0.12
55,213,0.08
55,214,0.12
55,215,0.08
55,216,0.16
55,217,0.16
55,218,0.16
55,219,0.08
55,220,0.12
55,221,0.04
55,222,0.16
55,223,0.28
55,224,0.12
55,225,0.2
55,226,0.2
55,227,0.12
55,228,0.24
55,229,0.12
55,230,0.2
55,231,0.2
55,232,0.04
55,233,0.12
55,234,0.16
55,235,0
55,236,0
56,1,0.44
56,2,0.2
56,3,0.16
56,4,0.08
56,5,0.4
56,6,0.12
56,7,0.32
56,8,0.24
56,9,0.16
56,10,0.2
56,11,0.08
56,12,0.24
56,13,0.16
56,14,0.08
56,15,0.4
56,16,0.2
56,17,0.32
56,18,0.44
56,19,0.44
56,20,0.16
56,21,0.2
56,22,0.12
56,23,0.16
56,24,0.2
56,25,0.08
56,26,0.04
56,27,0.2
56,28,0.08
56,29,0.2
56,30,0.24
56,31,0.24
56,32,0.16
56,33,0.2
56,34,0.08
56,35,0.12
56,36,0.24
56,37,0.04
56,38,0.08
56,39,0
56,40,0
56,41,0
56,42,0.16
56,43,0
56,44,0
56,45,0
56,46,0
56,47,0.16
56,48,0.12
56,49,0.16
56,50,0.4
56,51,0.32
56,52,0.16
56,53,0.4
56,54,0.24
56,55,0.08
56,56,0.2
56,57,0.12
56,58,0.16
56,59,0.16
56,60,0.16
56,61,0
56,62,0.08
56,63,0.08
56,64,0.08
56,65,0.16
56,66,0.28
56,67,0.04
56,68,0.08
56,69,0.28
56,70,0.12
56,71,0.2
56,72,0.2
56,73,0.08
56,74,0.12
56,75,0.08
56,76,0.16
56,77,0.08
56,78,0.2
56,79,0.4
56,80,0.12
56,81,0.16
56,82,0.16
56,83,0.12
56,84,0.12
56,85,0.08
56,86,0.12
56,87,0.36
56,88,0.44
56,89,0.04
56,90,0.16
56,91,0.16
56,92,0.44
56,93,0.32
56,94,0.32
56,95,0.12
56,96,0.08
56,97,0.08
56,98,0.16
56,99,0.2
56,100,0.08
56,101,0.08
56,102,0.08
56,103,0.16
56,104,0.04
56,105,0.16
56,106,0.2
56,107,0.16
56,108,0.16
56,109,0.24
56,110,0.12
56,111,0.16
56,112,0.16
56,113,0.84
56,114,0.84
56,115,0.16
56,116,0.08
56,117,0.24
56,118,0.84
56,119,0.16
56,120,0.12
56,121,0.04
56,122,0.4
56,123,0.44
56,124,0.2
56,125,0.24
56,126,0.12
56,127,0.16
56,128,0.04
56,129,0.08
56,130,0.08
56,131,0.16
56,132,0.24
56,133,0.2
56,134,0.08
56,135,0.2
56,136,0.84
56,137,0.32
56,138,0.16
56,139,0.08
56,140,0.12
56,141,0.08
56,142,0.16
56,143,0.12
56,144,0.12
56,145,0.2
56,146,0.2
56,147,0.12
56,148,0.24
56,149,0.16
56,150,0.12
56,151,0.12
56,152,0.16
56,153,0.2
56,154,0.16
56,155,0.2
56,156,0.16
56,157,0.16
56,158,0.08
56,159,0.16
56,160,0.08
56,161,0.16
56,162,0.12
56,163,0.28
56,164,0.16
56,165,0.36
56,166,0.16
56,167,0.16
56,168,0.24
56,169,0.12
56,170,0.12
56,171,0.08
56,172,0.12
56,173,0.08
56,174,0.36
56,175,0.16
56,176,0.08
56,177,0.16
56,178,0.16
56,179,0.2
56,180,0.08
56,181,0.16
56,182,0.28
56,183,0.16
56,184,0.08
56,185,0.12
56,186,0.44
56,187,0.04
56,188,0.04
56,189,0.24
56,190,0.36
56,191,0.2
56,192,0.24
56,193,0.16
56,194,0.08
56,195,0.08
56,196,0.08
56,197,0.2
56,198,0.04
56,199,0.16
56,200,0.08
56,201,0.08
56,202,0.28
56,203,0.08
56,204,0.16
56,205,0.08
56,206,0.08
56,207,0.16
56,208,0.44
56,209,0.04
56,210,0.16
56,211,0.16
56,212,0.08
56,213,0.08
56,214,0.12
56,215,0.16
56,216,0.08
56,217,0.08
56,218,0.08
56,219,0.12
56,220,0.08
56,221,0.04
56,222,0.12
56,223,0.24
56,224,0.2
56,225,0.08
56,226,0.16
56,227,0.16
56,228,0.2
56,229,0.08
56,230,0.28
56,231,0.12
56,232,0.08
56,233,0.16
56,234,0.08
56,235,0
56,236,0
57,1,0.4
57,2,0.2
57,3,0.04
57,4,0.12
57,5,0.4
57,6,0.2
57,7,0.36
57,8,0.12
57,9,0.12
57,10,0.04
57,11,0.08
57,12,0.2
57,13,0.16
57,14,0.08
57,15,0.16
57,16,0.12
57,17,0.24
57,18,0.4
57,19,0.4
57,20,0.12
57,21,0.08
57,22,0.2
57,23,0.28
57,24,0.16
57,25,0.12
57,26,0.08
57,27,0.36
57,28,0.16
57,29,0.04
57,30,0.2
57,31,0.2
57,32,0.2
57,33,0.16
57,34,0.2
57,35,0.32
57,36,0.32
57,37,0.08
57,38,0.16
57,39,0
57,40,0
57,41,0
57,42,0.04
57,43,0
57,44,0
57,45,0
57,46,0
57,47,0.08
57,48,0.04
57,49,0.08
57,50,0.4
57,51,0.24
57,52,0.16
57,53,0.16
57,54,0.4
57,55,0.08
57,56,0.16
57,57,0.16
57,58,0.24
57,59,0.08
57,60,0.2
57,61,0
57,62,0.16
57,63,0.16
57,64,0.16
57,65,0.04
57,66,0.36
57,67,0.04
57,68,0.16
57,69,0.16
57,70,0.16
57,71,0.28
57,72,0.12
57,73,0.04
57,74,0.12
57,75,0.08
57,76,0.12
57,77,0.04
57,78,0.12
57,79,0.2
57,80,0.16
57,81,0.16
57,82,0.24
57,83,0.08
57,84,0.16
57,85,0.16
57,86,0.08
57,87,0.24
57,88,0.32
57,89,0.08
57,90,0.04
57,91,0.12
57,92,0.32
57,93,0.36
57,94,0.4
57,95,0.12
57,96,0.04
57,97,0.12
57,98,0.2
57,99,0.08
57,100,0.12
57,101,0.12
57,102,0.08
57,103,0.32
57,104,0.16
57,105,0.12
57,106,0.2
57,107,0.04
57,108,0.08
57,109,0.12
57,110,0.08
57,111,0.08
57,112,0.08
57,113,0.76
57,114,0.76
57,115,0.12
57,116,0.08
57,117,0.24
57,118,0.76
57,119,0.16
57,120,0.16
57,121,0.08
57,122,0.16
57,123,0.4
57,124,0.2
57,125,0.12
57,126,0.12
57,127,0.36
57,128,0.08
57,129,0.16
57,130,0.12
57,131,0.16
57,132,0.2
57,133,0.16
57,134,0.12
57,135,0.4
57,136,0.76
57,137,0.28
57,138,0.16
57,139,0.08
57,140,0.16
57,141,0.08
57,142,0.08
57,143,0.08
57,144,0.28
57,145,0.16
57,146,0.12
57,147,0.2
57,148,0.24
57,149,0.16
57,150,0.2
57,151,0.12
57,152,0.12
57,153,0.24
57,154,0.08
57,155,0.36
57,156,0.16
57,157,0.08
57,158,0.08
57,159,0.12
57,160,0.08
57,161,0.12
57,162,0.08
57,163,0.2
57,164,0.08
57,165,0.2
57,166,0.12
57,167,0.24
57,168,0.16
57,169,0.16
57,170,0.16
57,171,0.12
57,172,0.24
57,173,0.12
57,174,0.24
57,175,0.08
57,176,0.16
57,177,0.08
57,178,0.16
57,179,0.36
57,180,0.12
57,181,0.24
57,182,0.24
57,183,0.16
57,184,0.16
57,185,0.24
57,186,0.4
57,187,0.16
57,188,0.04
57,189,0.36
57,190,0.08
57,191,0.2
57,192,0.28
57,193,0.24
57,194,0.08
57,195,0.12
57,196,0.08
57,197,0.2
57,198,0.16
57,199,0.28
57,200,0.16
57,201,0.16
57,202,0.2
57,203,0.16
57,204,0.08
57,205,0.16
57,206,0.24
57,207,0.2
57,208,0.12
57,209,0.08
57,210,0.16
57,211,0.12
57,212,0.08
57,213,0.12
57,214,0.08
57,215,0.08
57,216,0.16
57,217,0.08
57,218,0.16
57,219,0.12
57,220,0.16
57,221,0.12
57,222,0.04
57,223,0.08
57,224,0.12
57,225,0.12
57,226,0.16
57,227,0.16
57,228,0.32
57,229,0.08
57,230,0.12
57,231,0.08
57,232,0.16
57,233,0.12
57,234,0.16
57,235,0
57,236,0
58,1,0.4
58,2,0.36
58,3,0.12
58,4,0.16
58,5,0.36
58,6,0.08
58,7,0.12
58,8,0.24
58,9,0.04
58,10,0.12
58,11,0.12
58,12,0.16
58,13,0.12
58,14,0.08
58,15,0.24
58,16,0.24
58,17,0.28
58,18,0.12
58,19,0.16
58,20,0.08
58,21,0.16
58,22,0.24
58,23,0.2
58,24,0.08
58,25,0.12
58,26,0.16
58,27,0.28
58,28,0.16
58,29,0.12
58,30,0.2
58,31,0.24
58,32,0.32
58,33,0.16
58,34,0.16
58,35,0.16
58,36,0.44
58,37,0.12
58,38,0.08
58,39,0
58,40,0
58,41,0
58,42,0.12
58,43,0
58,44,0
58,45,0
58,46,0
58,47,0.16
58,48,0.16
58,49,0.04
58,50,0.2
58,51,0.28
58,52,0.16
58,53,0.28
58,54,0.16
58,55,0.04
58,56,0.2
58,57,0.08
58,58,0.12
58,59,0.04
58,60,0.2
58,61,0
58,62,0.12
58,63,0.16
58,64,0.08
58,65,0.16
58,66,0.28
58,67,0.12
58,68,0.12
58,69,0.08
58,70,0.16
58,71,0.28
58,72,0.16
58,73,0.08
58,74,0.24
58,75,0.2
58,76,0.08
58,77,0.16
58,78,0.08
58,79,0.28
58,80,0.04
58,81,0.16
58,82,0.08
58,83,0.16
58,84,0.12
58,85,0.04
58,86,0.08
58,87,0.4
58,88,0.28
58,89,0.12
58,90,0.08
58,91,0.12
58,92,0.24
58,93,0.24
58,94,0.32
58,95,0.16
58,96,0.12
58,97,0.12
58,98,0.24
58,99,0.08
58,100,0.16
58,101,0.04
58,102,0.2
58,103,0.4
58,104,0.08
58,105,0.04
58,106,0.08
58,107,0.12
58,108,0.04
58,109,0.08
58,110,0.12
58,111,0.04
58,112,0.04
58,113,0.84
58,114,0.84
58,115,0.12
58,116,0.12
58,117,0.16
58,118,0.8
58,119,0.16
58,120,0.2
58,121,0.16
58,122,0.28
58,123,0.32
58,124,0.4
58,125,0.12
58,126,0.08
58,127,0.28
58,128,0.04
58,129,0.12
58,130,0.12
58,131,0.16
58,132,0.24
58,133,0.24
58,134,0.16
58,135,0.32
58,136,0.8
58,137,0.2
58,138,0.08
58,139,0.12
58,140,0.08
58,141,0.16
58,142,0.08
58,143,0.24
58,144,0.08
58,145,0.08
58,146,0.08
58,147,0.12
58,148,0.12
58,149,0.08
58,150,0.4
58,151,0.2
58,152,0.16
58,153,0.08
58,154,0.08
58,155,0.24
58,156,0.08
58,157,0.04
58,158,0.08
58,159,0.08
58,160,0.12
58,161,0.12
58,162,0.04
58,163,0.28
58,164,0.12
58,165,0.28
58,166,0.08
58,167,0.12
58,168,0.24
58,169,0.2
58,170,0.16
58,171,0.16
58,172,0.28
58,173,0.16
58,174,0.12
58,175,0.24
58,176,0.08
58,177,0.08
58,178,0.08
58,179,0.2
58,180,0.2
58,181,0.08
58,182,0.44
58,183,0.08
58,184,0.08
58,185,0.36
58,186,0.16
58,187,0.12
58,188,0.08
58,189,0.12
58,190,0.28
58,191,0.24
58,192,0.2
58,193,0.12
58,194,0.04
58,195,0.16
58,196,0.08
58,197,0.2
58,198,0.08
58,199,0.2
58,200,0.12
58,201,0.08
58,202,0.16
58,203,0.16
58,204,0.24
58,205,0.08
58,206,0.24
58,207,0.24
58,208,0.12
58,209,0.16
58,210,0.16
58,211,0.16
58,212,0.12
58,213,0.12
58,214,0.12
58,215,0.08
58,216,0.08
58,217,0.12
58,218,0.08
58,219,0.12
58,220,0.08
58,221,0.12
58,222,0.08
58,223,0.2
58,224,0.12
58,225,0.16
58,226,0.24
58,227,0.04
58,228,0.2
58,229,0.24
58,230,0.12
58,231,0.16
58,232,0.16
58,233,0.04
58,234,0.12
58,235,0
58,236,0
59,1,0.12
59,2,0.24
59,3,0.16
59,4,0.12
59,5,0.36
59,6,0.16
59,7,0.28
59,8,0.16
59,9,0.04
59,10,0.12
59,11,0.16
59,12,0.24
59,13,0.16
59,14,0.08
59,15,0.16
59,16,0.12
59,17,0.2
59,18,0.32
59,19,0.4
59,20,0.04
59,21,0.12
59,22,0.24
59,23,0.16
59,24,0.04
59,25,0.08
59,26,0.12
59,27,0.36
59,28,0.2
59,29,0.08
59,30,0.24
59,31,0.32
59,32,0.36
59,33,0.12
59,34,0.12
59,35,0.36
59,36,0.12
59,37,0.04
59,38,0.12
59,39,0
59,40,0
59,41,0
59,42,0.04
59,43,0
59,44,0
59,45,0
59,46,0
59,47,0.12
59,48,0.08
59,49,0.16
59,50,0.32
59,51,0.08
59,52,0.04
59,53,0.2
59,54,0.16
59,55,0.08
59,56,0.12
59,57,0.12
59,58,0.2
59,59,0.12
59,60,0.08
59,61,0
59,62,0.16
59,63,0.04
59,64,0.08
59,65,0.12
59,66,0.36
59,67,0.04
59,68,0.12
59,69,0.08
59,70,0.12
59,71,0.2
59,72,0.16
59,73,0.16
59,74,0.08
59,75,0.24
59,76,0.16
59,77,0.16
59,78,0.16
59,79,0.16
59,80,0.04
59,81,0.04
59,82,0.12
59,83,0.08
59,84,0.16
59,85,0.04
59,86,0.12
59,87,0.12
59,88,0.32
59,89,0.12
59,90,0.12
59,91,0.04
59,92,0.36
59,93,0.28
59,94,0.32
59,95,0.36
59,96,0.12
59,97,0.16
59,98,0.2
59,99,0.12
59,100,0.08
59,101,0.16
59,102,0.16
59,103,0.28
59,104,0.12
59,105,0.08
59,106,0.12
59,107,0.04
59,108,0.16
59,109,0.08
59,110,0.12
59,111,0.16
59,112,0.16
59,113,0.72
59,114,0.72
59,115,0.04
59,116,0.12
59,117,0.16
59,118,0.68
59,119,0.04
59,120,0.2
59,121,0.08
59,122,0.4
59,123,0.36
59,124,0.16
59,125,0.2
59,126,0.08
59,127,0.12
59,128,0.08
59,129,0.12
59,130,0.16
59,131,0.12
59,132,0.12
59,133,0.12
59,134,0.08
59,135,0.28
59,136,0.68
59,137,0.28
59,138,0.04
59,139,0.16
59,140,0.04
59,141,0.12
59,142,0.2
59,143,0.2
59,144,0.12
59,145,0.12
59,146,0.08
59,147,0.24
59,148,0.2
59,149,0.24
59,150,0.32
59,151,0.24
59,152,0.16
59,153,0.12
59,154,0.2
59,155,0.36
59,156,0.12
59,157,0.16
59,158,0.16
59,159,0.08
59,160,0.12
59,161,0.12
59,162,0.04
59,163,0.12
59,164,0.12
59,165,0.12
59,166,0.04
59,167,0.08
59,168,0.36
59,169,0.16
59,170,0.08
59,171,0.12
59,172,0.4
59,173,0.16
59,174,0.36
59,175,0.2
59,176,0.04
59,177,0.08
59,178,0.16
59,179,0.12
59,180,0.12
59,181,0.16
59,182,0.28
59,183,0.04
59,184,0.16
59,185,0.12
59,186,0.32
59,187,0.04
59,188,0.08
59,189,0.32
59,190,0.32
59,191,0.08
59,192,0.36
59,193,0.2
59,194,0.12
59,195,0.12
59,196,0.16
59,197,0.2
59,198,0.16
59,199,0.16
59,200,0.08
59,201,0.08
59,202,0.16
59,203,0.08
59,204,0.12
59,205,0.08
59,206,0.2
59,207,0.16
59,208,0.12
59,209,0.16
59,210,0.16
59,211,0.08
59,212,0.16
59,213,0.08
59,214,0.12
59,215,0.12
59,216,0.12
59,217,0.08
59,218,0.12
59,219,0.12
59,220,0.12
59,221,0.08
59,222,0.08
59,223,0.2
59,224,0.12
59,225,0.12
59,226,0.32
59,227,0.08
59,228,0.16
59,229,0.16
59,230,0.08
59,231,0.16
59,232,0.16
59,233,0.04
59,234,0.04
59,235,0
59,236,0
60,1,0.36
60,2,0.2
60,3,0.12
60,4,0.08
60,5,0.24
60,6,0.16
60,7,0.2
60,8,0.2
60,9,0.08
60,10,0.08
60,11,0.08
60,12,0.2
60,13,0.12
60,14,0.04
60,15,0.24
60,16,0.16
60,17,0.24
60,18,0.12
60,19,0.24
60,20,0.12
60,21,0.16
60,22,0.16
60,23,0.12
60,24,0.08
60,25,0.12
60,26,0.08
60,27,0.36
60,28,0.24
60,29,0.16
60,30,0.2
60,31,0.32
60,32,0.36
60,33,0.2
60,34,0.12
60,35,0.12
60,36,0.16
60,37,0.12
60,38,0.08
60,39,0
60,40,0
60,41,0
60,42,0.16
60,43,0
60,44,0
60,45,0
60,46,0
60,47,0.04
60,48,0.04
60,49,0.16
60,50,0.08
60,51,0.36
60,52,0.16
60,53,0.2
60,54,0.2
60,55,0.16
60,56,0.2
60,57,0.12
60,58,0.16
60,59,0.08
60,60,0.12
60,61,0
60,62,0.2
60,63,0.12
60,64,0.04
60,65,0.12
60,66,0.12
60,67,0.16
60,68,0.08
60,69,0.12
60,70,0.04
60,71,0.28
60,72,0.08
60,73,0.08
60,74,0.24
60,75,0.12
60,76,0.08
60,77,0.12
60,78,0.08
60,79,0.28
60,80,0.16
60,81,0.16
60,82,0.08
60,83,0.12
60,84,0.12
60,85,0.16
60,86,0.12
60,87,0.32
60,88,0.28
60,89,0.04
60,90,0.12
60,91,0.12
60,92,0.12
60,93,0.08
60,94,0.36
60,95,0.2
60,96,0.16
60,97,0.08
60,98,0.08
60,99,0.04
60,100,0.2
60,101,0.12
60,102,0.2
60,103,0.32
60,104,0.08
60,105,0.08
60,106,0.12
60,107,0.12
60,108,0.04
60,109,0.16
60,110,0.08
60,111,0.08
60,112,0.12
60,113,0.72
60,114,0.72
60,115,0.16
60,116,0.12
60,117,0.24
60,118,0.72
60,119,0.12
60,120,0.2
60,121,0.04
60,122,0.36
60,123,0.16
60,124,0.36
60,125,0.12
60,126,0.12
60,127,0.16
60,128,0.04
60,129,0.12
60,130,0.08
60,131,0.04
60,132,0.2
60,133,0.2
60,134,0.08
60,135,0.32
60,136,0.72
60,137,0.4
60,138,0.04
60,139,0.16
60,140,0.08
60,141,0.08
60,142,0.08
60,143,0.08
60,144,0.16
60,145,0.24
60,146,0.16
60,147,0.12
60,148,0.16
60,149,0.2
60,150,0.2
60,151,0.32
60,152,0.16
60,153,0.12
60,154,0.08
60,155,0.32
60,156,0.08
60,157,0.04
60,158,0.12
60,159,0.12
60,160,0.16
60,161,0.08
60,162,0.16
60,163,0.12
60,164,0.16
60,165,0.32
60,166,0.12
60,167,0.16
60,168,0.32
60,169,0.12
60,170,0.12
60,171,0.12
60,172,0.4
60,173,0.08
60,174,0.36
60,175,0.2
60,176,0.04
60,177,0.08
60,178,0.16
60,179,0.28
60,180,0.08
60,181,0.04
60,182,0.16
60,183,0.08
60,184,0.16
60,185,0.28
60,186,0.36
60,187,0.08
60,188,0.12
60,189,0.24
60,190,0.2
60,191,0.16
60,192,0.28
60,193,0.12
60,194,0.04
60,195,0.12
60,196,0.04
60,197,0.24
60,198,0.08
60,199,0.12
60,200,0.08
60,201,0.16
60,202,0.24
60,203,0.16
60,204,0.08
60,205,0.04
60,206,0.12
60,207,0.24
60,208,0.12
60,209,0.16
60,210,0.12
60,211,0.08
60,212,0.16
60,213,0.12
60,214,0.08
60,215,0.08
60,216,0.12
60,217,0.16
60,218,0.04
60,219,0.04
60,220,0.04
60,221,0.16
60,222,0.08
60,223,0.16
60,224,0.08
60,225,0.08
60,226,0.16
60,227,0.16
60,228,0.2
60,229,0.12
60,230,0.08
60,231,0.08
60,232,0.12
60,233,0.12
60,234,0.16
60,235,0
60,236,0
61,1,0.12
61,2,0.32
61,3,0.08
61,4,0.08
61,5,0.12
61,6,0.16
61,7,0.2
61,8,0.2
61,9,0.08
61,10,0.08
61,11,0.12
61,12,0.08
61,13,0.12
61,14,0.04
61,15,0.36
61,16,0.2
61,17,0.32
61,18,0.4
61,19,0.2
61,20,0.04
61,21,0.12
61,22,0.24
61,23,0.2
61,24,0.04
61,25,0.16
61,26,0.04
61,27,0.36
61,28,0.08
61,29,0.04
61,30,0.2
61,31,0.16
61,32,0.24
61,33,0.2
61,34,0.08
61,35,0.16
61,36,0.36
61,37,0.04
61,38,0.04
61,39,0
61,40,0
61,41,0
61,42,0.16
61,43,0
61,44,0
61,45,0
61,46,0
61,47,0.12
61,48,0.12
61,49,0.08
61,50,0.28
61,51,0.28
61,52,0.12
61,53,0.32
61,54,0.32
61,55,0.08
61,56,0.04
61,57,0.12
61,58,0.08
61,59,0.16
61,60,0.24
61,61,0
61,62,0.08
61,63,0.08
61,64,0.12
61,65,0.04
61,66,0.28
61,67,0.08
61,68,0.04
61,69,0.2
61,70,0.08
61,71,0.24
61,72,0.12
61,73,0.08
61,74,0.08
61,75,0.08
61,76,0.08
61,77,0.16
61,78,0.16
61,79,0.28
61,80,0.08
61,81,0.12
61,82,0.24
61,83,0.16
61,84,0.12
61,85,0.08
61,86,0.12
61,87,0.32
61,88,0.36
61,89,0.12
61,90,0.04
61,91,0.08
61,92,0.2
61,93,0.36
61,94,0.32
61,95,0.24
61,96,0.12
61,97,0.12
61,98,0.12
61,99,0.2
61,100,0.12
61,101,0.08
61,102,0.2
61,103,0.16
61,104,0.16
61,105,0.08
61,106,0.08
61,107,0.08
61,108,0.08
61,109,0.12
61,110,0.12
61,111,0.08
61,112,0.12
61,113,0.68
61,114,0.68
61,115,0.12
61,116,0.12
61,117,0.2
61,118,0.68
61,119,0.08
61,120,0.08
61,121,0.12
61,122,0.16
61,123,0.28
61,124,0.36
61,125,0.12
61,126,0.08
61,127,0.2
61,128,0.16
61,129,0.08
61,130,0.08
61,131,0.12
61,132,0.2
61,133,0.24
61,134,0.08
61,135,0.12
61,136,0.68
61,137,0.2
61,138,0.16
61,139,0.12
61,140,0.04
61,141,0.24
61,142,0.2
61,143,0.16
61,144,0.12
61,145,0.08
61,146,0.08
61,147,0.08
61,148,0.2
61,149,0.04
61,150,0.12
61,151,0.16
61,152,0.08
61,153,0.24
61,154,0.16
61,155,0.16
61,156,0.08
61,157,0.08
61,158,0.12
61,159,0.08
61,160,0.16
61,161,0.12
61,162,0.12
61,163,0.08
61,164,0.12
61,165,0.12
61,166,0.04
61,167,0.16
61,168,0.16
61,169,0.12
61,170,0.12
61,171,0.04
61,172,0.4
61,173,0.16
61,174,0.28
61,175,0.04
61,176,0.08
61,177,0.16
61,178,0.08
61,179,0.36
61,180,0.2
61,181,0.16
61,182,0.28
61,183,0.16
61,184,0.12
61,185,0.12
61,186,0.12
61,187,0.12
61,188,0.04
61,189,0.12
61,190,0.2
61,191,0.2
61,192,0.2
61,193,0.2
61,194,0.04
61,195,0.12
61,196,0.16
61,197,0.24
61,198,0.04
61,199,0.24
61,200,0.12
61,201,0.16
61,202,0.2
61,203,0.08
61,204,0.04
61,205,0.16
61,206,0.08
61,207,0.08
61,208,0.32
61,209,0.12
61,210,0.12
61,211,0.08
61,212,0.16
61,213,0.16
61,214,0.04
61,215,0.08
61,216,0.08
61,217,0.16
61,218,0.08
61,219,0.04
61,220,0.16
61,221,0.16
61,222,0.08
61,223,0.2
61,224,0.2
61,225,0.04
61,226,0.24
61,227,0.16
61,228,0.24
61,229,0.04
61,230,0.24
61,231,0.04
61,232,0.04
61,233,0.08
61,234,0.12
61,235,0
61,236,0
62,1,0.2
62,2,0.28
62,3,0.08
62,4,0.08
62,5,0.36
62,6,0.12
62,7,0.16
62,8,0.16
62,9,0.08
62,10,0.12
62,11,0.08
62,12,0.2
62,13,0.12
62,14,0.12
62,15,0.24
62,16,0.16
62,17,0.28
62,18,0.24
62,19,0.24
62,20,0.04
62,21,0.12
62,22,0.12
62,23,0.36
62,24,0.12
62,25,0.08
62,26,0.12
62,27,0.32
62,28,0.24
62,29,0.04
62,30,0.2
62,31,0.12
62,32,0.16
62,33,0.32
62,34,0.08
62,35,0.16
62,36,0.12
62,37,0.08
62,38,0.12
62,39,0
62,40,0
62,41,0
62,42,0.08
62,43,0
62,44,0
62,45,0
62,46,0
62,47,0.04
62,48,0.12
62,49,0.12
62,50,0.36
62,51,0.08
62,52,0.08
62,53,0.28
62,54,0.16
62,55,0.04
62,56,0.2
62,57,0.08
62,58,0.24
62,59,0.04
62,60,0.24
62,61,0
62,62,0.16
62,63,0.08
62,64,0.08
62,65,0.12
62,66,0.2
62,67,0.16
62,68,0.04
62,69,0.12
62,70,0.16
62,71,0.32
62,72,0.2
62,73,0.04
62,74,0.16
62,75,0.2
62,76,0.08
62,77,0.04
62,78,0.12
62,79,0.2
62,80,0.08
62,81,0.04
62,82,0.08
62,83,0.08
62,84,0.04
62,85,0.08
62,86,0.08
62,87,0.36
62,88,0.32
62,89,0.08
62,90,0.04
62,91,0.16
62,92,0.2
62,93,0.24
62,94,0.16
62,95,0.2
62,96,0.04
62,97,0.12
62,98,0.12
62,99,0.12
62,100,0.12
62,101,0.08
62,102,0.16
62,103,0.16
62,104,0.08
62,105,0.12
62,106,0.16
62,107,0.08
62,108,0.12
62,109,0.16
62,110,0.04
62,111,0.08
62,112,0.04
62,113,0.68
62,114,0.68
62,115,0.08
62,116,0.08
62,117,0.16
62,118,0.68
62,119,0.12
62,120,0.12
62,121,0.08
62,122,0.16
62,123,0.2
62,124,0.16
62,125,0.16
62,126,0.12
62,127,0.24
62,128,0.16
62,129,0.08
62,130,0.12
62,131,0.08
62,132,0.16
62,133,0.2
62,134,0.04
62,135,0.12
62,136,0.68
62,137,0.2
62,138,0.12
62,139,0.16
62,140,0.12
62,141,0.08
62,142,0.08
62,143,0.2
62,144,0.16
62,145,0.2
62,146,0.12
62,147,0.24
62,148,0.2
62,149,0.2
62,150,0.28
62,151,0.28
62,152,0.16
62,153,0.16
62,154,0.12
62,155,0.28
62,156,0.08
62,157,0.04
62,158,0.16
62,159,0.16
62,160,0.08
62,161,0.16
62,162,0.08
62,163,0.24
62,164,0.12
62,165,0.28
62,166,0.04
62,167,0.2
62,168,0.24
62,169,0.2
62,170,0.08
62,171,0.12
62,172,0.28
62,173,0.04
62,174,0.16
62,175,0.16
62,176,0.08
62,177,0.12
62,178,0.12
62,179,0.12
62,180,0.16
62,181,0.04
62,182,0.2
62,183,0.08
62,184,0.08
62,185,0.16
62,186,0.12
62,187,0.04
62,188,0.08
62,189,0.36
62,190,0.16
62,191,0.2
62,192,0.32
62,193,0.12
62,194,0.08
62,195,0.12
62,196,0.16
62,197,0.08
62,198,0.16
62,199,0.24
62,200,0.04
62,201,0.08
62,202,0.2
62,203,0.12
62,204,0.12
62,205,0.08
62,206,0.16
62,207,0.2
62,208,0.36
62,209,0.16
62,210,0.12
62,211,0.12
62,212,0.08
62,213,0.04
62,214,0.08
62,215,0.12
62,216,0.12
62,217,0.08
62,218,0.08
62,219,0.16
62,220,0.12
62,221,0.12
62,222,0.04
62,223,0.08
62,224,0.12
62,225,0.04
62,226,0.12
62,227,0.16
62,228,0.28
62,229,0.12
62,230,0.08
62,231,0.04
62,232,0.04
62,233,0.12
62,234,0.08
62,235,0
62,236,0
63,1,0.12
63,2,0.36
63,3,0.04
63,4,0.16
63,5,0.16
63,6,0.12
63,7,0.2
63,8,0.12
63,9,0.12
63,10,0.12
63,11,0.12
63,12,0.16
63,13,0.16
63,14,0.08
63,15,0.16
63,16,0.08
63,17,0.32
63,18,0.08
63,19,0.16
63,20,0.12
63,21,0.2
63,22,0.16
63,23,0.16
63,24,0.08
63,25,0.08
63,26,0.12
63,27,0.12
63,28,0.16
63,29,0.04
63,30,0.08
63,31,0.32
63,32,0.32
63,33,0.08
63,34,0.08
63,35,0.28
63,36,0.28
63,37,0.12
63,38,0.04
63,39,0
63,40,0
63,41,0
63,42,0.08
63,43,0
63,44,0
63,45,0
63,46,0
63,47,0.12
63,48,0.12
63,49,0.12
63,50,0.32
63,51,0.2
63,52,0.12
63,53,0.2
63,54,0.32
63,55,0.12
63,56,0.12
63,57,0.12
63,58,0.04
63,59,0.04
63,60,0.2
63,61,0
63,62,0.08
63,63,0.04
63,64,0.04
63,65,0.12
63,66,0.28
63,67,0.12
63,68,0.12
63,69,0.16
63,70,0.12
63,71,0.16
63,72,0.08
63,73,0.12
63,74,0.2
63,75,0.16
63,76,0.12
63,77,0.08
63,78,0.2
63,79,0.32
63,80,0.08
63,81,0.04
63,82,0.2
63,83,0.04
63,84,0.12
63,85,0.12
63,86,0.12
63,87,0.12
63,88,0.36
63,89,0.12
63,90,0.12
63,91,0.08
63,92,0.12
63,93,0.28
63,94,0.2
63,95,0.08
63,96,0.08
63,97,0.12
63,98,0.2
63,99,0.2
63,100,0.2
63,101,0.08
63,102,0.16
63,103,0.2
63,104,0.04
63,105,0.04
63,106,0.08
63,107,0.04
63,108,0.12
63,109,0.16
63,110,0.04
63,111,0.04
63,112,0.08
63,113,0.68
63,114,0.68
63,115,0.04
63,116,0.16
63,117,0.16
63,118,0.68
63,119,0.12
63,120,0.16
63,121,0.12
63,122,0.16
63,123,0.2
63,124,0.32
63,125,0.2
63,126,0.04
63,127,0.28
63,128,0.08
63,129,0.08
63,130,0.08
63,131,0.12
63,132,0.16
63,133,0.2
63,134,0.08
63,135,0.36
63,136,0.68
63,137,0.28
63,138,0.12
63,139,0.16
63,140,0.08
63,141,0.04
63,142,0.08
63,143,0.2
63,144,0.04
63,145,0.16
63,146,0.12
63,147,0.16
63,148,0.12
63,149,0.16
63,150,0.24
63,151,0.36
63,152,0.04
63,153,0.08
63,154,0.08
63,155,0.2
63,156,0.12
63,157,0.08
63,158,0.04
63,159,0.04
63,160,0.08
63,161,0.12
63,162,0.04
63,163,0.16
63,164,0.12
63,165,0.2
63,166,0.12
63,167,0.12
63,168,0.36
63,169,0.2
63,170,0.12
63,171,0.08
63,172,0.08
63,173,0.04
63,174,0.12
63,175,0.16
63,176,0.12
63,177,0.08
63,178,0.08
63,179,0.16
63,180,0.12
63,181,0.2
63,182,0.16
63,183,0.08
63,184,0.04
63,185,0.24
63,186,0.08
63,187,0.12
63,188,0.16
63,189,0.16
63,190,0.12
63,191,0.2
63,192,0.32
63,193,0.16
63,194,0.08
63,195,0.16
63,196,0.08
63,197,0.08
63,198,0.12
63,199,0.2
63,200,0.04
63,201,0.04
63,202,0.16
63,203,0.04
63,204,0.2
63,205,0.16
63,206,0.2
63,207,0.24
63,208,0.2
63,209,0.08
63,210,0.16
63,211,0.04
63,212,0.08
63,213,0.12
63,214,0.12
63,215,0.12
63,216,0.04
63,217,0.04
63,218,0.04
63,219,0.08
63,220,0.04
63,221,0.16
63,222,0.04
63,223,0.04
63,224,0.2
63,225,0.08
63,226,0.28
63,227,0.08
63,228,0.28
63,229,0.2
63,230,0.2
63,231,0.12
63,232,0.12
63,233,0.16
63,234,0.16
63,235,0
63,236,0
64,1,0.2
64,2,0.32
64,3,0.12
64,4,0.08
64,5,0.24
64,6,0.08
64,7,0.24
64,8,0.2
64,9,0.12
64,10,0.08
64,11,0.12
64,12,0.12
64,13,0.12
64,14,0.08
64,15,0.12
64,16,0.12
64,17,0.16
64,18,0.12
64,19,0.08
64,20,0.08
64,21,0.12
64,22,0.12
64,23,0.2
64,24,0.04
64,25,0.16
64,26,0.04
64,27,0.28
64,28,0.16
64,29,0.12
64,30,0.2
64,31,0.12
64,32,0.32
64,33,0.2
64,34,0.16
64,35,0.16
64,36,0.24
64,37,0.04
64,38,0.08
64,39,0
64,40,0
64,41,0
64,42,0.08
64,43,0
64,44,0
64,45,0
64,46,0
64,47,0.12
64,48,0.12
64,49,0.04
64,50,0.2
64,51,0.12
64,52,0.04
64,53,0.28
64,54,0.32
64,55,0.12
64,56,0.12
64,57,0.12
64,58,0.2
64,59,0.08
64,60,0.2
64,61,0
64,62,0.08
64,63,0.04
64,64,0.04
64,65,0.08
64,66,0.28
64,67,0.04
64,68,0.04
64,69,0.12
64,70,0.16
64,71,0.24
64,72,0.08
64,73,0.12
64,74,0.08
64,75,0.16
64,76,0.04
64,77,0.08
64,78,0.12
64,79,0.24
64,80,0.12
64,81,0.08
64,82,0.08
64,83,0.08
64,84,0.12
64,85,0.12
64,86,0.12
64,87,0.16
64,88,0.16
64,89,0.04
64,90,0.16
64,91,0.12
64,92,0.28
64,93,0.16
64,94,0.2
64,95,0.16
64,96,0.12
64,97,0.08
64,98,0.04
64,99,0.12
64,100,0.2
64,101,0.08
64,102,0.2
64,103,0.16
64,104,0.08
64,105,0.12
64,106,0.08
64,107,0.04
64,108,0.12
64,109,0.16
64,110,0.04
64,111,0.04
64,112,0.12
64,113,0.6
64,114,0.6
64,115,0.04
64,116,0.08
64,117,0.12
64,118,0.6
64,119,0.08
64,120,0.12
64,121,0.12
64,122,0.32
64,123,0.2
64,124,0.12
64,125,0.04
64,126,0.08
64,127,0.12
64,128,0.04
64,129,0.08
64,130,0.16
64,131,0.08
64,132,0.16
64,133,0.12
64,134,0.12
64,135,0.08
64,136,0.6
64,137,0.32
64,138,0.12
64,139,0.16
64,140,0.08
64,141,0.08
64,142,0.2
64,143,0.2
64,144,0.16
64,145,0.16
64,146,0.16
64,147,0.16
64,148,0.16
64,149,0.2
64,150,0.16
64,151,0.32
64,152,0.04
64,153,0.12
64,154,0.08
64,155,0.2
64,156,0.12
64,157,0.12
64,158,0.16
64,159,0.12
64,160,0.04
64,161,0.16
64,162,0.08
64,163,0.32
64,164,0.08
64,165,0.16
64,166,0.04
64,167,0.2
64,168,0.2
64,169,0.08
64,170,0.12
64,171,0.04
64,172,0.36
64,173,0.12
64,174,0.28
64,175,0.16
64,176,0.08
64,177,0.12
64,178,0.16
64,179,0.16
64,180,0.16
64,181,0.08
64,182,0.08
64,183,0.08
64,184,0.04
64,185,0.08
64,186,0.32
64,187,0.12
64,188,0.12
64,189,0.24
64,190,0.32
64,191,0.16
64,192,0.32
64,193,0.16
64,194,0.08
64,195,0.2
64,196,0.08
64,197,0.2
64,198,0.08
64,199,0.08
64,200,0.08
64,201,0.08
64,202,0.16
64,203,0.12
64,204,0.2
64,205,0.04
64,206,0.16
64,207,0.08
64,208,0.32
64,209,0.08
64,210,0.08
64,211,0.04
64,212,0.12
64,213,0.04
64,214,0.12
64,215,0.12
64,216,0.12
64,217,0.04
64,218,0.08
64,219,0.12
64,220,0.08
64,221,0.04
64,222,0.12
64,223,0.2
64,224,0.24
64,225,0.08
64,226,0.16
64,227,0.12
64,228,0.24
64,229,0.16
64,230,0.16
64,231,0.12
64,232,0.04
64,233,0.08
64,234,0.08
64,235,0
64,236,0
65,1,0.28
65,2,0.08
65,3,0.04
65,4,0.12
65,5,0.08
65,6,0.12
65,7,0.08
65,8,0.08
65,9,0.12
65,10,0.08
65,11,0.12
65,12,0.12
65,13,0.2
65,14,0.12
65,15,0.2
65,16,0.2
65,17,0.24
65,18,0.28
65,19,0.16
65,20,0.04
65,21,0.08
65,22,0.04
65,23,0.08
65,24,0.16
65,25,0.12
65,26,0.12
65,27,0.28
65,28,0.08
65,29,0.12
65,30,0.2
65,31,0.16
65,32,0.24
65,33,0.16
65,34,0.2
65,35,0.12
65,36,0.32
65,37,0.12
65,38,0.12
65,39,0
65,40,0
65,41,0
65,42,0.12
65,43,0
65,44,0
65,45,0
65,46,0
65,47,0.08
65,48,0.12
65,49,0.08
65,50,0.24
65,51,0.28
65,52,0.08
65,53,0.28
65,54,0.28
65,55,0.04
65,56,0.16
65,57,0.04
65,58,0.2
65,59,0.04
65,60,0.2
65,61,0
65,62,0.16
65,63,0.04
65,64,0.12
65,65,0.04
65,66,0.12
65,67,0.08
65,68,0.08
65,69,0.2
65,70,0.04
65,71,0.24
65,72,0.16
65,73,0.12
65,74,0.2
65,75,0.12
65,76,0.04
65,77,0.08
65,78,0.2
65,79,0.16
65,80,0.08
65,81,0.08
65,82,0.16
65,83,0.12
65,84,0.04
65,85,0.04
65,86,0.08
65,87,0.24
65,88,0.2
65,89,0.08
65,90,0.08
65,91,0.12
65,92,0.24
65,93,0.2
65,94,0.2
65,95,0.12
65,96,0.16
65,97,0.08
65,98,0.12
65,99,0.08
65,100,0.08
65,101,0.08
65,102,0.16
65,103,0.12
65,104,0.04
65,105,0.04
65,106,0.12
65,107,0.04
65,108,0.12
65,109,0.16
65,110,0.12
65,111,0.12
65,112,0.04
65,113,0.6
65,114,0.6
65,115,0.08
65,116,0.12
65,117,0.12
65,118,0.6
65,119,0.08
65,120,0.2
65,121,0.16
65,122,0.08
65,123,0.12
65,124,0.24
65,125,0.08
65,126,0.12
65,127,0.2
65,128,0.16
65,129,0.08
65,130,0.08
65,131,0.08
65,132,0.16
65,133,0.04
65,134,0.12
65,135,0.16
65,136,0.6
65,137,0.24
65,138,0.12
65,139,0.2
65,140,0.04
65,141,0.12
65,142,0.08
65,143,0.16
65,144,0.16
65,145,0.08
65,146,0.04
65,147,0.08
65,148,0.08
65,149,0.04
65,150,0.24
65,151,0.12
65,152,0.04
65,153,0.16
65,154,0.08
65,155,0.12
65,156,0.04
65,157,0.08
65,158,0.12
65,159,0.04
65,160,0.08
65,161,0.04
65,162,0.12
65,163,0.24
65,164,0.08
65,165,0.24
65,166,0.08
65,167,0.2
65,168,0.28
65,169,0.08
65,170,0.04
65,171,0.08
65,172,0.32
65,173,0.08
65,174,0.24
65,175,0.12
65,176,0.12
65,177,0.04
65,178,0.12
65,179,0.32
65,180,0.12
65,181,0.12
65,182,0.28
65,183,0.08
65,184,0.12
65,185,0.16
65,186,0.2
65,187,0.04
65,188,0.08
65,189,0.16
65,190,0.16
65,191,0.2
65,192,0.32
65,193,0.08
65,194,0.12
65,195,0.08
65,196,0.04
65,197,0.08
65,198,0.08
65,199,0.2
65,200,0.12
65,201,0.12
65,202,0.12
65,203,0.08
65,204,0.16
65,205,0.12
65,206,0.08
65,207,0.08
65,208,0.28
65,209,0.08
65,210,0.12
65,211,0.04
65,212,0.12
65,213,0.12
65,214,0.12
65,215,0.12
65,216,0.04
65,217,0.12
65,218,0.12
65,219,0.12
65,220,0.08
65,221,0.04
65,222,0.16
65,223,0.16
65,224,0.16
65,225,0.04
65,226,0.16
65,227,0.08
65,228,0.28
65,229,0.2
65,230,0.2
65,231,0.08
65,232,0.08
65,233,0.12
65,234,0.08
65,235,0
65,236,0
66,1,0.16
66,2,0.24
66,3,0.12
66,4,0.12
66,5,0.12
66,6,0.12
66,7,0.28
66,8,0.04
66,9,0.04
66,10,0.12
66,11,0.12
66,12,0.16
66,13,0.2
66,14,0.12
66,15,0.2
66,16,0.2
66,17,0.08
66,18,0.24
66,19,0.28
66,20,0.08
66,21,0.08
66,22,0.12
66,23,0.28
66,24,0.04
66,25,0.12
66,26,0.08
66,27,0.12
66,28,0.16
66,29,0.08
66,30,0.08
66,31,0.28
66,32,0.16
66,33,0.28
66,34,0.2
66,35,0.24
66,36,0.16
66,37,0.12
66,38,0.08
66,39,0
66,40,0
66,41,0
66,42,0.08
66,43,0
66,44,0
66,45,0
66,46,0
66,47,0.12
66,48,0.12
66,49,0.08
66,50,0.12
66,51,0.12
66,52,0.08
66,53,0.08
66,54,0.2
66,55,0.12
66,56,0.12
66,57,0.04
66,58,0.2
66,59,0.04
66,60,0.12
66,61,0
66,62,0.2
66,63,0.04
66,64,0.08
66,65,0.12
66,66,0.24
66,67,0.04
66,68,0.04
66,69,0.16
66,70,0.08
66,71,0.12
66,72,0.08
66,73,0.08
66,74,0.12
66,75,0.16
66,76,0.12
66,77,0.08
66,78,0.2
66,79,0.24
66,80,0.04
66,81,0.08
66,82,0.2
66,83,0.08
66,84,0.04
66,85,0.04
66,86,0.12
66,87,0.08
66,88,0.24
66,89,0.04
66,90,0.08
66,91,0.04
66,92,0.16
66,93,0.2
66,94,0.24
66,95,0.16
66,96,0.04
66,97,0.12
66,98,0.08
66,99,0.04
66,100,0.16
66,101,0.12
66,102,0.12
66,103,0.24
66,104,0.12
66,105,0.04
66,106,0.2
66,107,0.16
66,108,0.12
66,109,0.08
66,110,0.12
66,111,0.04
66,112,0.16
66,113,0.56
66,114,0.56
66,115,0.08
66,116,0.08
66,117,0.12
66,118,0.56
66,119,0.08
66,120,0.08
66,121,0.08
66,122,0.2
66,123,0.28
66,124,0.32
66,125,0.16
66,126,0.16
66,127,0.16
66,128,0.12
66,129,0.12
66,130,0.04
66,131,0.12
66,132,0.12
66,133,0.16
66,134,0.12
66,135,0.24
66,136,0.56
66,137,0.24
66,138,0.04
66,139,0.12
66,140,0.12
66,141,0.04
66,142,0.04
66,143,0.12
66,144,0.08
66,145,0.12
66,146,0.08
66,147,0.08
66,148,0.16
66,149,0.16
66,150,0.24
66,151,0.24
66,152,0.12
66,153,0.16
66,154,0.08
66,155,0.12
66,156,0.16
66,157,0.04
66,158,0.08
66,159,0.04
66,160,0.12
66,161,0.08
66,162,0.12
66,163,0.24
66,164,0.12
66,165,0.24
66,166,0.08
66,167,0.08
66,168,0.08
66,169,0.16
66,170,0.04
66,171,0.16
66,172,0.24
66,173,0.12
66,174,0.16
66,175,0.08
66,176,0.12
66,177,0.08
66,178,0.04
66,179,0.12
66,180,0.12
66,181,0.08
66,182,0.16
66,183,0.12
66,184,0.08
66,185,0.24
66,186,0.28
66,187,0.04
66,188,0.08
66,189,0.28
66,190,0.12
66,191,0.16
66,192,0.24
66,193,0.12
66,194,0.04
66,195,0.12
66,196,0.04
66,197,0.12
66,198,0.08
66,199,0.16
66,200,0.04
66,201,0.08
66,202,0.16
66,203,0.08
66,204,0.12
66,205,0.08
66,206,0.08
66,207,0.12
66,208,0.16
66,209,0.08
66,210,0.16
66,211,0.12
66,212,0.04
66,213,0.08
66,214,0.08
66,215,0.08
66,216,0.08
66,217,0.08
66,218,0.04
66,219,0.12
66,220,0.12
66,221,0.04
66,222,0.08
66,223,0.08
66,224,0.16
66,225,0.08
66,226,0.08
66,227,0.12
66,228,0.24
66,229,0.08
66,230,0.2
66,231,0.08
66,232,0.04
66,233,0.04
66,234,0.12
66,235,0
66,236,0
67,1,0.2
67,2,0.16
67,3,0.04
67,4,0.12
67,5,0.2
67,6,0.08
67,7,0.2
67,8,0.16
67,9,0.12
67,10,0.04
67,11,0.08
67,12,0.16
67,13,0.16
67,14,0.04
67,15,0.16
67,16,0.12
67,17,0.28
67,18,0.28
67,19,0.24
67,20,0.04
67,21,0.16
67,22,0.08
67,23,0.08
67,24,0.08
67,25,0.08
67,26,0.12
67,27,0.08
67,28,0.16
67,29,0.12
67,30,0.08
67,31,0.2
67,32,0.16
67,33,0.28
67,34,0.12
67,35,0.16
67,36,0.24
67,37,0.04
67,38,0.12
67,39,0
67,40,0
67,41,0
67,42,0.08
67,43,0
67,44,0
67,45,0
67,46,0
67,47,0.08
67,48,0.04
67,49,0.04
67,50,0.28
67,51,0.28
67,52,0.08
67,53,0.16
67,54,0.2
67,55,0.12
67,56,0.12
67,57,0.04
67,58,0.08
67,59,0.08
67,60,0.08
67,61,0
67,62,0.2
67,63,0.12
67,64,0.08
67,65,0.08
67,66,0.12
67,67,0.04
67,68,0.12
67,69,0.2
67,70,0.04
67,71,0.16
67,72,0.2
67,73,0.08
67,74,0.12
67,75,0.2
67,76,0.04
67,77,0.08
67,78,0.2
67,79,0.24
67,80,0.12
67,81,0.08
67,82,0.16
67,83,0.08
67,84,0.04
67,85,0.04
67,86,0.08
67,87,0.16
67,88,0.2
67,89,0.12
67,90,0.12
67,91,0.12
67,92,0.12
67,93,0.08
67,94,0.16
67,95,0.08
67,96,0.04
67,97,0.04
67,98,0.2
67,99,0.12
67,100,0.16
67,101,0.08
67,102,0.08
67,103,0.24
67,104,0.12
67,105,0.04
67,106,0.16
67,107,0.04
67,108,0.04
67,109,0.12
67,110,0.12
67,111,0.04
67,112,0.08
67,113,0.52
67,114,0.52
67,115,0.04
67,116,0.04
67,117,0.2
67,118,0.52
67,119,0.12
67,120,0.12
67,121,0.04
67,122,0.08
67,123,0.24
67,124,0.16
67,125,0.16
67,126,0.08
67,127,0.16
67,128,0.12
67,129,0.04
67,130,0.12
67,131,0.04
67,132,0.16
67,133,0.12
67,134,0.12
67,135,0.2
67,136,0.52
67,137,0.28
67,138,0.08
67,139,0.2
67,140,0.04
67,141,0.12
67,142,0.16
67,143,0.12
67,144,0.04
67,145,0.16
67,146,0.04
67,147,0.12
67,148,0.12
67,149,0.08
67,150,0.12
67,151,0.28
67,152,0.08
67,153,0.16
67,154,0.08
67,155,0.28
67,156,0.12
67,157,0.08
67,158,0.08
67,159,0.12
67,160,0.12
67,161,0.04
67,162,0.04
67,163,0.24
67,164,0.04
67,165,0.12
67,166,0.04
67,167,0.08
67,168,0.28
67,169,0.08
67,170,0.08
67,171,0.08
67,172,0.2
67,173,0.08
67,174,0.2
67,175,0.08
67,176,0.12
67,177,0.12
67,178,0.04
67,179,0.16
67,180,0.12
67,181,0.08
67,182,0.2
67,183,0.12
67,184,0.08
67,185,0.16
67,186,0.2
67,187,0.04
67,188,0.08
67,189,0.12
67,190,0.28
67,191,0.08
67,192,0.28
67,193,0.16
67,194,0.12
67,195,0.16
67,196,0.12
67,197,0.08
67,198,0.08
67,199,0.08
67,200,0.12
67,201,0.12
67,202,0.08
67,203,0.08
67,204,0.12
67,205,0.08
67,206,0.04
67,207,0.12
67,208,0.2
67,209,0.08
67,210,0.12
67,211,0.08
67,212,0.12
67,213,0.04
67,214,0.08
67,215,0.12
67,216,0.12
67,217,0.08
67,218,0.04
67,219,0.04
67,220,0.04
67,221,0.12
67,222,0.08
67,223,0.08
67,224,0.12
67,225,0.16
67,226,0.16
67,227,0.04
67,228,0.12
67,229,0.08
67,230,0.12
67,231,0.12
67,232,0.12
67,233,0.12
67,234,0.08
67,235,0
67,236,0
68,1,0.28
68,2,0.08
68,3,0.12
68,4,0.04
68,5,0.28
68,6,0.08
68,7,0.28
68,8,0.04
68,9,0.04
68,10,0.08
68,11,0.08
68,12,0.08
68,13,0.2
68,14,0.08
68,15,0.28
68,16,0.04
68,17,0.08
68,18,0.12
68,19,0.16
68,20,0.04
68,21,0.08
68,22,0.16
68,23,0.16
68,24,0.08
68,25,0.04
68,26,0.04
68,27,0.12
68,28,0.16
68,29,0.04
68,30,0.04
68,31,0.24
68,32,0.16
68,33,0.24
68,34,0.16
68,35,0.16
68,36,0.28
68,37,0.08
68,38,0.12
68,39,0
68,40,0
68,41,0
68,42,0.12
68,43,0
68,44,0
68,45,0
68,46,0
68,47,0.04
68,48,0.04
68,49,0.08
68,50,0.12
68,51,0.2
68,52,0.08
68,53,0.16
68,54,0.08
68,55,0.12
68,56,0.12
68,57,0.12
68,58,0.12
68,59,0.08
68,60,0.08
68,61,0
68,62,0.08
68,63,0.04
68,64,0.12
68,65,0.12
68,66,0.2
68,67,0.08
68,68,0.04
68,69,0.04
68,70,0.12
68,71,0.08
68,72,0.08
68,73,0.08
68,74,0.16
68,75,0.04
68,76,0.08
68,77,0.04
68,78,0.12
68,79,0.28
68,80,0.08
68,81,0.12
68,82,0.2
68,83,0.04
68,84,0.08
68,85,0.08
68,86,0.04
68,87,0.12
68,88,0.08
68,89,0.04
68,90,0.12
68,91,0.12
68,92,0.28
68,93,0.12
68,94,0.12
68,95,0.24
68,96,0.04
68,97,0.08
68,98,0.04
68,99,0.16
68,100,0.12
68,101,0.12
68,102,0.08
68,103,0.2
68,104,0.12
68,105,0.08
68,106,0.16
68,107,0.08
68,108,0.08
68,109,0.12
68,110,0.08
68,111,0.08
68,112,0.08
68,113,0.56
68,114,0.56
68,115,0.12
68,116,0.04
68,117,0.12
68,118,0.56
68,119,0.04
68,120,0.16
68,121,0.04
68,122,0.24
68,123,0.12
68,124,0.16
68,125,0.08
68,126,0.12
68,127,0.08
68,128,0.12
68,129,0.08
68,130,0.04
68,131,0.12
68,132,0.08
68,133,0.16
68,134,0.08
68,135,0.16
68,136,0.56
68,137,0.28
68,138,0.04
68,139,0.16
68,140,0.08
68,141,0.16
68,142,0.12
68,143,0.16
68,144,0.04
68,145,0.12
68,146,0.04
68,147,0.12
68,148,0.12
68,149,0.08
68,150,0.24
68,151,0.08
68,152,0.08
68,153,0.04
68,154,0.16
68,155,0.24
68,156,0.12
68,157,0.12
68,158,0.12
68,159,0.12
68,160,0.12
68,161,0.04
68,162,0.08
68,163,0.28
68,164,0.08
68,165,0.08
68,166,0.04
68,167,0.08
68,168,0.12
68,169,0.2
68,170,0.04
68,171,0.08
68,172,0.12
68,173,0.12
68,174,0.28
68,175,0.16
68,176,0.08
68,177,0.04
68,178,0.08
68,179,0.28
68,180,0.16
68,181,0.16
68,182,0.08
68,183,0.12
68,184,0.08
68,185,0.24
68,186,0.2
68,187,0.12
68,188,0.04
68,189,0.24
68,190,0.16
68,191,0.16
68,192,0.12
68,193,0.2
68,194,0.08
68,195,0.16
68,196,0.04
68,197,0.08
68,198,0.12
68,199,0.12
68,200,0.12
68,201,0.08
68,202,0.08
68,203,0.12
68,204,0.04
68,205,0.04
68,206,0.04
68,207,0.16
68,208,0.16
68,209,0.12
68,210,0.08
68,211,0.08
68,212,0.08
68,213,0.08
68,214,0.08
68,215,0.08
68,216,0.12
68,217,0.04
68,218,0.12
68,219,0.04
68,220,0.08
68,221,0.12
68,222,0.08
68,223,0.12
68,224,0.16
68,225,0.08
68,226,0.16
68,227,0.12
68,228,0.16
68,229,0.08
68,230,0.12
68,231,0.12
68,232,0.12
68,233,0.08
68,234,0.04
68,235,0
68,236,0
69,1,0.16
69,2,0.2
69,3,0.08
69,4,0.08
69,5,0.08
69,6,0.12
69,7,0.12
69,8,0.16
69,9,0.08
69,10,0.12
69,11,0.12
69,12,0.12
69,13,0.12
69,14,0.12
69,15,0.2
69,16,0.04
69,17,0.2
69,18,0.28
69,19,0.16
69,20,0.04
69,21,0.04
69,22,0.16
69,23,0.12
69,24,0.08
69,25,0.04
69,26,0.04
69,27,0.24
69,28,0.16
69,29,0.04
69,30,0.16
69,31,0.16
69,32,0.24
69,33,0.16
69,34,0.16
69,35,0.24
69,36,0.24
69,37,0.08
69,38,0.04
69,39,0
69,40,0
69,41,0
69,42,0.12
69,43,0
69,44,0
69,45,0
69,46,0
69,47,0.04
69,48,0.04
69,49,0.08
69,50,0.24
69,51,0.12
69,52,0.12
69,53,0.2
69,54,0.2
69,55,0.08
69,56,0.04
69,57,0.08
69,58,0.04
69,59,0.12
69,60,0.16
69,61,0
69,62,0.16
69,63,0.04
69,64,0.12
69,65,0.04
69,66,0.08
69,67,0.12
69,68,0.04
69,69,0.16
69,70,0.12
69,71,0.2
69,72,0.04
69,73,0.12
69,74,0.16
69,75,0.16
69,76,0.12
69,77,0.08
69,78,0.08
69,79,0.24
69,80,0.04
69,81,0.04
69,82,0.16
69,83,0.04
69,84,0.08
69,85,0.08
69,86,0.08
69,87,0.2
69,88,0.16
69,89,0.08
69,90,0.12
69,91,0.08
69,92,0.28
69,93,0.28
69,94,0.08
69,95,0.24
69,96,0.04
69,97,0.08
69,98,0.16
69,99,0.04
69,100,0.16
69,101,0.04
69,102,0.12
69,103,0.08
69,104,0.12
69,105,0.08
69,106,0.08
69,107,0.04
69,108,0.04
69,109,0.16
69,110,0.04
69,111,0.04
69,112,0.12
69,113,0.48
69,114,0.48
69,115,0.04
69,116,0.04
69,117,0.04
69,118,0.48
69,119,0.04
69,120,0.08
69,121,0.04
69,122,0.16
69,123,0.16
69,124,0.2
69,125,0.08
69,126,0.12
69,127,0.08
69,128,0.04
69,129,0.08
69,130,0.12
69,131,0.04
69,132,0.16
69,133,0.08
69,134,0.08
69,135,0.2
69,136,0.48
69,137,0.24
69,138,0.12
69,139,0.12
69,140,0.08
69,141,0.12
69,142,0.16
69,143,0.04
69,144,0.16
69,145,0.08
69,146,0.04
69,147,0.12
69,148,0.12
69,149,0.04
69,150,0.28
69,151,0.16
69,152,0.08
69,153,0.16
69,154,0.12
69,155,0.12
69,156,0.04
69,157,0.04
69,158,0.04
69,159,0.04
69,160,0.12
69,161,0.08
69,162,0.04
69,163,0.08
69,164,0.12
69,165,0.16
69,166,0.08
69,167,0.12
69,168,0.2
69,169,0.12
69,170,0.04
69,171,0.04
69,172,0.08
69,173,0.12
69,174,0.12
69,175,0.08
69,176,0.04
69,177,0.08
69,178,0.08
69,179,0.2
69,180,0.12
69,181,0.08
69,182,0.16
69,183,0.12
69,184,0.08
69,185,0.16
69,186,0.08
69,187,0.04
69,188,0.08
69,189,0.2
69,190,0.08
69,191,0.16
69,192,0.12
69,193,0.16
69,194,0.04
69,195,0.16
69,196,0.08
69,197,0.12
69,198,0.08
69,199,0.08
69,200,0.08
69,201,0.04
69,202,0.12
69,203,0.08
69,204,0.16
69,205,0.08
69,206,0.12
69,207,0.08
69,208,0.28
69,209,0.08
69,210,0.12
69,211,0.08
69,212,0.12
69,213,0.12
69,214,0.08
69,215,0.08
69,216,0.04
69,217,0.04
69,218,0.04
69,219,0.08
69,220,0.08
69,221,0.04
69,222,0.04
69,223,0.12
69,224,0.08
69,225,0.16
69,226,0.24
69,227,0.08
69,228,0.12
69,229,0.08
69,230,0.16
69,231,0.12
69,232,0.04
69,233,0.04
69,234,0.04
69,235,0
69,236,0
70,1,0.24
70,2,0.16
70,3,0.08
70,4,0.04
70,5,0.08
70,6,0.04
70,7,0.24
70,8,0.16
70,9,0.08
70,10,0.04
70,11,0.08
70,12,0.04
70,13,0.12
70,14,0.12
70,15,0.16
70,16,0.08
70,17,0.24
70,18,0.08
70,19,0.24
70,20,0.12
70,21,0.08
70,22,0.08
70,23,0.16
70,24,0.12
70,25,0.12
70,26,0.04
70,27,0.2
70,28,0.08
70,29,0.04
70,30,0.12
70,31,0.2
70,32,0.2
70,33,0.24
70,34,0.12
70,35,0.08
70,36,0.24
70,37,0.12
70,38,0.08
70,39,0
70,40,0
70,41,0
70,42,0.04
70,43,0
70,44,0
70,45,0
70,46,0
70,47,0.08
70,48,0.04
70,49,0.08
70,50,0.16
70,51,0.08
70,52,0.12
70,53,0.2
70,54,0.24
70,55,0.08
70,56,0.16
70,57,0.04
70,58,0.08
70,59,0.04
70,60,0.16
70,61,0
70,62,0.08
70,63,0.04
70,64,0.04
70,65,0.08
70,66,0.2
70,67,0.04
70,68,0.04
70,69,0.16
70,70,0.04
70,71,0.12
70,72,0.08
70,73,0.12
70,74,0.04
70,75,0.08
70,76,0.08
70,77,0.08
70,78,0.04
70,79,0.16
70,80,0.08
70,81,0.08
70,82,0.08
70,83,0.04
70,84,0.12
70,85,0.04
70,86,0.12
70,87,0.16
70,88,0.08
70,89,0.12
70,90,0.12
70,91,0.04
70,92,0.24
70,93,0.16
70,94,0.24
70,95,0.12
70,96,0.08
70,97,0.04
70,98,0.08
70,99,0.16
70,100,0.12
70,101,0.12
70,102,0.12
70,103,0.12
70,104,0.04
70,105,0.08
70,106,0.16
70,107,0.04
70,108,0.04
70,109,0.16
70,110,0.04
70,111,0.04
70,112,0.12
70,113,0.48
70,114,0.48
70,115,0.04
70,116,0.12
70,117,0.16
70,118,0.48
70,119,0.08
70,120,0.16
70,121,0.08
70,122,0.2
70,123,0.2
70,124,0.16
70,125,0.08
70,126,0.04
70,127,0.2
70,128,0.04
70,129,0.08
70,130,0.04
70,131,0.04
70,132,0.16
70,133,0.08
70,134,0.04
70,135,0.12
70,136,0.48
70,137,0.12
70,138,0.12
70,139,0.12
70,140,0.08
70,141,0.08
70,142,0.16
70,143,0.12
70,144,0.08
70,145,0.16
70,146,0.12
70,147,0.16
70,148,0.08
70,149,0.08
70,150,0.24
70,151,0.12
70,152,0.08
70,153,0.08
70,154,0.08
70,155,0.16
70,156,0.04
70,157,0.04
70,158,0.12
70,159,0.12
70,160,0.04
70,161,0.04
70,162,0.04
70,163,0.16
70,164,0.04
70,165,0.16
70,166,0.08
70,167,0.08
70,168,0.24
70,169,0.08
70,170,0.08
70,171,0.12
70,172,0.24
70,173,0.08
70,174,0.12
70,175,0.12
70,176,0.04
70,177,0.04
70,178,0.04
70,179,0.08
70,180,0.12
70,181,0.08
70,182,0.08
70,183,0.08
70,184,0.08
70,185,0.2
70,186,0.08
70,187,0.08
70,188,0.04
70,189,0.16
70,190,0.2
70,191,0.16
70,192,0.08
70,193,0.16
70,194,0.08
70,195,0.12
70,196,0.08
70,197,0.08
70,198,0.08
70,199,0.04
70,200,0.04
70,201,0.04
70,202,0.08
70,203,0.08
70,204,0.12
70,205,0.04
70,206,0.16
70,207,0.08
70,208,0.24
70,209,0.04
70,210,0.12
70,211,0.04
70,212,0.08
70,213,0.12
70,214,0.08
70,215,0.12
70,216,0.08
70,217,0.04
70,218,0.12
70,219,0.08
70,220,0.12
70,221,0.04
70,222,0.08
70,223,0.08
70,224,0.08
70,225,0.04
70,226,0.12
70,227,0.08
70,228,0.08
70,229,0.16
70,230,0.12
70,231,0.08
70,232,0.12
70,233,0.08
70,234,0.04
70,235,0
70,236,0
71,1,0.12
71,2,0.2
71,3,0.08
71,4,0.04
71,5,0.08
71,6,0.04
71,7,0.16
71,8,0.12
71,9,0.12
71,10,0.04
71,11,0.08
71,12,0.04
71,13,0.12
71,14,0.04
71,15,0.08
71,16,0.08
71,17,0.16
71,18,0.24
71,19,0.16
71,20,0.12
71,21,0.16
71,22,0.12
71,23,0.16
71,24,0.08
71,25,0.08
71,26,0.04
71,27,0.12
71,28,0.08
71,29,0.04
71,30,0.08
71,31,0.04
71,32,0.08
71,33,0.16
71,34,0.08
71,35,0.16
71,36,0.08
71,37,0.04
71,38,0.08
71,39,0
71,40,0
71,41,0
71,42,0.04
71,43,0
71,44,0
71,45,0
71,46,0
71,47,0.12
71,48,0.04
71,49,0.08
71,50,0.08
71,51,0.08
71,52,0.08
71,53,0.2
71,54,0.24
71,55,0.04
71,56,0.08
71,57,0.08
71,58,0.16
71,59,0.04
71,60,0.16
71,61,0
71,62,0.08
71,63,0.04
71,64,0.04
71,65,0.12
71,66,0.16
71,67,0.04
71,68,0.04
71,69,0.08
71,70,0.12
71,71,0.08
71,72,0.08
71,73,0.08
71,74,0.16
71,75,0.16
71,76,0.04
71,77,0.08
71,78,0.04
71,79,0.08
71,80,0.04
71,81,0.08
71,82,0.16
71,83,0.04
71,84,0.08
71,85,0.08
71,86,0.08
71,87,0.24
71,88,0.12
71,89,0.04
71,90,0.12
71,91,0.04
71,92,0.2
71,93,0.24
71,94,0.12
71,95,0.24
71,96,0.04
71,97,0.08
71,98,0.16
71,99,0.08
71,100,0.12
71,101,0.08
71,102,0.12
71,103,0.12
71,104,0.12
71,105,0.04
71,106,0.04
71,107,0.08
71,108,0.08
71,109,0.12
71,110,0.08
71,111,0.04
71,112,0.08
71,113,0.48
71,114,0.48
71,115,0.04
71,116,0.08
71,117,0.04
71,118,0.48
71,119,0.08
71,120,0.12
71,121,0.04
71,122,0.2
71,123,0.24
71,124,0.08
71,125,0.16
71,126,0.12
71,127,0.24
71,128,0.08
71,129,0.04
71,130,0.04
71,131,0.04
71,132,0.08
71,133,0.08
71,134,0.04
71,135,0.2
71,136,0.48
71,137,0.16
71,138,0.12
71,139,0.12
71,140,0.08
71,141,0.08
71,142,0.12
71,143,0.04
71,144,0.04
71,145,0.16
71,146,0.08
71,147,0.04
71,148,0.08
71,149,0.04
71,150,0.08
71,151,0.24
71,152,0.08
71,153,0.08
71,154,0.16
71,155,0.24
71,156,0.04
71,157,0.08
71,158,0.12
71,159,0.04
71,160,0.12
71,161,0.08
71,162,0.08
71,163,0.2
71,164,0.12
71,165,0.2
71,166,0.04
71,167,0.04
71,168,0.16
71,169,0.12
71,170,0.12
71,171,0.12
71,172,0.12
71,173,0.04
71,174,0.12
71,175,0.16
71,176,0.04
71,177,0.08
71,178,0.08
71,179,0.08
71,180,0.08
71,181,0.08
71,182,0.24
71,183,0.08
71,184,0.08
71,185,0.24
71,186,0.24
71,187,0.08
71,188,0.08
71,189,0.08
71,190,0.12
71,191,0.04
71,192,0.24
71,193,0.12
71,194,0.08
71,195,0.04
71,196,0.08
71,197,0.08
71,198,0.04
71,199,0.12
71,200,0.12
71,201,0.04
71,202,0.12
71,203,0.04
71,204,0.16
71,205,0.04
71,206,0.12
71,207,0.08
71,208,0.12
71,209,0.08
71,210,0.12
71,211,0.04
71,212,0.04
71,213,0.08
71,214,0.12
71,215,0.08
71,216,0.08
71,217,0.12
71,218,0.04
71,219,0.04
71,220,0.12
71,221,0.04
71,222,0.08
71,223,0.16
71,224,0.08
71,225,0.12
71,226,0.2
71,227,0.12
71,228,0.08
71,229,0.12
71,230,0.08
71,231,0.04
71,232,0.08
71,233,0.08
71,234,0.08
71,235,0
71,236,0
72,1,0.2
72,2,0.08
72,3,0.12
72,4,0.08
72,5,0.16
72,6,0.08
72,7,0.08
72,8,0.08
72,9,0.04
72,10,0.04
72,11,0.08
72,12,0.12
72,13,0.12
72,14,0.04
72,15,0.2
72,16,0.12
72,17,0.12
72,18,0.12
72,19,0.16
72,20,0.04
72,21,0.16
72,22,0.08
72,23,0.2
72,24,0.08
72,25,0.08
72,26,0.04
72,27,0.16
72,28,0.12
72,29,0.04
72,30,0.04
72,31,0.12
72,32,0.12
72,33,0.12
72,34,0.16
72,35,0.16
72,36,0.24
72,37,0.04
72,38,0.04
72,39,0
72,40,0
72,41,0
72,42,0.04
72,43,0
72,44,0
72,45,0
72,46,0
72,47,0.08
72,48,0.04
72,49,0.04
72,50,0.12
72,51,0.08
72,52,0.08
72,53,0.12
72,54,0.08
72,55,0.08
72,56,0.08
72,57,0.08
72,58,0.16
72,59,0.04
72,60,0.04
72,61,0
72,62,0.16
72,63,0.04
72,64,0.04
72,65,0.04
72,66,0.16
72,67,0.04
72,68,0.08
72,69,0.08
72,70,0.04
72,71,0.2
72,72,0.08
72,73,0.04
72,74,0.08
72,75,0.12
72,76,0.04
72,77,0.08
72,78,0.04
72,79,0.28
72,80,0.08
72,81,0.08
72,82,0.12
72,83,0.08
72,84,0.08
72,85,0.04
72,86,0.08
72,87,0.08
72,88,0.24
72,89,0.08
72,90,0.08
72,91,0.08
72,92,0.24
72,93,0.08
72,94,0.12
72,95,0.2
72,96,0.08
72,97,0.08
72,98,0.08
72,99,0.12
72,100,0.12
72,101,0.08
72,102,0.12
72,103,0.12
72,104,0.04
72,105,0.04
72,106,0.16
72,107,0.12
72,108,0.08
72,109,0.08
72,110,0.04
72,111,0.08
72,112,0.08
72,113,0.52
72,114,0.52
72,115,0.08
72,116,0.04
72,117,0.04
72,118,0.52
72,119,0.04
72,120,0.04
72,121,0.08
72,122,0.12
72,123,0.16
72,124,0.12
72,125,0.04
72,126,0.08
72,127,0.2
72,128,0.08
72,129,0.04
72,130,0.08
72,131,0.08
72,132,0.16
72,133,0.16
72,134,0.08
72,135,0.12
72,136,0.52
72,137,0.16
72,138,0.04
72,139,0.08
72,140,0.04
72,141,0.04
72,142,0.08
72,143,0.08
72,144,0.12
72,145,0.08
72,146,0.08
72,147,0.12
72,148,0.08
72,149,0.12
72,150,0.08
72,151,0.12
72,152,0.08
72,153,0.08
72,154,0.16
72,155,0.12
72,156,0.04
72,157,0.08
72,158,0.04
72,159,0.04
72,160,0.12
72,161,0.08
72,162,0.08
72,163,0.08
72,164,0.04
72,165,0.12
72,166,0.04
72,167,0.04
72,168,0.08
72,169,0.08
72,170,0.08
72,171,0.08
72,172,0.16
72,173,0.08
72,174,0.24
72,175,0.08
72,176,0.08
72,177,0.08
72,178,0.08
72,179,0.24
72,180,0.12
72,181,0.12
72,182,0.24
72,183,0.08
72,184,0.08
72,185,0.12
72,186,0.16
72,187,0.08
72,188,0.04
72,189,0.08
72,190,0.08
72,191,0.04
72,192,0.2
72,193,0.04
72,194,0.08
72,195,0.12
72,196,0.04
72,197,0.08
72,198,0.04
72,199,0.12
72,200,0.04
72,201,0.04
72,202,0.04
72,203,0.04
72,204,0.16
72,205,0.04
72,206,0.12
72,207,0.16
72,208,0.12
72,209,0.04
72,210,0.08
72,211,0.08
72,212,0.08
72,213,0.08
72,214,0.04
72,215,0.04
72,216,0.04
72,217,0.04
72,218,0.08
72,219,0.08
72,220,0.08
72,221,0.08
72,222,0.08
72,223,0.12
72,224,0.08
72,225,0.08
72,226,0.12
72,227,0.04
72,228,0.08
72,229,0.04
72,230,0.08
72,231,0.08
72,232,0.08
72,233,0.04
72,234,0.08
72,235,0
72,236,0
73,1,0.16
73,2,0.08
73,3,0.04
73,4,0.04
73,5,0.08
73,6,0.04
73,7,0.16
73,8,0.12
73,9,0.04
73,10,0.04
73,11,0.04
73,12,0.08
73,13,0.12
73,14,0.08
73,15,0.08
73,16,0.12
73,17,0.12
73,18,0.2
73,19,0.2
73,20,0.08
73,21,0.04
73,22,0.04
73,23,0.16
73,24,0.08
73,25,0.08
73,26,0.04
73,27,0.16
73,28,0.04
73,29,0.08
73,30,0.08
73,31,0.12
73,32,0.16
73,33,0.16
73,34,0.04
73,35,0.2
73,36,0.12
73,37,0.04
73,38,0.08
73,39,0
73,40,0
73,41,0
73,42,0.04
73,43,0
73,44,0
73,45,0
73,46,0
73,47,0.08
73,48,0.04
73,49,0.08
73,50,0.2
73,51,0.16
73,52,0.08
73,53,0.24
73,54,0.2
73,55,0.04
73,56,0.04
73,57,0.04
73,58,0.16
73,59,0.04
73,60,0.04
73,61,0
73,62,0.08
73,63,0.08
73,64,0.08
73,65,0.08
73,66,0.08
73,67,0.04
73,68,0.04
73,69,0.12
73,70,0.04
73,71,0.16
73,72,0.12
73,73,0.04
73,74,0.12
73,75,0.04
73,76,0.08
73,77,0.08
73,78,0.12
73,79,0.2
73,80,0.04
73,81,0.04
73,82,0.12
73,83,0.08
73,84,0.08
73,85,0.08
73,86,0.04
73,87,0.08
73,88,0.16
73,89,0.08
73,90,0.08
73,91,0.04
73,92,0.24
73,93,0.16
73,94,0.08
73,95,0.16
73,96,0.04
73,97,0.04
73,98,0.04
73,99,0.04
73,100,0.08
73,101,0.04
73,102,0.08
73,103,0.24
73,104,0.08
73,105,0.04
73,106,0.12
73,107,0.04
73,108,0.08
73,109,0.08
73,110,0.04
73,111,0.08
73,112,0.04
73,113,0.44
73,114,0.44
73,115,0.04
73,116,0.08
73,117,0.04
73,118,0.44
73,119,0.08
73,120,0.12
73,121,0.08
73,122,0.16
73,123,0.2
73,124,0.08
73,125,0.08
73,126,0.08
73,127,0.12
73,128,0.08
73,129,0.08
73,130,0.08
73,131,0.04
73,132,0.12
73,133,0.16
73,134,0.04
73,135,0.12
73,136,0.44
73,137,0.08
73,138,0.04
73,139,0.08
73,140,0.08
73,141,0.16
73,142,0.12
73,143,0.08
73,144,0.12
73,145,0.04
73,146,0.04
73,147,0.12
73,148,0.12
73,149,0.12
73,150,0.08
73,151,0.08
73,152,0.04
73,153,0.04
73,154,0.12
73,155,0.24
73,156,0.04
73,157,0.08
73,158,0.04
73,159,0.08
73,160,0.04
73,161,0.08
73,162,0.04
73,163,0.08
73,164,0.08
73,165,0.08
73,166,0.08
73,167,0.04
73,168,0.08
73,169,0.12
73,170,0.04
73,171,0.08
73,172,0.12
73,173,0.04
73,174,0.16
73,175,0.08
73,176,0.08
73,177,0.04
73,178,0.04
73,179,0.12
73,180,0.08
73,181,0.12
73,182,0.2
73,183,0.04
73,184,0.04
73,185,0.16
73,186,0.04
73,187,0.04
73,188,0.08
73,189,0.2
73,190,0.08
73,191,0.04
73,192,0.16
73,193,0.12
73,194,0.04
73,195,0.12
73,196,0.04
73,197,0.08
73,198,0.04
73,199,0.08
73,200,0.04
73,201,0.04
73,202,0.08
73,203,0.04
73,204,0.08
73,205,0.04
73,206,0.12
73,207,0.08
73,208,0.08
73,209,0.08
73,210,0.08
73,211,0.08
73,212,0.04
73,213,0.08
73,214,0.04
73,215,0.08
73,216,0.08
73,217,0.04
73,218,0.08
73,219,0.08
73,220,0.08
73,221,0.04
73,222,0.04
73,223,0.16
73,224,0.16
73,225,0.12
73,226,0.2
73,227,0.08
73,228,0.08
73,229,0.12
73,230,0.16
73,231,0.04
73,232,0.08
73,233,0.04
73,234,0.04
73,235,0
73,236,0
74,1,0.12
74,2,0.12
74,3,0.08
74,4,0.04
74,5,0.08
74,6,0.04
74,7,0.2
74,8,0.08
74,9,0.08
74,10,0.04
74,11,0.04
74,12,0.08
74,13,0.04
74,14,0.08
74,15,0.08
74,16,0.12
74,17,0.16
74,18,0.12
74,19,0.24
74,20,0.08
74,21,0.08
74,22,0.08
74,23,0.08
74,24,0.04
74,25,0.04
74,26,0.04
74,27,0.08
74,28,0.12
74,29,0.04
74,30,0.04
74,31,0.16
74,32,0.16
74,33,0.2
74,34,0.08
74,35,0.08
74,36,0.12
74,37,0.04
74,38,0.04
74,39,0
74,40,0
74,41,0
74,42,0.08
74,43,0
74,44,0
74,45,0
74,46,0
74,47,0.04
74,48,0.04
74,49,0.04
74,50,0.2
74,51,0.16
74,52,0.04
74,53,0.08
74,54,0.08
74,55,0.08
74,56,0.04
74,57,0.04
74,58,0.08
74,59,0.08
74,60,0.04
74,61,0
74,62,0.04
74,63,0.08
74,64,0.08
74,65,0.04
74,66,0.12
74,67,0.04
74,68,0.04
74,69,0.04
74,70,0.04
74,71,0.12
74,72,0.04
74,73,0.08
74,74,0.04
74,75,0.08
74,76,0.08
74,77,0.08
74,78,0.12
74,79,0.08
74,80,0.08
74,81,0.04
74,82,0.16
74,83,0.08
74,84,0.08
74,85,0.08
74,86,0.04
74,87,0.12
74,88,0.12
74,89,0.04
74,90,0.08
74,91,0.08
74,92,0.16
74,93,0.12
74,94,0.16
74,95,0.04
74,96,0.08
74,97,0.08
74,98,0.12
74,99,0.12
74,100,0.12
74,101,0.04
74,102,0.12
74,103,0.2
74,104,0.08
74,105,0.04
74,106,0.12
74,107,0.04
74,108,0.08
74,109,0.08
74,110,0.08
74,111,0.04
74,112,0.08
74,113,0.44
74,114,0.44
74,115,0.08
74,116,0.08
74,117,0.08
74,118,0.44
74,119,0.08
74,120,0.04
74,121,0.04
74,122,0.2
74,123,0.16
74,124,0.16
74,125,0.12
74,126,0.08
74,127,0.24
74,128,0.08
74,129,0.04
74,130,0.08
74,131,0.04
74,132,0.04
74,133,0.12
74,134,0.04
74,135,0.2
74,136,0.44
74,137,0.12
74,138,0.08
74,139,0.12
74,140,0.04
74,141,0.08
74,142,0.04
74,143,0.04
74,144,0.04
74,145,0.04
74,146,0.04
74,147,0.08
74,148,0.08
74,149,0.08
74,150,0.08
74,151,0.04
74,152,0.08
74,153,0.04
74,154,0.08
74,155,0.12
74,156,0.04
74,157,0.08
74,158,0.08
74,159,0.08
74,160,0.04
74,161,0.04
74,162,0.08
74,163,0.16
74,164,0.04
74,165,0.16
74,166,0.04
74,167,0.16
74,168,0.08
74,169,0.08
74,170,0.08
74,171,0.04
74,172,0.12
74,173,0.04
74,174,0.2
74,175,0.08
74,176,0.08
74,177,0.08
74,178,0.04
74,179,0.12
74,180,0.04
74,181,0.12
74,182,0.12
74,183,0.08
74,184,0.04
74,185,0.2
74,186,0.08
74,187,0.04
74,188,0.04
74,189,0.16
74,190,0.2
74,191,0.08
74,192,0.08
74,193,0.12
74,194,0.04
74,195,0.04
74,196,0.04
74,197,0.12
74,198,0.04
74,199,0.08
74,200,0.04
74,201,0.04
74,202,0.08
74,203,0.04
74,204,0.08
74,205,0.08
74,206,0.08
74,207,0.04
74,208,0.08
74,209,0.08
74,210,0.08
74,211,0.04
74,212,0.08
74,213,0.08
74,214,0.08
74,215,0.08
74,216,0.04
74,217,0.08
74,218,0.08
74,219,0.04
74,220,0.04
74,221,0.04
74,222,0.04
74,223,0.04
74,224,0.08
74,225,0.12
74,226,0.08
74,227,0.08
74,228,0.16
74,229,0.08
74,230,0.04
74,231,0.04
74,232,0.08
74,233,0.04
74,234,0.04
74,235,0
74,236,0
75,1,0.12
75,2,0.12
75,3,0.08
75,4,0.04
75,5,0.16
75,6,0.04
75,7,0.16
75,8,0.12
75,9,0.04
75,10,0.08
75,11,0.04
75,12,0.12
75,13,0.12
75,14,0.08
75,15,0.12
75,16,0.12
75,17,0.12
75,18,0.12
75,19,0.08
75,20,0.04
75,21,0.04
75,22,0.12
75,23,0.2
75,24,0.08
75,25,0.08
75,26,0
75,27,0.2
75,28,0.08
75,29,0.08
75,30,0.04
75,31,0.08
75,32,0.08
75,33,0.12
75,34,0.12
75,35,0.08
75,36,0.12
75,37,0.04
75,38,0.04
75,39,0
75,40,0
75,41,0
75,42,0.04
75,43,0
75,44,0
75,45,0
75,46,0
75,47,0.08
75,48,0.08
75,49,0.04
75,50,0.08
75,51,0.16
75,52,0.04
75,53,0.16
75,54,0.04
75,55,0.04
75,56,0.08
75,57,0
75,58,0.04
75,59,0.08
75,60,0.08
75,61,0
75,62,0.08
75,63,0.08
75,64,0
75,65,0.04
75,66,0.08
75,67,0.04
75,68,0.04
75,69,0.04
75,70,0.04
75,71,0.2
75,72,0.08
75,73,0.08
75,74,0.04
75,75,0.12
75,76,0.08
75,77,0.04
75,78,0.04
75,79,0.16
75,80,0.08
75,81,0.04
75,82,0.04
75,83,0.04
75,84,0.04
75,85,0.04
75,86,0.08
75,87,0.08
75,88,0.2
75,89,0.08
75,90,0.08
75,91,0.08
75,92,0.16
75,93,0.08
75,94,0.12
75,95,0.08
75,96,0.08
75,97,0.04
75,98,0.08
75,99,0.08
75,100,0.08
75,101,0.08
75,102,0.08
75,103,0.08
75,104,0.04
75,105,0.08
75,106,0.12
75,107,0.04
75,108,0.04
75,109,0.12
75,110,0.08
75,111,0
75,112,0.08
75,113,0.4
75,114,0.4
75,115,0.04
75,116,0.04
75,117,0.08
75,118,0.4
75,119,0.04
75,120,0.04
75,121,0.04
75,122,0.12
75,123,0.04
75,124,0.12
75,125,0.08
75,126,0.08
75,127,0.16
75,128,0.04
75,129,0.04
75,130,0.04
75,131,0.08
75,132,0.04
75,133,0.12
75,134,0.04
75,135,0.12
75,136,0.4
75,137,0.2
75,138,0.04
75,139,0.12
75,140,0.08
75,141,0.12
75,142,0.12
75,143,0.12
75,144,0.08
75,145,0.12
75,146,0.04
75,147,0.08
75,148,0.08
75,149,0.12
75,150,0.16
75,151,0.2
75,152,0.04
75,153,0.04
75,154,0.04
75,155,0.12
75,156,0.04
75,157,0.08
75,158,0.08
75,159,0.08
75,160,0.04
75,161,0.04
75,162,0.04
75,163,0.16
75,164,0.04
75,165,0.12
75,166,0.04
75,167,0.04
75,168,0.2
75,169,0.04
75,170,0.08
75,171,0.04
75,172,0.08
75,173,0.08
75,174,0.16
75,175,0.12
75,176,0.04
75,177,0.04
75,178,0
75,179,0.16
75,180,0.08
75,181,0.12
75,182,0.16
75,183,0.04
75,184,0.04
75,185,0.08
75,186,0.16
75,187,0.04
75,188,0.04
75,189,0.16
75,190,0.2
75,191,0.08
75,192,0.08
75,193,0.04
75,194,0.04
75,195,0.04
75,196,0.08
75,197,0.04
75,198,0.08
75,199,0.04
75,200,0.04
75,201,0.04
75,202,0.08
75,203,0.08
75,204,0.04
75,205,0.04
75,206,0.12
75,207,0.12
75,208,0.04
75,209,0.04
75,210,0.04
75,211,0.04
75,212,0.04
75,213,0.04
75,214,0.08
75,215,0.08
75,216,0.04
75,217,0.08
75,218,0.08
75,219,0.04
75,220,0.08
75,221,0.04
75,222,0.04
75,223,0.08
75,224,0.12
75,225,0.08
75,226,0.12
75,227,0.08
75,228,0.12
75,229,0.04
75,230,0.04
75,231,0.08
75,232,0.04
75,233,0.04
75,234,0.04
75,235,0
75,236,0
76,1,0.08
76,2,0.08
76,3,0.04
76,4,0.04
76,5,0.12
76,6,0.04
76,7,0.2
76,8,0.08
76,9,0.08
76,10,0.08
76,11,0.08
76,12,0.08
76,13,0.04
76,14,0.04
76,15,0.12
76,16,0.04
76,17,0.16
76,18,0.12
76,19,0.12
76,20,0.04
76,21,0.08
76,22,0.04
76,23,0.16
76,24,0.04
76,25,0.04
76,26,0.04
76,27,0.12
76,28,0.04
76,29,0.04
76,30,0.08
76,31,0.04
76,32,0.16
76,33,0.16
76,34,0.08
76,35,0.12
76,36,0.08
76,37,0.04
76,38,0.04
76,39,0
76,40,0
76,41,0
76,42,0.04
76,43,0
76,44,0
76,45,0
76,46,0
76,47,0.04
76,48,0.04
76,49,0.04
76,50,0.12
76,51,0.04
76,52,0.04
76,53,0.16
76,54,0.04
76,55,0.04
76,56,0.04
76,57,0.08
76,58,0.08
76,59,0.04
76,60,0.08
76,61,0
76,62,0.08
76,63,0.08
76,64,0.08
76,65,0.04
76,66,0.2
76,67,0.04
76,68,0.08
76,69,0.12
76,70,0.04
76,71,0.16
76,72,0.08
76,73,0.08
76,74,0.08
76,75,0.08
76,76,0.04
76,77,0.08
76,78,0.08
76,79,0.08
76,80,0.08
76,81,0.04
76,82,0.12
76,83,0.08
76,84,0.04
76,85,0.04
76,86,0.04
76,87,0.12
76,88,0.16
76,89,0
76,90,0.04
76,91,0.08
76,92,0.04
76,93,0.12
76,94,0.04
76,95,0.12
76,96,0.04
76,97,0
76,98,0.04
76,99,0.08
76,100,0.08
76,101,0.08
76,102,0.04
76,103,0.08
76,104,0.04
76,105,0.04
76,106,0.12
76,107,0.04
76,108,0.08
76,109,0.08
76,110,0.08
76,111,0.04
76,112,0.04
76,113,0.36
76,114,0.36
76,115,0.04
76,116,0.04
76,117,0.08
76,118,0.36
76,119,0.04
76,120,0.12
76,121,0.04
76,122,0.16
76,123,0.12
76,124,0.16
76,125,0.04
76,126,0
76,127,0.12
76,128,0.08
76,129,0.04
76,130,0.04
76,131,0.04
76,132,0.04
76,133,0.08
76,134,0.04
76,135,0.16
76,136,0.36
76,137,0.16
76,138,0.04
76,139,0.12
76,140,0.08
76,141,0.04
76,142,0.08
76,143,0.08
76,144,0.12
76,145,0.08
76,146,0.04
76,147,0.12
76,148,0.08
76,149,0.04
76,150,0.12
76,151,0.12
76,152,0.04
76,153,0.12
76,154,0.12
76,155,0.08
76,156,0.04
76,157,0.08
76,158,0.08
76,159,0.04
76,160,0
76,161,0.04
76,162,0.08
76,163,0.2
76,164,0.08
76,165,0.2
76,166,0.04
76,167,0.08
76,168,0.08
76,169,0.04
76,170,0.04
76,171,0.08
76,172,0.16
76,173,0.04
76,174,0.08
76,175,0.04
76,176,0.04
76,177,0.04
76,178,0.04
76,179,0.08
76,180,0.08
76,181,0.08
76,182,0.12
76,183,0.08
76,184,0.08
76,185,0.2
76,186,0.04
76,187,0.04
76,188,0.04
76,189,0.12
76,190,0.16
76,191,0.12
76,192,0.16
76,193,0.04
76,194,0.04
76,195,0.08
76,196,0.04
76,197,0.04
76,198,0.04
76,199,0.08
76,200,0.04
76,201,0.04
76,202,0.12
76,203,0.08
76,204,0.04
76,205,0.08
76,206,0.12
76,207,0.04
76,208,0.16
76,209,0.04
76,210,0.04
76,211,0.04
76,212,0.04
76,213,0.04
76,214,0.04
76,215,0.04
76,216,0.04
76,217,0.04
76,218,0.04
76,219,0.04
76,220,0.04
76,221,0.04
76,222,0.04
76,223,0.08
76,224,0.04
76,225,0.04
76,226,0.08
76,227,0.04
76,228,0.12
76,229,0.12
76,230,0.12
76,231,0.04
76,232,0.04
76,233,0.04
76,234,0.08
76,235,0
76,236,0
77,1,0.16
77,2,0.2
77,3,0.04
77,4,0.08
77,5,0.16
77,6,0.08
77,7,0.12
77,8,0.04
77,9,0.08
77,10,0.04
77,11,0.08
77,12,0.04
77,13,0.08
77,14,0
77,15,0.12
77,16,0.08
77,17,0.04
77,18,0.08
77,19,0.16
77,20,0.08
77,21,0.12
77,22,0.04
77,23,0.08
77,24,0.04
77,25,0.08
77,26,0.04
77,27,0.16
77,28,0.08
77,29,0.04
77,30,0.08
77,31,0.16
77,32,0.08
77,33,0.08
77,34,0.08
77,35,0.16
77,36,0.12
77,37,0.08
77,38,0.04
77,39,0
77,40,0
77,41,0
77,42,0.08
77,43,0
77,44,0
77,45,0
77,46,0
77,47,0.08
77,48,0.04
77,49,0.04
77,50,0.16
77,51,0.12
77,52,0.04
77,53,0.16
77,54,0.16
77,55,0.04
77,56,0.08
77,57,0.04
77,58,0.08
77,59,0.04
77,60,0.12
77,61,0
77,62,0.08
77,63,0
77,64,0.08
77,65,0.04
77,66,0.08
77,67,0.04
77,68,0.08
77,69,0.04
77,70,0.04
77,71,0.08
77,72,0.04
77,73,0.04
77,74,0.08
77,75,0.12
77,76,0.04
77,77,0.04
77,78,0.04
77,79,0.12
77,80,0.04
77,81,0.08
77,82,0.04
77,83,0.04
77,84,0.04
77,85,0
77,86,0
77,87,0.2
77,88,0.12
77,89,0.08
77,90,0.04
77,91,0.04
77,92,0.08
77,93,0.04
77,94,0.08
77,95,0.12
77,96,0.04
77,97,0
77,98,0.04
77,99,0.04
77,100,0.08
77,101,0.04
77,102,0.04
77,103,0.16
77,104,0.08
77,105,0.04
77,106,0.08
77,107,0.04
77,108,0.04
77,109,0.08
77,110,0.04
77,111,0.08
77,112,0.04
77,113,0.32
77,114,0.32
77,115,0.04
77,116,0.04
77,117,0.04
77,118,0.32
77,119,0.08
77,120,0.08
77,121,0
77,122,0.12
77,123,0.12
77,124,0.04
77,125,0.04
77,126,0.04
77,127,0.08
77,128,0.08
77,129,0.04
77,130,0.04
77,131,0
77,132,0.04
77,133,0.08
77,134,0.04
77,135,0.12
77,136,0.32
77,137,0.12
77,138,0.04
77,139,0.08
77,140,0.04
77,141,0.08
77,142,0.08
77,143,0.08
77,144,0.08
77,145,0.04
77,146,0.08
77,147,0.08
77,148,0.12
77,149,0.08
77,150,0.12
77,151,0.16
77,152,0.08
77,153,0.08
77,154,0.08
77,155,0.16
77,156,0.04
77,157,0.04
77,158,0.04
77,159,0
77,160,0.04
77,161,0.08
77,162,0.04
77,163,0.08
77,164,0.04
77,165,0.08
77,166,0.04
77,167,0.08
77,168,0.12
77,169,0.08
77,170,0.04
77,171,0.08
77,172,0.16
77,173,0.04
77,174,0.04
77,175,0.08
77,176,0
77,177,0
77,178,0.08
77,179,0.12
77,180,0.12
77,181,0.04
77,182,0.16
77,183,0.04
77,184,0.08
77,185,0.16
77,186,0.04
77,187,0.04
77,188,0.04
77,189,0.08
77,190,0.04
77,191,0.08
77,192,0.16
77,193,0.08
77,194,0.04
77,195,0.04
77,196,0.04
77,197,0.04
77,198,0.04
77,199,0.04
77,200,0.04
77,201,0.08
77,202,0.04
77,203,0.08
77,204,0.08
77,205,0.04
77,206,0.08
77,207,0.08
77,208,0.12
77,209,0.08
77,210,0.04
77,211,0.04
77,212,0.04
77,213,0.08
77,214,0.08
77,215,0.08
77,216,0.04
77,217,0.04
77,218,0.04
77,219,0.04
77,220,0.04
77,221,0.08
77,222,0.04
77,223,0.08
77,224,0.12
77,225,0.08
77,226,0.08
77,227,0.08
77,228,0.16
77,229,0.04
77,230,0.08
77,231,0.04
77,232,0.08
77,233,0.08
77,234,0.04
77,235,0
77,236,0
78,1,0.12
78,2,0.08
78,3,0.04
78,4,0.04
78,5,0.16
78,6,0.04
78,7,0.16
78,8,0.04
78,9,0.04
78,10,0.04
78,11,0.08
78,12,0.04
78,13,0.08
78,14,0.08
78,15,0.12
78,16,0.04
78,17,0.12
78,18,0.12
78,19,0.16
78,20,0
78,21,0.04
78,22,0.08
78,23,0.12
78,24,0.04
78,25,0.04
78,26,0.08
78,27,0.12
78,28,0.08
78,29,0.04
78,30,0.04
78,31,0.04
78,32,0.08
78,33,0.04
78,34,0.08
78,35,0.08
78,36,0.08
78,37,0.04
78,38,0.04
78,39,0
78,40,0
78,41,0
78,42,0.04
78,43,0
78,44,0
78,45,0
78,46,0
78,47,0.04
78,48,0.04
78,49,0.04
78,50,0.16
78,51,0.08
78,52,0.04
78,53,0.04
78,54,0.08
78,55,0.04
78,56,0.08
78,57,0
78,58,0.12
78,59,0.08
78,60,0.08
78,61,0
78,62,0.04
78,63,0.04
78,64,0
78,65,0.04
78,66,0.08
78,67,0.04
78,68,0.08
78,69,0.08
78,70,0.04
78,71,0.16
78,72,0.04
78,73,0.04
78,74,0.08
78,75,0.08
78,76,0.04
78,77,0.04
78,78,0.04
78,79,0.12
78,80,0.08
78,81,0.04
78,82,0.04
78,83,0.04
78,84,0
78,85,0.04
78,86,0.04
78,87,0.16
78,88,0.12
78,89,0.04
78,90,0.04
78,91,0.04
78,92,0.08
78,93,0.04
78,94,0.16
78,95,0.08
78,96,0.04
78,97,0.04
78,98,0.08
78,99,0.08
78,100,0.04
78,101,0.04
78,102,0.08
78,103,0.12
78,104,0.04
78,105,0.08
78,106,0.08
78,107,0.04
78,108,0.04
78,109,0.04
78,110,0.08
78,111,0.04
78,112,0.04
78,113,0.36
78,114,0.36
78,115,0.04
78,116,0.04
78,117,0.04
78,118,0.36
78,119,0.04
78,120,0.08
78,121,0.04
78,122,0.08
78,123,0.04
78,124,0.08
78,125,0.08
78,126,0.04
78,127,0.08
78,128,0.04
78,129,0.08
78,130,0.08
78,131,0.04
78,132,0.08
78,133,0.08
78,134,0.04
78,135,0.12
78,136,0.36
78,137,0.16
78,138,0.04
78,139,0.04
78,140,0.04
78,141,0.12
78,142,0.08
78,143,0.04
78,144,0.04
78,145,0.04
78,146,0.04
78,147,0.04
78,148,0.04
78,149,0.04
78,150,0.16
78,151,0.08
78,152,0
78,153,0.08
78,154,0.08
78,155,0.12
78,156,0.08
78,157,0.04
78,158,0.04
78,159,0.04
78,160,0.04
78,161,0
78,162,0.04
78,163,0.08
78,164,0.04
78,165,0.12
78,166,0.04
78,167,0.04
78,168,0.16
78,169,0.04
78,170,0.08
78,171,0.04
78,172,0.16
78,173,0.04
78,174,0.12
78,175,0.04
78,176,0.04
78,177,0.08
78,178,0.08
78,179,0.08
78,180,0.04
78,181,0.04
78,182,0.16
78,183,0.04
78,184,0.04
78,185,0.08
78,186,0.12
78,187,0.08
78,188,0.04
78,189,0.04
78,190,0.08
78,191,0.08
78,192,0.2
78,193,0.04
78,194,0.08
78,195,0.08
78,196,0.04
78,197,0.08
78,198,0.04
78,199,0.04
78,200,0.04
78,201,0.04
78,202,0.08
78,203,0
78,204,0.04
78,205,0.08
78,206,0.08
78,207,0.04
78,208,0.08
78,209,0.04
78,210,0.04
78,211,0.04
78,212,0
78,213,0.04
78,214,0.04
78,215,0
78,216,0.04
78,217,0.08
78,218,0.04
78,219,0.04
78,220,0.08
78,221,0.04
78,222,0.04
78,223,0.08
78,224,0.04
78,225,0.04
78,226,0.04
78,227,0.04
78,228,0.12
78,229,0.08
78,230,0.04
78,231,0.08
78,232,0.04
78,233,0.04
78,234,0.08
78,235,0
78,236,0
79,1,0.08
79,2,0.12
79,3,0.04
79,4,0.04
79,5,0.12
79,6,0.04
79,7,0.04
79,8,0.04
79,9,0.04
79,10,0.08
79,11,0.04
79,12,0.04
79,13,0.04
79,14,0.04
79,15,0.12
79,16,0.04
79,17,0.08
79,18,0.08
79,19,0.16
79,20,0.04
79,21,0.04
79,22,0.04
79,23,0.12
79,24,0.04
79,25,0.04
79,26,0.04
79,27,0.12
79,28,0.04
79,29,0.04
79,30,0.04
79,31,0.12
79,32,0.16
79,33,0.08
79,34,0.08
79,35,0.04
79,36,0.12
79,37,0.04
79,38,0.04
79,39,0
79,40,0
79,41,0
79,42,0.04
79,43,0
79,44,0
79,45,0
79,46,0
79,47,0.04
79,48,0.04
79,49,0.04
79,50,0.08
79,51,0.08
79,52,0.04
79,53,0.08
79,54,0.16
79,55,0.04
79,56,0.08
79,57,0.04
79,58,0.08
79,59,0.04
79,60,0.08
79,61,0
79,62,0.08
79,63,0.04
79,64,0.04
79,65,0.04
79,66,0.04
79,67,0.04
79,68,0.04
79,69,0.04
79,70,0
79,71,0.08
79,72,0.08
79,73,0.08
79,74,0.08
79,75,0.04
79,76,0.04
79,77,0.04
79,78,0.08
79,79,0.04
79,80,0.04
79,81,0.04
79,82,0.08
79,83,0.04
79,84,0.04
79,85,0.04
79,86,0.04
79,87,0.12
79,88,0.12
79,89,0.04
79,90,0.04
79,91,0.04
79,92,0.16
79,93,0.16
79,94,0.08
79,95,0.04
79,96,0.04
79,97,0.04
79,98,0.04
79,99,0.08
79,100,0.08
79,101,0.04
79,102,0.04
79,103,0.08
79,104,0.04
79,105,0.04
79,106,0.08
79,107,0.04
79,108,0.04
79,109,0.04
79,110,0.04
79,111,0.04
79,112,0.04
79,113,0.32
79,114,0.32
79,115,0.04
79,116,0.04
79,117,0.04
79,118,0.32
79,119,0.04
79,120,0.08
79,121,0.04
79,122,0.12
79,123,0.16
79,124,0.12
79,125,0.04
79,126,0.04
79,127,0.04
79,128,0.04
79,129,0.04
79,130,0
79,131,0
79,132,0.04
79,133,0.08
79,134,0.04
79,135,0.08
79,136,0.32
79,137,0.08
79,138,0.04
79,139,0.08
79,140,0.04
79,141,0.04
79,142,0.08
79,143,0.08
79,144,0.08
79,145,0.08
79,146,0.08
79,147,0.04
79,148,0.08
79,149,0.08
79,150,0.12
79,151,0.16
79,152,0
79,153,0.04
79,154,0.04
79,155,0.04
79,156,0.04
79,157,0.04
79,158,0.04
79,159,0.04
79,160,0.04
79,161,0.04
79,162,0.04
79,163,0.12
79,164,0.04
79,165,0.08
79,166,0.04
79,167,0.04
79,168,0.12
79,169,0.08
79,170,0.04
79,171,0.04
79,172,0.04
79,173,0.04
79,174,0.12
79,175,0.04
79,176,0
79,177,0.04
79,178,0.04
79,179,0.04
79,180,0.04
79,181,0.08
79,182,0.08
79,183,0.04
79,184,0.04
79,185,0.16
79,186,0.16
79,187,0.04
79,188,0.04
79,189,0.04
79,190,0.04
79,191,0.08
79,192,0.08
79,193,0.08
79,194,0.04
79,195,0.04
79,196,0.04
79,197,0.08
79,198,0.04
79,199,0.08
79,200,0.04
79,201,0.04
79,202,0.04
79,203,0.04
79,204,0.04
79,205,0.04
79,206,0.08
79,207,0.08
79,208,0.16
79,209,0.04
79,210,0
79,211,0.04
79,212,0.04
79,213,0.04
79,214,0.04
79,215,0.04
79,216,0.04
79,217,0.04
79,218,0.04
79,219,0.04
79,220,0.04
79,221,0.04
79,222,0.04
79,223,0.08
79,224,0.04
79,225,0.08
79,226,0.16
79,227,0.04
79,228,0.16
79,229,0.04
79,230,0.08
79,231,0.04
79,232,0.04
79,233,0.04
79,234,0.04
79,235,0
79,236,0
80,1,0.16
80,2,0.12
80,3,0.04
80,4,0.04
80,5,0.08
80,6,0.04
80,7,0.16
80,8,0.04
80,9,0
80,10,0.04
80,11,0.04
80,12,0.04
80,13,0.04
80,14,0.04
80,15,0.08
80,16,0.04
80,17,0.04
80,18,0.04
80,19,0.12
80,20,0
80,21,0.04
80,22,0.04
80,23,0.04
80,24,0.04
80,25,0.04
80,26,0.04
80,27,0.08
80,28,0.08
80,29,0.04
80,30,0.08
80,31,0.08
80,32,0.04
80,33,0.16
80,34,0.08
80,35,0.16
80,36,0.08
80,37,0
80,38,0.04
80,39,0
80,40,0
80,41,0
80,42,0.04
80,43,0
80,44,0
80,45,0
80,46,0
80,47,0.04
80,48,0.04
80,49,0.04
80,50,0.08
80,51,0.08
80,52,0.04
80,53,0.04
80,54,0.16
80,55,0.04
80,56,0.08
80,57,0.04
80,58,0.04
80,59,0.04
80,60,0.08
80,61,0
80,62,0.04
80,63,0.04
80,64,0
80,65,0
80,66,0.12
80,67,0.04
80,68,0.04
80,69,0.04
80,70,0.04
80,71,0.12
80,72,0.08
80,73,0
80,74,0.04
80,75,0.08
80,76,0.04
80,77,0.04
80,78,0.04
80,79,0.08
80,80,0.08
80,81,0.04
80,82,0.08
80,83,0.08
80,84,0.04
80,85,0.04
80,86,0.04
80,87,0.12
80,88,0.08
80,89,0.04
80,90,0.04
80,91,0
80,92,0.08
80,93,0.08
80,94,0.16
80,95,0.08
80,96,0.04
80,97,0
80,98,0.04
80,99,0.08
80,100,0.04
80,101,0.04
80,102,0.08
80,103,0.08
80,104,0
80,105,0.04
80,106,0.04
80,107,0.04
80,108,0
80,109,0.08
80,110,0.04
80,111,0.04
80,112,0
80,113,0.32
80,114,0.32
80,115,0.04
80,116,0.04
80,117,0.08
80,118,0.32
80,119,0.04
80,120,0.04
80,121,0
80,122,0.08
80,123,0.08
80,124,0.12
80,125,0.04
80,126,0.04
80,127,0.08
80,128,0.04
80,129,0.04
80,130,0.04
80,131,0
80,132,0.04
80,133,0.04
80,134,0.04
80,135,0.04
80,136,0.32
80,137,0.04
80,138,0.04
80,139,0.04
80,140,0.04
80,141,0.08
80,142,0.04
80,143,0.08
80,144,0.04
80,145,0.08
80,146,0.04
80,147,0.04
80,148,0.08
80,149,0.04
80,150,0.08
80,151,0.08
80,152,0.04
80,153,0.04
80,154,0.08
80,155,0.16
80,156,0.04
80,157,0.04
80,158,0.04
80,159,0.04
80,160,0.04
80,161,0.04
80,162,0.04
80,163,0.08
80,164,0
80,165,0.12
80,166,0
80,167,0.04
80,168,0.12
80,169,0.08
80,170,0.04
80,171,0.04
80,172,0.08
80,173,0.04
80,174,0.12
80,175,0.08
80,176,0.04
80,177,0.04
80,178,0.04
80,179,0.12
80,180,0.08
80,181,0.08
80,182,0.12
80,183,0.04
80,184,0.04
80,185,0.08
80,186,0.04
80,187,0.04
80,188,0.04
80,189,0.08
80,190,0.12
80,191,0.08
80,192,0.08
80,193,0.08
80,194,0.04
80,195,0.08
80,196,0
80,197,0.04
80,198,0.04
80,199,0.08
80,200,0.04
80,201,0.04
80,202,0.08
80,203,0.04
80,204,0.04
80,205,0.04
80,206,0.08
80,207,0.08
80,208,0.04
80,209,0
80,210,0.04
80,211,0
80,212,0.04
80,213,0.04
80,214,0.04
80,215,0.04
80,216,0.04
80,217,0.04
80,218,0.04
80,219,0.04
80,220,0.04
80,221,0.04
80,222,0.04
80,223,0.08
80,224,0.08
80,225,0.04
80,226,0.12
80,227,0
80,228,0.08
80,229,0.04
80,230,0.04
80,231,0.04
80,232,0
80,233,0
80,234,0.08
80,235,0
80,236,0
81,1,0.12
81,2,0.12
81,3,0.04
81,4,0.04
81,5,0.12
81,6,0.04
81,7,0.08
81,8,0.04
81,9,0.04
81,10,0
81,11,0.04
81,12,0.04
81,13,0.04
81,14,0.04
81,15,0.12
81,16,0.04
81,17,0.04
81,18,0.12
81,19,0.08
81,20,0.04
81,21,0.08
81,22,0.04
81,23,0.08
81,24,0.04
81,25,0.04
81,26,0.04
81,27,0.12
81,28,0.08
81,29,0.04
81,30,0.08
81,31,0.12
81,32,0.04
81,33,0.04
81,34,0.04
81,35,0.12
81,36,0.08
81,37,0.04
81,38,0.04
81,39,0
81,40,0
81,41,0
81,42,0
81,43,0
81,44,0
81,45,0
81,46,0
81,47,0.04
81,48,0
81,49,0.04
81,50,0.04
81,51,0.08
81,52,0.04
81,53,0.08
81,54,0.12
81,55,0.04
81,56,0.08
81,57,0.04
81,58,0
81,59,0
81,60,0.08
81,61,0
81,62,0.04
81,63,0
81,64,0.04
81,65,0.04
81,66,0.12
81,67,0.04
81,68,0.04
81,69,0.08
81,70,0
81,71,0.16
81,72,0.04
81,73,0.04
81,74,0.04
81,75,0.08
81,76,0.04
81,77,0.04
81,78,0.04
81,79,0.04
81,80,0.04
81,81,0.04
81,82,0.04
81,83,0.04
81,84,0.04
81,85,0.04
81,86,0.04
81,87,0.08
81,88,0.08
81,89,0.04
81,90,0.04
81,91,0.04
81,92,0.08
81,93,0.12
81,94,0.04
81,95,0.04
81,96,0.04
81,97,0.04
81,98,0.04
81,99,0.04
81,100,0.04
81,101,0.04
81,102,0.04
81,103,0.08
81,104,0
81,105,0.04
81,106,0.04
81,107,0.04
81,108,0.04
81,109,0.08
81,110,0.04
81,111,0.04
81,112,0.04
81,113,0.24
81,114,0.24
81,115,0.04
81,116,0.04
81,117,0.08
81,118,0.24
81,119,0
81,120,0.04
81,121,0
81,122,0.12
81,123,0.12
81,124,0.04
81,125,0.08
81,126,0
81,127,0.04
81,128,0
81,129,0.04
81,130,0
81,131,0.04
81,132,0.04
81,133,0.04
81,134,0
81,135,0.12
81,136,0.24
81,137,0.12
81,138,0.04
81,139,0.04
81,140,0.04
81,141,0.08
81,142,0.04
81,143,0.04
81,144,0.08
81,145,0.04
81,146,0.04
81,147,0.04
81,148,0.04
81,149,0.04
81,150,0.08
81,151,0.12
81,152,0.04
81,153,0.04
81,154,0.04
81,155,0.12
81,156,0.04
81,157,0.04
81,158,0
81,159,0.04
81,160,0.04
81,161,0.04
81,162,0.04
81,163,0.08
81,164,0.04
81,165,0.12
81,166,0.04
81,167,0.04
81,168,0.04
81,169,0
81,170,0.04
81,171,0.04
81,172,0.08
81,173,0.04
81,174,0.12
81,175,0.08
81,176,0.04
81,177,0.04
81,178,0
81,179,0.12
81,180,0.04
81,181,0
81,182,0.16
81,183,0.04
81,184,0
81,185,0.04
81,186,0.12
81,187,0.04
81,188,0.04
81,189,0.16
81,190,0.08
81,191,0.04
81,192,0.04
81,193,0.04
81,194,0.04
81,195,0.04
81,196,0.04
81,197,0.08
81,198,0.04
81,199,0.08
81,200,0.04
81,201,0.04
81,202,0.08
81,203,0.04
81,204,0.04
81,205,0.04
81,206,0.04
81,207,0.08
81,208,0.04
81,209,0.04
81,210,0.04
81,211,0.04
81,212,0.04
81,213,0
81,214,0.04
81,215,0.04
81,216,0.04
81,217,0.04
81,218,0.04
81,219,0.04
81,220,0.04
81,221,0.04
81,222,0.04
81,223,0.04
81,224,0.08
81,225,0.04
81,226,0.12
81,227,0
81,228,0.12
81,229,0.04
81,230,0.08
81,231,0.04
81,232,0.04
81,233,0.04
81,234,0.04
81,235,0
81,236,0
82,1,0.04
82,2,0.12
82,3,0.04
82,4,0.04
82,5,0.12
82,6,0.04
82,7,0.04
82,8,0.04
82,9,0.04
82,10,0.04
82,11,0
82,12,0.04
82,13,0.08
82,14,0.04
82,15,0.12
82,16,0.04
82,17,0.08
82,18,0.12
82,19,0.12
82,20,0
82,21,0.04
82,22,0.04
82,23,0.08
82,24,0.04
82,25,0.04
82,26,0
82,27,0.04
82,28,0.04
82,29,0.04
82,30,0.04
82,31,0.12
82,32,0.08
82,33,0.08
82,34,0.04
82,35,0.04
82,36,0.04
82,37,0.04
82,38,0.04
82,39,0
82,40,0
82,41,0
82,42,0.04
82,43,0
82,44,0
82,45,0
82,46,0
82,47,0.04
82,48,0.04
82,49,0.04
82,50,0.12
82,51,0.08
82,52,0.04
82,53,0.08
82,54,0.04
82,55,0.04
82,56,0.08
82,57,0.04
82,58,0
82,59,0.04
82,60,0.04
82,61,0
82,62,0.04
82,63,0.04
82,64,0.04
82,65,0.04
82,66,0.08
82,67,0.04
82,68,0.04
82,69,0.04
82,70,0.04
82,71,0.12
82,72,0.04
82,73,0.04
82,74,0
82,75,0.04
82,76,0.04
82,77,0.04
82,78,0.04
82,79,0.12
82,80,0.04
82,81,0.04
82,82,0.08
82,83,0.04
82,84,0.04
82,85,0.04
82,86,0.04
82,87,0.04
82,88,0.12
82,89,0.04
82,90,0.04
82,91,0.04
82,92,0.12
82,93,0.08
82,94,0.04
82,95,0.04
82,96,0
82,97,0.04
82,98,0.04
82,99,0.04
82,100,0.08
82,101,0
82,102,0.04
82,103,0.08
82,104,0
82,105,0
82,106,0.04
82,107,0.04
82,108,0.04
82,109,0
82,110,0.04
82,111,0.04
82,112,0.04
82,113,0.24
82,114,0.24
82,115,0.04
82,116,0
82,117,0.04
82,118,0.24
82,119,0
82,120,0.04
82,121,0.04
82,122,0.12
82,123,0.04
82,124,0.12
82,125,0.08
82,126,0.04
82,127,0.08
82,128,0.04
82,129,0
82,130,0
82,131,0
82,132,0.04
82,133,0.08
82,134,0.04
82,135,0.08
82,136,0.24
82,137,0.12
82,138,0.04
82,139,0.04
82,140,0.04
82,141,0.04
82,142,0.04
82,143,0.04
82,144,0.04
82,145,0.08
82,146,0
82,147,0.04
82,148,0.04
82,149,0.04
82,150,0.08
82,151,0.08
82,152,0.04
82,153,0.08
82,154,0.04
82,155,0.08
82,156,0
82,157,0.04
82,158,0.04
82,159,0
82,160,0.04
82,161,0
82,162,0.04
82,163,0.08
82,164,0.04
82,165,0.08
82,166,0.04
82,167,0.04
82,168,0.08
82,169,0.04
82,170,0.04
82,171,0.04
82,172,0.04
82,173,0.04
82,174,0.12
82,175,0.04
82,176,0
82,177,0.04
82,178,0.04
82,179,0.08
82,180,0.04
82,181,0.04
82,182,0.12
82,183,0
82,184,0
82,185,0.08
82,186,0.08
82,187,0
82,188,0.04
82,189,0.04
82,190,0.12
82,191,0.04
82,192,0.08
82,193,0.04
82,194,0
82,195,0.04
82,196,0
82,197,0.04
82,198,0
82,199,0.04
82,200,0.04
82,201,0.04
82,202,0.08
82,203,0
82,204,0.04
82,205,0.04
82,206,0
82,207,0.04
82,208,0.12
82,209,0.04
82,210,0.04
82,211,0.04
82,212,0.04
82,213,0.04
82,214,0.04
82,215,0.04
82,216,0.04
82,217,0.04
82,218,0
82,219,0.04
82,220,0.04
82,221,0.04
82,222,0.04
82,223,0.04
82,224,0.08
82,225,0.04
82,226,0.12
82,227,0.04
82,228,0.04
82,229,0.04
82,230,0.04
82,231,0.04
82,232,0.04
82,233,0
82,234,0.04
82,235,0
82,236,0
83,1,0.12
83,2,0.04
83,3,0.04
83,4,0.04
83,5,0.12
83,6,0.04
83,7,0.08
83,8,0.04
83,9,0
83,10,0.04
83,11,0
83,12,0.04
83,13,0.04
83,14,0.04
83,15,0.04
83,16,0.04
83,17,0.04
83,18,0.08
83,19,0.08
83,20,0
83,21,0.04
83,22,0.04
83,23,0.08
83,24,0.04
83,25,0
83,26,0.04
83,27,0.04
83,28,0.08
83,29,0
83,30,0.04
83,31,0.12
83,32,0.08
83,33,0.12
83,34,0.04
83,35,0.08
83,36,0.08
83,37,0.04
83,38,0.04
83,39,0
83,40,0
83,41,0
83,42,0.04
83,43,0
83,44,0
83,45,0
83,46,0
83,47,0
83,48,0
83,49,0
83,50,0.12
83,51,0.08
83,52,0
83,53,0.12
83,54,0.04
83,55,0.04
83,56,0.04
83,57,0.04
83,58,0.04
83,59,0.04
83,60,0.08
83,61,0
83,62,0.04
83,63,0.04
83,64,0
83,65,0
83,66,0.04
83,67,0
83,68,0
83,69,0.04
83,70,0.04
83,71,0.04
83,72,0.04
83,73,0
83,74,0.08
83,75,0.04
83,76,0.04
83,77,0.04
83,78,0.04
83,79,0.04
83,80,0.04
83,81,0.04
83,82,0.04
83,83,0.04
83,84,0.04
83,85,0.04
83,86,0.04
83,87,0.08
83,88,0.08
83,89,0.04
83,90,0.04
83,91,0.04
83,92,0.08
83,93,0.04
83,94,0.12
83,95,0.04
83,96,0
83,97,0
83,98,0.04
83,99,0.04
83,100,0.08
83,101,0
83,102,0.04
83,103,0.12
83,104,0.04
83,105,0.04
83,106,0.04
83,107,0
83,108,0.04
83,109,0.08
83,110,0
83,111,0.04
83,112,0.04
83,113,0.24
83,114,0.24
83,115,0
83,116,0.04
83,117,0.04
83,118,0.24
83,119,0.04
83,120,0.04
83,121,0.04
83,122,0.12
83,123,0.04
83,124,0.04
83,125,0.04
83,126,0.04
83,127,0.04
83,128,0
83,129,0.04
83,130,0.04
83,131,0
83,132,0.04
83,133,0.04
83,134,0
83,135,0.12
83,136,0.24
83,137,0.04
83,138,0.04
83,139,0.04
83,140,0
83,141,0.04
83,142,0.04
83,143,0.04
83,144,0.04
83,145,0.08
83,146,0.04
83,147,0.04
83,148,0.04
83,149,0.04
83,150,0.08
83,151,0.12
83,152,0.04
83,153,0.04
83,154,0.04
83,155,0.08
83,156,0.04
83,157,0
83,158,0.04
83,159,0.04
83,160,0.04
83,161,0
83,162,0
83,163,0.08
83,164,0
83,165,0.04
83,166,0
83,167,0.04
83,168,0.12
83,169,0.04
83,170,0.04
83,171,0
83,172,0.04
83,173,0
83,174,0.12
83,175,0.04
83,176,0
83,177,0.04
83,178,0.04
83,179,0.04
83,180,0.04
83,181,0.04
83,182,0.12
83,183,0.04
83,184,0.04
83,185,0.08
83,186,0.12
83,187,0
83,188,0.04
83,189,0.08
83,190,0.04
83,191,0.08
83,192,0.04
83,193,0.04
83,194,0.04
83,195,0.04
83,196,0.04
83,197,0.04
83,198,0.04
83,199,0
83,200,0.04
83,201,0.04
83,202,0.04
83,203,0.04
83,204,0.04
83,205,0
83,206,0.04
83,207,0.04
83,208,0.12
83,209,0.04
83,210,0
83,211,0
83,212,0.04
83,213,0
83,214,0.04
83,215,0.04
83,216,0.04
83,217,0.04
83,218,0.04
83,219,0.04
83,220,0
83,221,0.04
83,222,0.04
83,223,0.04
83,224,0
83,225,0.04
83,226,0.08
83,227,0
83,228,0.04
83,229,0.04
83,230,0.08
83,231,0
83,232,0.04
83,233,0.04
83,234,0.04
83,235,0
83,236,0
84,1,0.08
84,2,0.04
84,3,0
84,4,0.04
84,5,0.08
84,6,0.04
84,7,0.04
84,8,0.04
84,9,0
84,10,0.04
84,11,0.04
84,12,0.04
84,13,0.08
84,14,0.04
84,15,0.04
84,16,0
84,17,0.04
84,18,0.04
84,19,0.12
84,20,0.04
84,21,0.04
84,22,0.04
84,23,0.08
84,24,0.04
84,25,0.04
84,26,0
84,27,0.04
84,28,0.04
84,29,0.04
84,30,0.04
84,31,0.04
84,32,0.08
84,33,0.04
84,34,0
84,35,0.08
84,36,0.04
84,37,0.04
84,38,0.04
84,39,0
84,40,0
84,41,0
84,42,0
84,43,0
84,44,0
84,45,0
84,46,0
84,47,0
84,48,0
84,49,0.04
84,50,0.04
84,51,0.12
84,52,0
84,53,0.04
84,54,0.04
84,55,0.04
84,56,0.04
84,57,0
84,58,0.04
84,59,0
84,60,0.04
84,61,0
84,62,0.04
84,63,0
84,64,0.04
84,65,0.04
84,66,0.08
84,67,0.04
84,68,0.04
84,69,0.04
84,70,0
84,71,0.04
84,72,0.04
84,73,0
84,74,0.04
84,75,0.04
84,76,0.04
84,77,0.04
84,78,0.04
84,79,0.12
84,80,0.04
84,81,0.04
84,82,0
84,83,0.04
84,84,0.04
84,85,0.04
84,86,0.04
84,87,0.04
84,88,0.12
84,89,0.04
84,90,0.04
84,91,0
84,92,0.12
84,93,0.04
84,94,0.12
84,95,0.04
84,96,0.04
84,97,0
84,98,0.04
84,99,0
84,100,0.04
84,101,0.04
84,102,0.04
84,103,0.08
84,104,0
84,105,0
84,106,0.04
84,107,0
84,108,0
84,109,0.04
84,110,0
84,111,0.04
84,112,0
84,113,0.24
84,114,0.24
84,115,0.04
84,116,0.04
84,117,0.04
84,118,0.24
84,119,0
84,120,0.04
84,121,0.04
84,122,0.08
84,123,0.08
84,124,0.08
84,125,0.04
84,126,0.04
84,127,0.04
84,128,0
84,129,0.04
84,130,0.04
84,131,0
84,132,0.04
84,133,0.04
84,134,0.04
84,135,0.08
84,136,0.24
84,137,0.08
84,138,0.04
84,139,0
84,140,0.04
84,141,0.04
84,142,0.04
84,143,0.04
84,144,0.04
84,145,0.04
84,146,0.04
84,147,0.04
84,148,0.04
84,149,0.04
84,150,0.08
84,151,0.04
84,152,0
84,153,0
84,154,0.04
84,155,0.08
84,156,0.04
84,157,0.04
84,158,0.04
84,159,0
84,160,0.04
84,161,0
84,162,0
84,163,0.04
84,164,0
84,165,0.12
84,166,0
84,167,0.04
84,168,0.04
84,169,0.04
84,170,0.04
84,171,0.04
84,172,0.12
84,173,0.04
84,174,0.04
84,175,0.04
84,176,0.04
84,177,0.04
84,178,0.04
84,179,0.08
84,180,0.04
84,181,0.04
84,182,0.08
84,183,0.04
84,184,0.04
84,185,0.04
84,186,0.12
84,187,0.04
84,188,0.04
84,189,0.08
84,190,0.04
84,191,0.04
84,192,0.08
84,193,0.04
84,194,0.04
84,195,0.04
84,196,0.04
84,197,0
84,198,0
84,199,0
84,200,0
84,201,0.04
84,202,0.04
84,203,0.04
84,204,0
84,205,0
84,206,0.04
84,207,0.04
84,208,0.12
84,209,0.04
84,210,0
84,211,0.04
84,212,0.04
84,213,0
84,214,0
84,215,0.04
84,216,0.04
84,217,0.04
84,218,0
84,219,0
84,220,0.04
84,221,0.04
84,222,0
84,223,0.04
84,224,0.04
84,225,0.04
84,226,0.08
84,227,0.04
84,228,0.08
84,229,0.04
84,230,0.04
84,231,0.04
84,232,0
84,233,0
84,234,0.04
84,235,0
84,236,0
85,1,0.04
85,2,0.08
85,3,0.04
85,4,0.04
85,5,0.04
85,6,0.04
85,7,0.04
85,8,0.04
85,9,0
85,10,0.04
85,11,0.04
85,12,0.04
85,13,0.04
85,14,0.04
85,15,0.04
85,16,0
85,17,0.08
85,18,0.08
85,19,0.12
85,20,0.04
85,21,0
85,22,0.04
85,23,0.08
85,24,0.04
85,25,0
85,26,0
85,27,0.08
85,28,0.04
85,29,0
85,30,0.04
85,31,0.08
85,32,0.08
85,33,0.04
85,34,0.04
85,35,0.04
85,36,0.08
85,37,0.04
85,38,0.04
85,39,0
85,40,0
85,41,0
85,42,0
85,43,0
85,44,0
85,45,0
85,46,0
85,47,0.04
85,48,0.04
85,49,0
85,50,0.08
85,51,0.04
85,52,0.04
85,53,0.08
85,54,0.08
85,55,0.04
85,56,0.04
85,57,0
85,58,0.04
85,59,0
85,60,0.04
85,61,0
85,62,0
85,63,0.04
85,64,0.04
85,65,0.04
85,66,0.12
85,67,0
85,68,0.04
85,69,0.04
85,70,0
85,71,0.04
85,72,0.04
85,73,0
85,74,0.04
85,75,0.04
85,76,0
85,77,0.04
85,78,0.04
85,79,0.12
85,80,0
85,81,0.04
85,82,0.04
85,83,0.04
85,84,0
85,85,0.04
85,86,0.04
85,87,0.04
85,88,0.08
85,89,0.04
85,90,0
85,91,0
85,92,0.08
85,93,0.04
85,94,0.04
85,95,0.08
85,96,0.04
85,97,0
85,98,0.04
85,99,0
85,100,0
85,101,0
85,102,0.04
85,103,0.12
85,104,0.04
85,105,0.04
85,106,0.04
85,107,0.04
85,108,0.04
85,109,0.04
85,110,0
85,111,0
85,112,0
85,113,0.2
85,114,0.2
85,115,0.04
85,116,0.04
85,117,0
85,118,0.2
85,119,0.04
85,120,0.04
85,121,0.04
85,122,0.04
85,123,0.12
85,124,0.12
85,125,0.04
85,126,0
85,127,0.04
85,128,0.04
85,129,0.04
85,130,0
85,131,0.04
85,132,0.04
85,133,0
85,134,0
85,135,0.08
85,136,0.2
85,137,0.04
85,138,0
85,139,0.04
85,140,0
85,141,0.04
85,142,0.04
85,143,0.04
85,144,0.04
85,145,0.04
85,146,0.04
85,147,0
85,148,0.04
85,149,0.04
85,150,0.08
85,151,0.04
85,152,0.04
85,153,0.04
85,154,0.04
85,155,0.04
85,156,0
85,157,0
85,158,0.04
85,159,0
85,160,0
85,161,0.04
85,162,0
85,163,0.04
85,164,0.04
85,165,0.04
85,166,0
85,167,0.04
85,168,0.04
85,169,0.04
85,170,0
85,171,0
85,172,0.04
85,173,0.04
85,174,0.04
85,175,0.04
85,176,0.04
85,177,0.04
85,178,0.04
85,179,0.08
85,180,0
85,181,0.04
85,182,0.12
85,183,0.04
85,184,0
85,185,0.08
85,186,0.04
85,187,0
85,188,0
85,189,0.04
85,190,0.08
85,191,0.04
85,192,0.08
85,193,0.04
85,194,0.04
85,195,0.04
85,196,0.04
85,197,0
85,198,0
85,199,0.04
85,200,0.04
85,201,0
85,202,0.04
85,203,0.04
85,204,0.04
85,205,0
85,206,0.04
85,207,0.04
85,208,0.04
85,209,0
85,210,0
85,211,0
85,212,0.04
85,213,0
85,214,0.04
85,215,0.04
85,216,0.04
85,217,0
85,218,0
85,219,0.04
85,220,0
85,221,0
85,222,0.04
85,223,0.04
85,224,0
85,225,0.04
85,226,0.04
85,227,0.04
85,228,0.08
85,229,0.04
85,230,0.04
85,231,0.04
85,232,0.04
85,233,0
85,234,0
85,235,0
85,236,0
86,1,0.04
86,2,0.08
86,3,0.04
86,4,0.04
86,5,0.08
86,6,0.04
86,7,0.04
86,8,0
86,9,0
86,10,0
86,11,0
86,12,0
86,13,0
86,14,0.04
86,15,0.04
86,16,0.04
86,17,0.04
86,18,0.04
86,19,0.08
86,20,0
86,21,0.04
86,22,0.04
86,23,0.08
86,24,0.04
86,25,0.04
86,26,0.04
86,27,0.08
86,28,0.04
86,29,0
86,30,0.04
86,31,0.04
86,32,0.04
86,33,0.04
86,34,0.04
86,35,0.04
86,36,0.08
86,37,0
86,38,0.04
86,39,0
86,40,0
86,41,0
86,42,0
86,43,0
86,44,0
86,45,0
86,46,0
86,47,0.04
86,48,0.04
86,49,0
86,50,0.08
86,51,0.08
86,52,0.04
86,53,0.04
86,54,0.08
86,55,0
86,56,0.04
86,57,0
86,58,0.04
86,59,0.04
86,60,0.04
86,61,0
86,62,0
86,63,0.04
86,64,0
86,65,0.04
86,66,0.04
86,67,0.04
86,68,0.04
86,69,0.04
86,70,0
86,71,0.08
86,72,0.04
86,73,0.04
86,74,0
86,75,0.04
86,76,0
86,77,0.04
86,78,0.04
86,79,0.04
86,80,0.04
86,81,0
86,82,0.04
86,83,0
86,84,0
86,85,0.04
86,86,0.04
86,87,0.08
86,88,0.08
86,89,0.04
86,90,0.04
86,91,0.04
86,92,0.08
86,93,0.08
86,94,0.08
86,95,0.04
86,96,0
86,97,0
86,98,0.04
86,99,0
86,100,0
86,101,0
86,102,0.04
86,103,0.04
86,104,0.04
86,105,0
86,106,0.04
86,107,0
86,108,0.04
86,109,0.04
86,110,0
86,111,0
86,112,0.04
86,113,0.16
86,114,0.16
86,115,0
86,116,0
86,117,0.04
86,118,0.16
86,119,0
86,120,0.04
86,121,0
86,122,0.08
86,123,0.04
86,124,0.08
86,125,0.04
86,126,0.04
86,127,0.08
86,128,0.04
86,129,0.04
86,130,0.04
86,131,0
86,132,0.04
86,133,0
86,134,0.04
86,135,0.08
86,136,0.16
86,137,0.08
86,138,0
86,139,0.04
86,140,0
86,141,0
86,142,0
86,143,0
86,144,0.04
86,145,0.04
86,146,0.04
86,147,0
86,148,0.04
86,149,0.04
86,150,0.04
86,151,0.08
86,152,0
86,153,0.04
86,154,0
86,155,0.04
86,156,0
86,157,0.04
86,158,0.04
86,159,0.04
86,160,0.04
86,161,0
86,162,0.04
86,163,0.08
86,164,0
86,165,0.08
86,166,0
86,167,0.04
86,168,0.04
86,169,0
86,170,0
86,171,0
86,172,0.08
86,173,0.04
86,174,0.08
86,175,0
86,176,0
86,177,0
86,178,0.04
86,179,0.04
86,180,0.04
86,181,0.04
86,182,0.08
86,183,0.04
86,184,0.04
86,185,0.08
86,186,0.08
86,187,0.04
86,188,0
86,189,0.04
86,190,0.04
86,191,0
86,192,0.04
86,193,0.04
86,194,0.04
86,195,0.04
86,196,0
86,197,0.04
86,198,0
86,199,0.04
86,200,0
86,201,0.04
86,202,0.04
86,203,0.04
86,204,0
86,205,0
86,206,0.04
86,207,0.04
86,208,0.04
86,209,0
86,210,0.04
86,211,0
86,212,0
86,213,0.04
86,214,0
86,215,0.04
86,216,0
86,217,0.04
86,218,0
86,219,0
86,220,0
86,221,0
86,222,0.04
86,223,0.04
86,224,0
86,225,0
86,226,0.08
86,227,0
86,228,0.08
86,229,0
86,230,0.04
86,231,0
86,232,0.04
86,233,0
86,234,0
86,235,0
86,236,0
87,1,0.04
87,2,0.04
87,3,0
87,4,0.04
87,5,0.04
87,6,0.04
87,7,0.04
87,8,0.04
87,9,0
87,10,0
87,11,0
87,12,0
87,13,0.04
87,14,0.04
87,15,0.04
87,16,0
87,17,0.08
87,18,0.04
87,19,0.04
87,20,0
87,21,0.04
87,22,0
87,23,0.08
87,24,0
87,25,0
87,26,0
87,27,0.04
87,28,0
87,29,0
87,30,0.04
87,31,0.08
87,32,0.08
87,33,0.04
87,34,0.04
87,35,0.08
87,36,0.08
87,37,0
87,38,0.04
87,39,0
87,40,0
87,41,0
87,42,0.04
87,43,0
87,44,0
87,45,0
87,46,0
87,47,0.04
87,48,0
87,49,0
87,50,0.04
87,51,0
87,52,0
87,53,0.04
87,54,0.08
87,55,0.04
87,56,0
87,57,0
87,58,0
87,59,0
87,60,0.04
87,61,0
87,62,0.04
87,63,0.04
87,64,0
87,65,0.04
87,66,0
87,67,0.04
87,68,0.04
87,69,0.04
87,70,0.04
87,71,0.08
87,72,0
87,73,0.04
87,74,0
87,75,0.04
87,76,0
87,77,0.04
87,78,0.04
87,79,0.04
87,80,0
87,81,0.04
87,82,0
87,83,0
87,84,0.04
87,85,0.04
87,86,0.04
87,87,0.04
87,88,0.04
87,89,0
87,90,0.04
87,91,0
87,92,0.04
87,93,0.08
87,94,0.08
87,95,0.08
87,96,0
87,97,0.04
87,98,0.04
87,99,0
87,100,0.04
87,101,0
87,102,0.04
87,103,0.08
87,104,0
87,105,0
87,106,0.04
87,107,0
87,108,0
87,109,0.04
87,110,0
87,111,0.04
87,112,0.04
87,113,0.16
87,114,0.16
87,115,0
87,116,0.04
87,117,0.04
87,118,0.16
87,119,0
87,120,0.04
87,121,0.04
87,122,0.08
87,123,0.04
87,124,0.08
87,125,0.04
87,126,0.04
87,127,0.08
87,128,0.04
87,129,0.04
87,130,0
87,131,0.04
87,132,0
87,133,0.04
87,134,0
87,135,0.08
87,136,0.16
87,137,0.08
87,138,0.04
87,139,0.04
87,140,0.04
87,141,0
87,142,0
87,143,0.04
87,144,0
87,145,0.04
87,146,0.04
87,147,0
87,148,0.04
87,149,0.04
87,150,0.08
87,151,0.08
87,152,0
87,153,0.04
87,154,0.04
87,155,0.04
87,156,0.04
87,157,0.04
87,158,0.04
87,159,0
87,160,0.04
87,161,0
87,162,0.04
87,163,0.04
87,164,0
87,165,0.04
87,166,0
87,167,0
87,168,0.04
87,169,0.04
87,170,0
87,171,0
87,172,0.08
87,173,0.04
87,174,0.04
87,175,0.04
87,176,0.04
87,177,0
87,178,0
87,179,0.04
87,180,0
87,181,0
87,182,0.08
87,183,0
87,184,0.04
87,185,0.08
87,186,0.04
87,187,0
87,188,0
87,189,0.04
87,190,0.04
87,191,0.04
87,192,0.08
87,193,0
87,194,0
87,195,0.04
87,196,0
87,197,0
87,198,0.04
87,199,0.04
87,200,0
87,201,0.04
87,202,0.04
87,203,0
87,204,0
87,205,0.04
87,206,0.04
87,207,0.04
87,208,0.04
87,209,0
87,210,0
87,211,0
87,212,0.04
87,213,0
87,214,0
87,215,0.04
87,216,0
87,217,0.04
87,218,0.04
87,219,0.04
87,220,0
87,221,0.04
87,222,0
87,223,0.04
87,224,0
87,225,0.04
87,226,0.08
87,227,0.04
87,228,0.04
87,229,0.04
87,230,0
87,231,0
87,232,0
87,233,0
87,234,0.04
87,235,0
87,236,0
88,1,0.04
88,2,0.04
88,3,0.04
88,4,0
88,5,0.08
88,6,0
88,7,0.04
88,8,0.04
88,9,0
88,10,0
88,11,0.04
88,12,0.04
88,13,0
88,14,0.04
88,15,0.08
88,16,0.04
88,17,0.04
88,18,0.08
88,19,0.04
88,20,0.04
88,21,0
88,22,0
88,23,0.04
88,24,0.04
88,25,0
88,26,0
88,27,0.04
88,28,0.04
88,29,0
88,30,0
88,31,0.04
88,32,0.04
88,33,0.08
88,34,0
88,35,0.08
88,36,0.08
88,37,0
88,38,0.04
88,39,0
88,40,0
88,41,0
88,42,0.04
88,43,0
88,44,0
88,45,0
88,46,0
88,47,0.04
88,48,0.04
88,49,0
88,50,0.08
88,51,0.04
88,52,0
88,53,0.04
88,54,0.08
88,55,0
88,56,0
88,57,0.04
88,58,0
88,59,0
88,60,0.04
88,61,0
88,62,0.04
88,63,0
88,64,0.04
88,65,0
88,66,0.04
88,67,0
88,68,0
88,69,0.04
88,70,0
88,71,0.04
88,72,0
88,73,0.04
88,74,0.04
88,75,0.04
88,76,0.04
88,77,0
88,78,0
88,79,0.04
88,80,0
88,81,0
88,82,0
88,83,0
88,84,0
88,85,0.04
88,86,0
88,87,0.04
88,88,0.08
88,89,0
88,90,0
88,91,0.04
88,92,0.04
88,93,0.04
88,94,0.04
88,95,0
88,96,0.04
88,97,0.04
88,98,0.04
88,99,0
88,100,0.04
88,101,0
88,102,0
88,103,0.04
88,104,0.04
88,105,0
88,106,0.04
88,107,0
88,108,0
88,109,0.04
88,110,0
88,111,0.04
88,112,0
88,113,0.12
88,114,0.12
88,115,0.04
88,116,0.04
88,117,0.04
88,118,0.12
88,119,0.04
88,120,0
88,121,0.04
88,122,0.08
88,123,0.04
88,124,0.04
88,125,0.04
88,126,0
88,127,0.04
88,128,0.04
88,129,0
88,130,0.04
88,131,0.04
88,132,0.04
88,133,0.04
88,134,0.04
88,135,0.08
88,136,0.12
88,137,0.04
88,138,0
88,139,0.04
88,140,0
88,141,0
88,142,0.04
88,143,0
88,144,0.04
88,145,0.04
88,146,0
88,147,0.04
88,148,0.04
88,149,0.04
88,150,0.08
88,151,0.08
88,152,0
88,153,0.04
88,154,0
88,155,0.04
88,156,0.04
88,157,0
88,158,0.04
88,159,0.04
88,160,0
88,161,0
88,162,0
88,163,0.08
88,164,0
88,165,0.08
88,166,0
88,167,0
88,168,0.08
88,169,0.04
88,170,0.04
88,171,0.04
88,172,0.04
88,173,0
88,174,0.08
88,175,0.04
88,176,0.04
88,177,0
88,178,0
88,179,0.04
88,180,0.04
88,181,0.04
88,182,0.04
88,183,0
88,184,0
88,185,0.04
88,186,0.04
88,187,0.04
88,188,0
88,189,0.04
88,190,0.04
88,191,0.04
88,192,0.04
88,193,0
88,194,0.04
88,195,0.04
88,196,0.04
88,197,0.04
88,198,0
88,199,0.04
88,200,0
88,201,0
88,202,0.04
88,203,0
88,204,0
88,205,0.04
88,206,0.04
88,207,0.04
88,208,0.08
88,209,0.04
88,210,0.04
88,211,0
88,212,0
88,213,0
88,214,0
88,215,0
88,216,0
88,217,0
88,218,0
88,219,0.04
88,220,0.04
88,221,0.04
88,222,0
88,223,0.04
88,224,0
88,225,0
88,226,0.04
88,227,0.04
88,228,0.04
88,229,0
88,230,0.04
88,231,0
88,232,0
88,233,0.04
88,234,0
88,235,0
88,236,0
89,1,0.04
89,2,0.04
89,3,0.04
89,4,0
89,5,0.04
89,6,0
89,7,0.04
89,8,0.04
89,9,0
89,10,0
89,11,0
89,12,0
89,13,0.04
89,14,0
89,15,0.04
89,16,0.04
89,17,0.04
89,18,0.08
89,19,0.08
89,20,0
89,21,0.04
89,22,0.04
89,23,0.04
89,24,0.04
89,25,0.04
89,26,0.04
89,27,0.08
89,28,0
89,29,0
89,30,0
89,31,0.08
89,32,0.04
89,33,0
89,34,0.04
89,35,0.08
89,36,0.04
89,37,0
89,38,0
89,39,0
89,40,0
89,41,0
89,42,0
89,43,0
89,44,0
89,45,0
89,46,0
89,47,0
89,48,0
89,49,0
89,50,0.08
89,51,0.04
89,52,0
89,53,0.04
89,54,0.04
89,55,0
89,56,0.04
89,57,0
89,58,0.04
89,59,0.04
89,60,0
89,61,0
89,62,0.04
89,63,0
89,64,0
89,65,0.04
89,66,0.04
89,67,0
89,68,0
89,69,0
89,70,0
89,71,0.04
89,72,0
89,73,0
89,74,0
89,75,0.04
89,76,0.04
89,77,0.04
89,78,0.04
89,79,0.08
89,80,0.04
89,81,0.04
89,82,0.04
89,83,0
89,84,0
89,85,0
89,86,0.04
89,87,0.04
89,88,0.04
89,89,0
89,90,0
89,91,0
89,92,0.04
89,93,0.04
89,94,0.08
89,95,0.04
89,96,0
89,97,0
89,98,0.04
89,99,0.04
89,100,0.04
89,101,0
89,102,0
89,103,0.04
89,104,0
89,105,0
89,106,0.04
89,107,0
89,108,0
89,109,0
89,110,0
89,111,0
89,112,0
89,113,0.12
89,114,0.12
89,115,0
89,116,0
89,117,0.04
89,118,0.12
89,119,0
89,120,0.04
89,121,0
89,122,0.04
89,123,0
89,124,0.04
89,125,0.04
89,126,0
89,127,0.04
89,128,0.04
89,129,0
89,130,0
89,131,0
89,132,0
89,133,0
89,134,0.04
89,135,0.04
89,136,0.12
89,137,0.04
89,138,0
89,139,0.04
89,140,0
89,141,0
89,142,0.04
89,143,0
89,144,0.04
89,145,0.04
89,146,0
89,147,0.04
89,148,0
89,149,0.04
89,150,0.08
89,151,0.04
89,152,0
89,153,0.04
89,154,0.04
89,155,0.04
89,156,0
89,157,0
89,158,0
89,159,0
89,160,0
89,161,0
89,162,0
89,163,0.04
89,164,0.04
89,165,0.08
89,166,0
89,167,0.04
89,168,0
89,169,0
89,170,0
89,171,0
89,172,0.04
89,173,0.04
89,174,0.04
89,175,0.04
89,176,0
89,177,0
89,178,0
89,179,0.04
89,180,0.04
89,181,0
89,182,0.04
89,183,0
89,184,0
89,185,0.08
89,186,0.04
89,187,0
89,188,0
89,189,0.08
89,190,0.04
89,191,0
89,192,0.04
89,193,0.04
89,194,0
89,195,0.04
89,196,0
89,197,0
89,198,0
89,199,0
89,200,0
89,201,0
89,202,0.04
89,203,0
89,204,0.04
89,205,0
89,206,0
89,207,0.04
89,208,0.04
89,209,0
89,210,0
89,211,0
89,212,0.04
89,213,0
89,214,0.04
89,215,0
89,216,0.04
89,217,0
89,218,0
89,219,0
89,220,0.04
89,221,0.04
89,222,0
89,223,0
89,224,0
89,225,0.04
89,226,0.04
89,227,0.04
89,228,0.04
89,229,0.04
89,230,0.04
89,231,0
89,232,0.04
89,233,0
89,234,0.04
89,235,0
89,236,0
90,1,0.04
90,2,0.04
90,3,0.04
90,4,0
90,5,0.08
90,6,0
90,7,0.04
90,8,0.04
90,9,0
90,10,0
90,11,0
90,12,0
90,13,0.04
90,14,0
90,15,0.04
90,16,0.04
90,17,0
90,18,0.04
90,19,0.08
90,20,0
90,21,0
90,22,0.04
90,23,0.08
90,24,0.04
90,25,0
90,26,0
90,27,0.04
90,28,0.04
90,29,0.04
90,30,0.04
90,31,0.04
90,32,0.04
90,33,0.04
90,34,0.04
90,35,0.04
90,36,0
90,37,0
90,38,0
90,39,0
90,40,0
90,41,0
90,42,0
90,43,0
90,44,0
90,45,0
90,46,0
90,47,0
90,48,0.04
90,49,0
90,50,0.04
90,51,0.04
90,52,0
90,53,0.04
90,54,0.04
90,55,0.04
90,56,0.04
90,57,0
90,58,0.04
90,59,0
90,60,0
90,61,0
90,62,0.04
90,63,0
90,64,0.04
90,65,0
90,66,0.04
90,67,0
90,68,0
90,69,0
90,70,0
90,71,0.04
90,72,0.04
90,73,0
90,74,0.04
90,75,0.04
90,76,0.04
90,77,0
90,78,0.04
90,79,0.04
90,80,0
90,81,0
90,82,0
90,83,0
90,84,0
90,85,0
90,86,0
90,87,0.04
90,88,0.04
90,89,0
90,90,0
90,91,0
90,92,0.04
90,93,0.04
90,94,0.04
90,95,0.04
90,96,0
90,97,0
90,98,0
90,99,0.04
90,100,0
90,101,0
90,102,0
90,103,0.04
90,104,0
90,105,0
90,106,0
90,107,0.04
90,108,0
90,109,0.04
90,110,0
90,111,0
90,112,0
90,113,0.12
90,114,0.12
90,115,0
90,116,0.04
90,117,0.04
90,118,0.12
90,119,0
90,120,0.04
90,121,0
90,122,0.04
90,123,0.04
90,124,0.04
90,125,0.04
90,126,0.04
90,127,0.04
90,128,0
90,129,0
90,130,0
90,131,0
90,132,0
90,133,0
90,134,0
90,135,0.04
90,136,0.12
90,137,0.04
90,138,0
90,139,0.04
90,140,0
90,141,0.04
90,142,0
90,143,0
90,144,0
90,145,0.04
90,146,0
90,147,0.04
90,148,0
90,149,0
90,150,0.04
90,151,0.04
90,152,0
90,153,0
90,154,0.04
90,155,0.04
90,156,0
90,157,0
90,158,0
90,159,0
90,160,0
90,161,0
90,162,0.04
90,163,0.04
90,164,0.04
90,165,0.04
90,166,0
90,167,0
90,168,0.04
90,169,0
90,170,0
90,171,0
90,172,0.08
90,173,0
90,174,0.08
90,175,0.04
90,176,0
90,177,0
90,178,0
90,179,0
90,180,0
90,181,0.04
90,182,0.04
90,183,0
90,184,0
90,185,0.04
90,186,0.04
90,187,0
90,188,0
90,189,0
90,190,0.04
90,191,0.04
90,192,0.04
90,193,0.04
90,194,0.04
90,195,0
90,196,0
90,197,0.04
90,198,0
90,199,0
90,200,0
90,201,0
90,202,0
90,203,0
90,204,0.04
90,205,0
90,206,0.04
90,207,0.04
90,208,0.04
90,209,0.04
90,210,0.04
90,211,0
90,212,0
90,213,0.04
90,214,0
90,215,0
90,216,0
90,217,0
90,218,0.04
90,219,0
90,220,0.04
90,221,0
90,222,0
90,223,0
90,224,0
90,225,0
90,226,0.04
90,227,0
90,228,0.04
90,229,0.04
90,230,0.04
90,231,0
90,232,0
90,233,0
90,234,0
90,235,0
90,236,0
91,1,0.04
91,2,0.04
91,3,0.04
91,4,0
91,5,0.04
91,6,0.04
91,7,0.04
91,8,0
91,9,0.04
91,10,0
91,11,0
91,12,0.04
91,13,0
91,14,0
91,15,0.04
91,16,0.04
91,17,0.04
91,18,0.04
91,19,0.04
91,20,0
91,21,0
91,22,0
91,23,0
91,24,0
91,25,0
91,26,0
91,27,0.04
91,28,0.04
91,29,0
91,30,0
91,31,0.04
91,32,0.04
91,33,0.04
91,34,0.04
91,35,0.04
91,36,0
91,37,0.04
91,38,0
91,39,0
91,40,0
91,41,0
91,42,0
91,43,0
91,44,0
91,45,0
91,46,0
91,47,0
91,48,0
91,49,0
91,50,0.04
91,51,0.04
91,52,0.04
91,53,0.04
91,54,0
91,55,0.04
91,56,0.04
91,57,0
91,58,0.04
91,59,0
91,60,0.04
91,61,0
91,62,0.04
91,63,0
91,64,0
91,65,0
91,66,0.04
91,67,0.04
91,68,0
91,69,0
91,70,0
91,71,0.04
91,72,0
91,73,0
91,74,0.04
91,75,0
91,76,0
91,77,0
91,78,0
91,79,0.04
91,80,0
91,81,0.04
91,82,0.04
91,83,0
91,84,0
91,85,0
91,86,0
91,87,0.04
91,88,0.04
91,89,0
91,90,0
91,91,0
91,92,0.04
91,93,0
91,94,0.04
91,95,0.04
91,96,0
91,97,0
91,98,0
91,99,0
91,100,0.04
91,101,0
91,102,0.04
91,103,0.04
91,104,0
91,105,0
91,106,0
91,107,0
91,108,0
91,109,0.04
91,110,0.04
91,111,0
91,112,0
91,113,0.12
91,114,0.12
91,115,0
91,116,0
91,117,0
91,118,0.12
91,119,0
91,120,0
91,121,0
91,122,0.04
91,123,0.04
91,124,0.04
91,125,0.04
91,126,0
91,127,0.04
91,128,0
91,129,0
91,130,0
91,131,0.04
91,132,0
91,133,0
91,134,0
91,135,0.04
91,136,0.12
91,137,0.04
91,138,0
91,139,0
91,140,0
91,141,0.04
91,142,0
91,143,0
91,144,0.04
91,145,0.04
91,146,0
91,147,0
91,148,0.04
91,149,0.04
91,150,0.04
91,151,0
91,152,0.04
91,153,0.04
91,154,0
91,155,0.04
91,156,0
91,157,0.04
91,158,0
91,159,0
91,160,0
91,161,0.04
91,162,0
91,163,0
91,164,0
91,165,0.04
91,166,0
91,167,0
91,168,0.04
91,169,0.04
91,170,0
91,171,0
91,172,0.04
91,173,0.04
91,174,0.04
91,175,0.04
91,176,0.04
91,177,0
91,178,0.04
91,179,0.04
91,180,0
91,181,0.04
91,182,0.04
91,183,0
91,184,0
91,185,0.04
91,186,0.04
91,187,0
91,188,0
91,189,0.04
91,190,0.04
91,191,0.04
91,192,0.04
91,193,0.04
91,194,0
91,195,0.04
91,196,0
91,197,0.04
91,198,0
91,199,0.04
91,200,0
91,201,0
91,202,0.04
91,203,0
91,204,0
91,205,0
91,206,0.04
91,207,0.04
91,208,0.04
91,209,0
91,210,0
91,211,0
91,212,0.04
91,213,0
91,214,0
91,215,0
91,216,0
91,217,0
91,218,0
91,219,0
91,220,0
91,221,0
91,222,0.04
91,223,0
91,224,0
91,225,0.04
91,226,0.04
91,227,0
91,228,0.04
91,229,0
91,230,0
91,231,0
91,232,0
91,233,0
91,234,0
91,235,0
91,236,0
92,1,0
92,2,0
92,3,0
92,4,0
92,5,0.04
92,6,0
92,7,0.04
92,8,0
92,9,0
92,10,0
92,11,0
92,12,0
92,13,0.04
92,14,0.04
92,15,0.04
92,16,0
92,17,0.04
92,18,0
92,19,0
92,20,0
92,21,0
92,22,0
92,23,0.04
92,24,0
92,25,0
92,26,0
92,27,0.04
92,28,0.04
92,29,0
92,30,0.04
92,31,0
92,32,0.04
92,33,0.04
92,34,0
92,35,0
92,36,0.04
92,37,0
92,38,0
92,39,0
92,40,0
92,41,0
92,42,0
92,43,0
92,44,0
92,45,0
92,46,0
92,47,0
92,48,0
92,49,0
92,50,0.04
92,51,0.04
92,52,0
92,53,0.04
92,54,0.04
92,55,0
92,56,0
92,57,0
92,58,0.04
92,59,0
92,60,0.04
92,61,0
92,62,0
92,63,0
92,64,0
92,65,0
92,66,0.04
92,67,0
92,68,0
92,69,0.04
92,70,0
92,71,0.04
92,72,0.04
92,73,0
92,74,0.04
92,75,0
92,76,0
92,77,0
92,78,0
92,79,0.04
92,80,0
92,81,0
92,82,0
92,83,0.04
92,84,0
92,85,0
92,86,0
92,87,0.04
92,88,0.04
92,89,0
92,90,0.04
92,91,0
92,92,0.04
92,93,0.04
92,94,0.04
92,95,0.04
92,96,0
92,97,0.04
92,98,0
92,99,0
92,100,0
92,101,0
92,102,0
92,103,0.04
92,104,0
92,105,0
92,106,0
92,107,0
92,108,0
92,109,0.04
92,110,0
92,111,0
92,112,0
92,113,0.08
92,114,0.08
92,115,0.04
92,116,0
92,117,0.04
92,118,0.08
92,119,0
92,120,0.04
92,121,0
92,122,0
92,123,0.04
92,124,0.04
92,125,0
92,126,0
92,127,0.04
92,128,0
92,129,0
92,130,0.04
92,131,0
92,132,0
92,133,0
92,134,0.04
92,135,0.04
92,136,0.08
92,137,0.04
92,138,0
92,139,0.04
92,140,0
92,141,0.04
92,142,0
92,143,0.04
92,144,0.04
92,145,0.04
92,146,0
92,147,0
92,148,0.04
92,149,0.04
92,150,0.04
92,151,0.04
92,152,0
92,153,0.04
92,154,0
92,155,0.04
92,156,0
92,157,0
92,158,0
92,159,0
92,160,0
92,161,0
92,162,0
92,163,0.04
92,164,0.04
92,165,0.04
92,166,0
92,167,0
92,168,0.04
92,169,0
92,170,0
92,171,0
92,172,0.04
92,173,0
92,174,0.04
92,175,0.04
92,176,0
92,177,0
92,178,0
92,179,0.04
92,180,0.04
92,181,0.04
92,182,0.04
92,183,0
92,184,0
92,185,0.04
92,186,0
92,187,0
92,188,0
92,189,0.04
92,190,0.04
92,191,0
92,192,0.04
92,193,0.04
92,194,0
92,195,0.04
92,196,0
92,197,0.04
92,198,0
92,199,0
92,200,0.04
92,201,0
92,202,0
92,203,0
92,204,0
92,205,0
92,206,0
92,207,0.04
92,208,0.04
92,209,0.04
92,210,0.04
92,211,0
92,212,0
92,213,0
92,214,0
92,215,0.04
92,216,0
92,217,0
92,218,0
92,219,0
92,220,0
92,221,0
92,222,0
92,223,0
92,224,0
92,225,0.04
92,226,0
92,227,0.04
92,228,0.04
92,229,0
92,230,0
92,231,0
92,232,0
92,233,0.04
92,234,0.04
92,235,0
92,236,0
93,1,0.04
93,2,0.04
93,3,0
93,4,0
93,5,0
93,6,0
93,7,0.04
93,8,0.04
93,9,0
93,10,0
93,11,0
93,12,0
93,13,0.04
93,14,0
93,15,0.04
93,16,0.04
93,17,0.04
93,18,0.04
93,19,0.04
93,20,0
93,21,0.04
93,22,0
93,23,0
93,24,0
93,25,0
93,26,0
93,27,0
93,28,0.04
93,29,0
93,30,0
93,31,0.04
93,32,0.04
93,33,0
93,34,0
93,35,0
93,36,0.04
93,37,0
93,38,0
93,39,0
93,40,0
93,41,0
93,42,0
93,43,0
93,44,0
93,45,0
93,46,0
93,47,0
93,48,0
93,49,0
93,50,0.04
93,51,0
93,52,0
93,53,0
93,54,0.04
93,55,0
93,56,0
93,57,0
93,58,0
93,59,0
93,60,0.04
93,61,0
93,62,0.04
93,63,0.04
93,64,0
93,65,0
93,66,0.04
93,67,0
93,68,0
93,69,0
93,70,0
93,71,0.04
93,72,0.04
93,73,0
93,74,0.04
93,75,0.04
93,76,0
93,77,0
93,78,0
93,79,0
93,80,0
93,81,0
93,82,0.04
93,83,0
93,84,0
93,85,0
93,86,0
93,87,0.04
93,88,0
93,89,0
93,90,0
93,91,0
93,92,0.04
93,93,0.04
93,94,0.04
93,95,0.04
93,96,0
93,97,0
93,98,0
93,99,0.04
93,100,0.04
93,101,0
93,102,0
93,103,0.04
93,104,0
93,105,0
93,106,0.04
93,107,0
93,108,0
93,109,0.04
93,110,0
93,111,0
93,112,0
93,113,0.08
93,114,0.08
93,115,0
93,116,0.04
93,117,0
93,118,0.08
93,119,0
93,120,0.04
93,121,0
93,122,0.04
93,123,0
93,124,0.04
93,125,0.04
93,126,0
93,127,0.04
93,128,0
93,129,0
93,130,0
93,131,0
93,132,0.04
93,133,0
93,134,0
93,135,0.04
93,136,0.08
93,137,0.04
93,138,0
93,139,0.04
93,140,0
93,141,0
93,142,0.04
93,143,0
93,144,0
93,145,0
93,146,0
93,147,0
93,148,0.04
93,149,0
93,150,0
93,151,0
93,152,0
93,153,0
93,154,0
93,155,0.04
93,156,0
93,157,0
93,158,0
93,159,0
93,160,0
93,161,0
93,162,0
93,163,0
93,164,0
93,165,0.04
93,166,0
93,167,0
93,168,0.04
93,169,0.04
93,170,0
93,171,0
93,172,0.04
93,173,0
93,174,0.04
93,175,0
93,176,0.04
93,177,0
93,178,0
93,179,0
93,180,0.04
93,181,0.04
93,182,0.04
93,183,0
93,184,0
93,185,0
93,186,0.04
93,187,0
93,188,0
93,189,0
93,190,0.04
93,191,0.04
93,192,0.04
93,193,0.04
93,194,0.04
93,195,0.04
93,196,0
93,197,0.04
93,198,0
93,199,0.04
93,200,0
93,201,0
93,202,0.04
93,203,0
93,204,0
93,205,0
93,206,0.04
93,207,0
93,208,0.04
93,209,0
93,210,0
93,211,0
93,212,0
93,213,0
93,214,0
93,215,0
93,216,0.04
93,217,0.04
93,218,0
93,219,0
93,220,0
93,221,0
93,222,0
93,223,0.04
93,224,0
93,225,0
93,226,0.04
93,227,0
93,228,0.04
93,229,0
93,230,0
93,231,0
93,232,0
93,233,0
93,234,0
93,235,0
93,236,0
94,1,0.04
94,2,0
94,3,0
94,4,0
94,5,0.04
94,6,0.04
94,7,0.04
94,8,0.04
94,9,0
94,10,0
94,11,0
94,12,0
94,13,0.04
94,14,0
94,15,0.04
94,16,0.04
94,17,0
94,18,0.04
94,19,0.04
94,20,0
94,21,0.04
94,22,0
94,23,0.04
94,24,0
94,25,0
94,26,0.04
94,27,0.04
94,28,0
94,29,0
94,30,0.04
94,31,0.04
94,32,0
94,33,0
94,34,0.04
94,35,0.04
94,36,0
94,37,0
94,38,0
94,39,0
94,40,0
94,41,0
94,42,0
94,43,0
94,44,0
94,45,0
94,46,0
94,47,0
94,48,0
94,49,0
94,50,0
94,51,0.04
94,52,0
94,53,0
94,54,0
94,55,0
94,56,0.04
94,57,0
94,58,0
94,59,0
94,60,0
94,61,0
94,62,0
94,63,0
94,64,0
94,65,0
94,66,0.04
94,67,0
94,68,0
94,69,0.04
94,70,0
94,71,0.04
94,72,0
94,73,0
94,74,0.04
94,75,0.04
94,76,0
94,77,0
94,78,0
94,79,0.04
94,80,0
94,81,0.04
94,82,0
94,83,0
94,84,0
94,85,0
94,86,0.04
94,87,0
94,88,0
94,89,0
94,90,0
94,91,0
94,92,0
94,93,0
94,94,0
94,95,0.04
94,96,0
94,97,0.04
94,98,0.04
94,99,0.04
94,100,0
94,101,0
94,102,0
94,103,0.04
94,104,0
94,105,0
94,106,0
94,107,0
94,108,0
94,109,0.04
94,110,0
94,111,0
94,112,0
94,113,0.08
94,114,0.08
94,115,0
94,116,0
94,117,0
94,118,0.08
94,119,0
94,120,0.04
94,121,0
94,122,0.04
94,123,0
94,124,0.04
94,125,0.04
94,126,0.04
94,127,0.04
94,128,0
94,129,0
94,130,0
94,131,0
94,132,0
94,133,0.04
94,134,0
94,135,0.04
94,136,0.08
94,137,0
94,138,0
94,139,0
94,140,0
94,141,0
94,142,0
94,143,0
94,144,0
94,145,0.04
94,146,0
94,147,0.04
94,148,0.04
94,149,0
94,150,0.04
94,151,0
94,152,0
94,153,0
94,154,0.04
94,155,0
94,156,0
94,157,0
94,158,0
94,159,0
94,160,0
94,161,0
94,162,0
94,163,0.04
94,164,0
94,165,0.04
94,166,0
94,167,0
94,168,0.04
94,169,0
94,170,0
94,171,0
94,172,0
94,173,0
94,174,0
94,175,0
94,176,0
94,177,0
94,178,0
94,179,0.04
94,180,0
94,181,0.04
94,182,0.04
94,183,0
94,184,0
94,185,0.04
94,186,0
94,187,0
94,188,0
94,189,0
94,190,0.04
94,191,0.04
94,192,0.04
94,193,0
94,194,0
94,195,0
94,196,0
94,197,0
94,198,0
94,199,0.04
94,200,0
94,201,0
94,202,0
94,203,0
94,204,0.04
94,205,0
94,206,0
94,207,0
94,208,0.04
94,209,0
94,210,0.04
94,211,0
94,212,0
94,213,0
94,214,0
94,215,0
94,216,0
94,217,0
94,218,0
94,219,0
94,220,0
94,221,0
94,222,0
94,223,0.04
94,224,0
94,225,0.04
94,226,0
94,227,0
94,228,0
94,229,0.04
94,230,0.04
94,231,0
94,232,0
94,233,0
94,234,0
94,235,0
94,236,0
95,1,0
95,2,0.04
95,3,0
95,4,0
95,5,0.04
95,6,0
95,7,0.04
95,8,0.04
95,9,0
95,10,0
95,11,0
95,12,0.04
95,13,0
95,14,0
95,15,0
95,16,0.04
95,17,0
95,18,0.04
95,19,0.04
95,20,0
95,21,0
95,22,0
95,23,0
95,24,0
95,25,0
95,26,0
95,27,0.04
95,28,0
95,29,0
95,30,0
95,31,0.04
95,32,0.04
95,33,0
95,34,0.04
95,35,0
95,36,0
95,37,0
95,38,0
95,39,0
95,40,0
95,41,0
95,42,0
95,43,0
95,44,0
95,45,0
95,46,0
95,47,0
95,48,0
95,49,0
95,50,0.04
95,51,0.04
95,52,0
95,53,0
95,54,0
95,55,0
95,56,0
95,57,0
95,58,0.04
95,59,0
95,60,0
95,61,0
95,62,0
95,63,0
95,64,0
95,65,0
95,66,0.04
95,67,0
95,68,0
95,69,0.04
95,70,0
95,71,0.04
95,72,0
95,73,0
95,74,0.04
95,75,0
95,76,0
95,77,0
95,78,0
95,79,0.04
95,80,0
95,81,0
95,82,0.04
95,83,0
95,84,0
95,85,0
95,86,0
95,87,0
95,88,0
95,89,0
95,90,0
95,91,0
95,92,0
95,93,0.04
95,94,0.04
95,95,0.04
95,96,0
95,97,0
95,98,0
95,99,0
95,100,0
95,101,0
95,102,0.04
95,103,0.04
95,104,0
95,105,0
95,106,0.04
95,107,0
95,108,0
95,109,0.04
95,110,0
95,111,0
95,112,0
95,113,0.04
95,114,0.04
95,115,0
95,116,0
95,117,0
95,118,0.04
95,119,0
95,120,0.04
95,121,0
95,122,0
95,123,0.04
95,124,0.04
95,125,0
95,126,0
95,127,0.04
95,128,0
95,129,0
95,130,0
95,131,0
95,132,0
95,133,0
95,134,0
95,135,0
95,136,0.04
95,137,0
95,138,0
95,139,0.04
95,140,0
95,141,0.04
95,142,0
95,143,0
95,144,0
95,145,0.04
95,146,0
95,147,0.04
95,148,0
95,149,0
95,150,0.04
95,151,0
95,152,0
95,153,0
95,154,0
95,155,0.04
95,156,0
95,157,0
95,158,0
95,159,0
95,160,0
95,161,0
95,162,0
95,163,0
95,164,0
95,165,0
95,166,0
95,167,0.04
95,168,0
95,169,0
95,170,0
95,171,0
95,172,0.04
95,173,0
95,174,0.04
95,175,0.04
95,176,0
95,177,0
95,178,0
95,179,0
95,180,0
95,181,0.04
95,182,0.04
95,183,0
95,184,0
95,185,0.04
95,186,0.04
95,187,0
95,188,0
95,189,0
95,190,0
95,191,0
95,192,0.04
95,193,0
95,194,0
95,195,0.04
95,196,0
95,197,0.04
95,198,0
95,199,0.04
95,200,0
95,201,0
95,202,0
95,203,0
95,204,0
95,205,0
95,206,0
95,207,0.04
95,208,0
95,209,0
95,210,0
95,211,0
95,212,0
95,213,0
95,214,0
95,215,0
95,216,0
95,217,0
95,218,0
95,219,0
95,220,0
95,221,0
95,222,0
95,223,0.04
95,224,0.04
95,225,0.04
95,226,0
95,227,0
95,228,0
95,229,0
95,230,0.04
95,231,0
95,232,0
95,233,0
95,234,0
95,235,0
95,236,0
96,1,0.04
96,2,0
96,3,0
96,4,0
96,5,0
96,6,0
96,7,0
96,8,0
96,9,0
96,10,0
96,11,0
96,12,0.04
96,13,0.04
96,14,0
96,15,0
96,16,0.04
96,17,0.04
96,18,0
96,19,0
96,20,0
96,21,0
96,22,0.04
96,23,0.04
96,24,0
96,25,0
96,26,0
96,27,0
96,28,0.04
96,29,0
96,30,0.04
96,31,0
96,32,0
96,33,0.04
96,34,0
96,35,0
96,36,0
96,37,0
96,38,0
96,39,0
96,40,0
96,41,0
96,42,0
96,43,0
96,44,0
96,45,0
96,46,0
96,47,0
96,48,0
96,49,0
96,50,0
96,51,0.04
96,52,0
96,53,0.04
96,54,0.04
96,55,0
96,56,0
96,57,0
96,58,0
96,59,0
96,60,0
96,61,0
96,62,0.04
96,63,0
96,64,0
96,65,0
96,66,0
96,67,0
96,68,0
96,69,0
96,70,0
96,71,0
96,72,0
96,73,0
96,74,0.04
96,75,0.04
96,76,0
96,77,0
96,78,0
96,79,0
96,80,0
96,81,0
96,82,0
96,83,0
96,84,0
96,85,0
96,86,0
96,87,0.04
96,88,0
96,89,0
96,90,0
96,91,0
96,92,0.04
96,93,0.04
96,94,0
96,95,0
96,96,0
96,97,0
96,98,0
96,99,0
96,100,0.04
96,101,0
96,102,0.04
96,103,0
96,104,0
96,105,0
96,106,0
96,107,0
96,108,0
96,109,0
96,110,0
96,111,0
96,112,0
96,113,0.04
96,114,0.04
96,115,0
96,116,0
96,117,0
96,118,0.04
96,119,0
96,120,0
96,121,0
96,122,0.04
96,123,0.04
96,124,0.04
96,125,0
96,126,0
96,127,0
96,128,0
96,129,0
96,130,0
96,131,0
96,132,0
96,133,0.04
96,134,0
96,135,0
96,136,0.04
96,137,0
96,138,0
96,139,0
96,140,0
96,141,0.04
96,142,0
96,143,0
96,144,0
96,145,0.04
96,146,0
96,147,0
96,148,0.04
96,149,0.04
96,150,0.04
96,151,0.04
96,152,0
96,153,0.04
96,154,0
96,155,0.04
96,156,0
96,157,0
96,158,0
96,159,0
96,160,0
96,161,0
96,162,0
96,163,0.04
96,164,0
96,165,0
96,166,0
96,167,0
96,168,0.04
96,169,0
96,170,0
96,171,0
96,172,0.04
96,173,0
96,174,0.04
96,175,0
96,176,0
96,177,0
96,178,0
96,179,0
96,180,0
96,181,0.04
96,182,0
96,183,0
96,184,0
96,185,0
96,186,0.04
96,187,0
96,188,0
96,189,0
96,190,0
96,191,0.04
96,192,0
96,193,0.04
96,194,0
96,195,0.04
96,196,0
96,197,0
96,198,0
96,199,0.04
96,200,0
96,201,0
96,202,0
96,203,0
96,204,0
96,205,0
96,206,0
96,207,0.04
96,208,0
96,209,0
96,210,0
96,211,0
96,212,0
96,213,0
96,214,0
96,215,0
96,216,0
96,217,0
96,218,0
96,219,0
96,220,0
96,221,0
96,222,0
96,223,0
96,224,0
96,225,0
96,226,0
96,227,0
96,228,0.04
96,229,0
96,230,0.04
96,231,0
96,232,0
96,233,0
96,234,0
96,235,0
96,236,0
97,1,0
97,2,0
97,3,0
97,4,0
97,5,0
97,6,0
97,7,0
97,8,0.04
97,9,0
97,10,0
97,11,0
97,12,0.04
97,13,0
97,14,0
97,15,0
97,16,0
97,17,0
97,18,0
97,19,0
97,20,0
97,21,0.04
97,22,0.04
97,23,0.04
97,24,0
97,25,0
97,26,0
97,27,0
97,28,0
97,29,0
97,30,0
97,31,0
97,32,0
97,33,0
97,34,0.04
97,35,0.04
97,36,0
97,37,0
97,38,0
97,39,0
97,40,0
97,41,0
97,42,0
97,43,0
97,44,0
97,45,0
97,46,0
97,47,0
97,48,0
97,49,0
97,50,0
97,51,0.04
97,52,0
97,53,0.04
97,54,0
97,55,0
97,56,0
97,57,0
97,58,0
97,59,0
97,60,0.04
97,61,0
97,62,0.04
97,63,0
97,64,0
97,65,0
97,66,0
97,67,0
97,68,0
97,69,0
97,70,0
97,71,0
97,72,0
97,73,0
97,74,0
97,75,0
97,76,0
97,77,0
97,78,0
97,79,0
97,80,0
97,81,0
97,82,0
97,83,0
97,84,0
97,85,0
97,86,0
97,87,0.04
97,88,0
97,89,0
97,90,0
97,91,0
97,92,0
97,93,0.04
97,94,0.04
97,95,0.04
97,96,0
97,97,0
97,98,0
97,99,0
97,100,0.04
97,101,0
97,102,0
97,103,0.04
97,104,0
97,105,0
97,106,0
97,107,0
97,108,0
97,109,0.04
97,110,0
97,111,0
97,112,0
97,113,0.04
97,114,0.04
97,115,0
97,116,0
97,117,0
97,118,0.04
97,119,0
97,120,0
97,121,0
97,122,0.04
97,123,0
97,124,0
97,125,0.04
97,126,0
97,127,0
97,128,0
97,129,0
97,130,0
97,131,0
97,132,0
97,133,0
97,134,0
97,135,0.04
97,136,0.04
97,137,0
97,138,0
97,139,0.04
97,140,0
97,141,0.04
97,142,0.04
97,143,0.04
97,144,0
97,145,0.04
97,146,0
97,147,0
97,148,0
97,149,0
97,150,0
97,151,0
97,152,0
97,153,0
97,154,0.04
97,155,0
97,156,0
97,157,0
97,158,0
97,159,0
97,160,0
97,161,0
97,162,0
97,163,0.04
97,164,0
97,165,0
97,166,0
97,167,0
97,168,0.04
97,169,0
97,170,0
97,171,0
97,172,0.04
97,173,0
97,174,0
97,175,0.04
97,176,0
97,177,0
97,178,0
97,179,0
97,180,0
97,181,0.04
97,182,0.04
97,183,0
97,184,0
97,185,0.04
97,186,0
97,187,0
97,188,0
97,189,0.04
97,190,0
97,191,0
97,192,0
97,193,0.04
97,194,0
97,195,0
97,196,0
97,197,0.04
97,198,0
97,199,0
97,200,0
97,201,0
97,202,0.04
97,203,0
97,204,0.04
97,205,0
97,206,0
97,207,0.04
97,208,0
97,209,0
97,210,0
97,211,0
97,212,0
97,213,0
97,214,0
97,215,0
97,216,0
97,217,0
97,218,0
97,219,0
97,220,0
97,221,0
97,222,0
97,223,0
97,224,0
97,225,0
97,226,0
97,227,0
97,228,0
97,229,0
97,230,0.04
97,231,0
97,232,0
97,233,0
97,234,0
97,235,0
97,236,0
98,1,0
98,2,0
98,3,0
98,4,0
98,5,0
98,6,0
98,7,0
98,8,0
98,9,0
98,10,0
98,11,0
98,12,0.04
98,13,0
98,14,0
98,15,0.04
98,16,0
98,17,0.04
98,18,0
98,19,0
98,20,0
98,21,0
98,22,0
98,23,0.04
98,24,0
98,25,0
98,26,0
98,27,0
98,28,0
98,29,0
98,30,0
98,31,0
98,32,0
98,33,0.04
98,34,0.04
98,35,0
98,36,0
98,37,0
98,38,0
98,39,0
98,40,0
98,41,0
98,42,0
98,43,0
98,44,0
98,45,0
98,46,0
98,47,0
98,48,0
98,49,0
98,50,0
98,51,0
98,52,0
98,53,0
98,54,0
98,55,0
98,56,0
98,57,0
98,58,0
98,59,0
98,60,0.04
98,61,0
98,62,0
98,63,0
98,64,0
98,65,0
98,66,0
98,67,0
98,68,0
98,69,0
98,70,0
98,71,0
98,72,0.04
98,73,0
98,74,0
98,75,0
98,76,0
98,77,0
98,78,0.04
98,79,0.04
98,80,0
98,81,0
98,82,0
98,83,0
98,84,0
98,85,0
98,86,0
98,87,0
98,88,0
98,89,0
98,90,0
98,91,0
98,92,0
98,93,0
98,94,0
98,95,0
98,96,0
98,97,0
98,98,0
98,99,0.04
98,100,0
98,101,0
98,102,0
98,103,0.04
98,104,0
98,105,0
98,106,0
98,107,0
98,108,0
98,109,0
98,110,0
98,111,0
98,112,0
98,113,0.04
98,114,0.04
98,115,0
98,116,0
98,117,0
98,118,0.04
98,119,0
98,120,0
98,121,0
98,122,0
98,123,0.04
98,124,0
98,125,0
98,126,0
98,127,0
98,128,0
98,129,0
98,130,0
98,131,0
98,132,0
98,133,0.04
98,134,0
98,135,0.04
98,136,0.04
98,137,0
98,138,0
98,139,0.04
98,140,0
98,141,0.04
98,142,0
98,143,0
98,144,0
98,145,0
98,146,0
98,147,0
98,148,0.04
98,149,0
98,150,0
98,151,0
98,152,0
98,153,0
98,154,0
98,155,0
98,156,0
98,157,0
98,158,0
98,159,0
98,160,0
98,161,0
98,162,0
98,163,0
98,164,0
98,165,0.04
98,166,0
98,167,0
98,168,0
98,169,0
98,170,0
98,171,0
98,172,0
98,173,0
98,174,0
98,175,0
98,176,0
98,177,0
98,178,0
98,179,0.04
98,180,0
98,181,0
98,182,0
98,183,0
98,184,0
98,185,0
98,186,0
98,187,0
98,188,0
98,189,0
98,190,0
98,191,0.04
98,192,0
98,193,0.04
98,194,0
98,195,0
98,196,0
98,197,0.04
98,198,0
98,199,0
98,200,0
98,201,0
98,202,0
98,203,0
98,204,0
98,205,0
98,206,0
98,207,0.04
98,208,0.04
98,209,0
98,210,0
98,211,0
98,212,0
98,213,0
98,214,0
98,215,0
98,216,0
98,217,0
98,218,0
98,219,0
98,220,0
98,221,0
98,222,0
98,223,0.04
98,224,0
98,225,0.04
98,226,0.04
98,227,0
98,228,0
98,229,0.04
98,230,0
98,231,0
98,232,0
98,233,0
98,234,0
98,235,0
98,236,0
99,1,0.04
99,2,0
99,3,0
99,4,0
99,5,0
99,6,0
99,7,0
99,8,0
99,9,0
99,10,0
99,11,0
99,12,0
99,13,0
99,14,0
99,15,0
99,16,0.04
99,17,0
99,18,0
99,19,0.04
99,20,0
99,21,0.04
99,22,0
99,23,0
99,24,0
99,25,0
99,26,0
99,27,0
99,28,0
99,29,0
99,30,0.04
99,31,0
99,32,0
99,33,0
99,34,0.04
99,35,0
99,36,0
99,37,0
99,38,0
99,39,0
99,40,0
99,41,0
99,42,0
99,43,0
99,44,0
99,45,0
99,46,0
99,47,0
99,48,0
99,49,0
99,50,0
99,51,0
99,52,0
99,53,0
99,54,0
99,55,0
99,56,0
99,57,0
99,58,0.04
99,59,0
99,60,0
99,61,0
99,62,0
99,63,0
99,64,0
99,65,0
99,66,0
99,67,0
99,68,0
99,69,0
99,70,0
99,71,0
99,72,0
99,73,0
99,74,0
99,75,0
99,76,0
99,77,0
99,78,0
99,79,0
99,80,0
99,81,0
99,82,0.04
99,83,0
99,84,0
99,85,0
99,86,0
99,87,0
99,88,0.04
99,89,0
99,90,0
99,91,0
99,92,0
99,93,0
99,94,0
99,95,0
99,96,0
99,97,0
99,98,0.04
99,99,0.04
99,100,0
99,101,0
99,102,0.04
99,103,0
99,104,0
99,105,0
99,106,0
99,107,0
99,108,0
99,109,0
99,110,0
99,111,0
99,112,0
99,113,0.04
99,114,0.04
99,115,0
99,116,0
99,117,0
99,118,0.04
99,119,0
99,120,0
99,121,0
99,122,0.04
99,123,0
99,124,0
99,125,0
99,126,0
99,127,0.04
99,128,0
99,129,0
99,130,0
99,131,0
99,132,0
99,133,0.04
99,134,0
99,135,0
99,136,0.04
99,137,0
99,138,0
99,139,0
99,140,0
99,141,0.04
99,142,0
99,143,0.04
99,144,0
99,145,0
99,146,0
99,147,0
99,148,0
99,149,0
99,150,0
99,151,0
99,152,0
99,153,0
99,154,0
99,155,0
99,156,0
99,157,0
99,158,0
99,159,0
99,160,0
99,161,0
99,162,0
99,163,0.04
99,164,0
99,165,0
99,166,0
99,167,0
99,168,0
99,169,0
99,170,0
99,171,0
99,172,0
99,173,0
99,174,0
99,175,0
99,176,0
99,177,0
99,178,0
99,179,0
99,180,0
99,181,0
99,182,0
99,183,0
99,184,0
99,185,0.04
99,186,0
99,187,0
99,188,0
99,189,0
99,190,0
99,191,0
99,192,0
99,193,0.04
99,194,0
99,195,0
99,196,0
99,197,0
99,198,0
99,199,0.04
99,200,0
99,201,0
99,202,0
99,203,0
99,204,0.04
99,205,0
99,206,0
99,207,0.04
99,208,0
99,209,0
99,210,0
99,211,0
99,212,0
99,213,0
99,214,0
99,215,0
99,216,0
99,217,0
99,218,0
99,219,0
99,220,0
99,221,0
99,222,0
99,223,0
99,224,0.04
99,225,0.04
99,226,0
99,227,0
99,228,0
99,229,0
99,230,0
99,231,0
99,232,0
99,233,0
99,234,0
99,235,0
99,236,0
100,1,0
100,2,0
100,3,0
100,4,0
100,5,0
100,6,0
100,7,0
100,8,0
100,9,0
100,10,0
100,11,0
100,12,0
100,13,0
100,14,0
100,15,0
100,16,0.04
100,17,0
100,18,0
100,19,0
100,20,0
100,21,0
100,22,0
100,23,0
100,24,0
100,25,0
100,26,0
100,27,0
100,28,0.04
100,29,0
100,30,0.04
100,31,0
100,32,0
100,33,0
100,34,0.04
100,35,0
100,36,0
100,37,0
100,38,0
100,39,0
100,40,0
100,41,0
100,42,0
100,43,0
100,44,0
100,45,0
100,46,0
100,47,0
100,48,0
100,49,0
100,50,0
100,51,0
100,52,0
100,53,0
100,54,0
100,55,0
100,56,0
100,57,0
100,58,0
100,59,0
100,60,0
100,61,0
100,62,0
100,63,0
100,64,0
100,65,0
100,66,0
100,67,0
100,68,0
100,69,0
100,70,0
100,71,0
100,72,0
100,73,0
100,74,0.04
100,75,0
100,76,0
100,77,0
100,78,0
100,79,0
100,80,0
100,81,0
100,82,0
100,83,0
100,84,0
100,85,0
100,86,0
100,87,0
100,88,0
100,89,0
100,90,0
100,91,0
100,92,0
100,93,0
100,94,0
100,95,0
100,96,0
100,97,0
100,98,0
100,99,0.04
100,100,0
100,101,0
100,102,0
100,103,0
100,104,0
100,105,0
100,106,0
100,107,0
100,108,0
100,109,0
100,110,0
100,111,0
100,112,0
100,113,0.04
100,114,0.04
100,115,0
100,116,0
100,117,0.04
100,118,0.04
100,119,0
100,120,0
100,121,0
100,122,0
100,123,0
100,124,0
100,125,0.04
100,126,0
100,127,0
100,128,0
100,129,0
100,130,0
100,131,0
100,132,0
100,133,0
100,134,0
100,135,0
100,136,0.04
100,137,0
100,138,0
100,139,0
100,140,0
100,141,0.04
100,142,0
100,143,0
100,144,0
100,145,0
100,146,0
100,147,0
100,148,0.04
100,149,0.04
100,150,0
100,151,0
100,152,0
100,153,0
100,154,0.04
100,155,0
100,156,0
100,157,0
100,158,0
100,159,0
100,160,0
100,161,0
100,162,0
100,163,0
100,164,0
100,165,0.04
100,166,0
100,167,0.04
100,168,0
100,169,0
100,170,0
100,171,0
100,172,0.04
100,173,0
100,174,0.04
100,175,0
100,176,0
100,177,0
100,178,0
100,179,0
100,180,0
100,181,0
100,182,0
100,183,0
100,184,0
100,185,0
100,186,0
100,187,0
100,188,0
100,189,0
100,190,0
100,191,0.04
100,192,0
100,193,0
100,194,0
100,195,0
100,196,0
100,197,0.04
100,198,0
100,199,0.04
100,200,0
100,201,0
100,202,0
100,203,0
100,204,0
100,205,0
100,206,0
100,207,0.04
100,208,0
100,209,0
100,210,0
100,211,0
100,212,0
100,213,0
100,214,0
100,215,0
100,216,0
100,217,0
100,218,0
100,219,0
100,220,0
100,221,0
100,222,0
100,223,0
100,224,0
100,225,0
100,226,0
100,227,0
100,228,0
100,229,0.04
100,230,0
100,231,0
100,232,0
100,233,0
100,234,0
100,235,0
100,236,0
101,1,0
101,2,0
101,3,0
101,4,0
101,5,0
101,6,0
101,7,0
101,8,0
101,9,0
101,10,0
101,11,0
101,12,0
101,13,0
101,14,0
101,15,0
101,16,0
101,17,0
101,18,0
101,19,0
101,20,0
101,21,0
101,22,0
101,23,0
101,24,0
101,25,0
101,26,0
101,27,0
101,28,0
101,29,0
101,30,0
101,31,0
101,32,0
101,33,0
101,34,0
101,35,0
101,36,0
101,37,0
101,38,0
101,39,0
101,40,0
101,41,0
101,42,0
101,43,0
101,44,0
101,45,0
101,46,0
101,47,0
101,48,0
101,49,0
101,50,0
101,51,0
101,52,0
101,53,0
101,54,0
101,55,0
101,56,0
101,57,0
101,58,0
101,59,0
101,60,0
101,61,0
101,62,0
101,63,0
101,64,0
101,65,0
101,66,0
101,67,0
101,68,0
101,69,0
101,70,0
101,71,0
101,72,0
101,73,0
101,74,0
101,75,0
101,76,0
101,77,0
101,78,0
101,79,0
101,80,0
101,81,0
101,82,0
101,83,0
101,84,0
101,85,0
101,86,0
101,87,0
101,88,0
101,89,0
101,90,0
101,91,0
101,92,0
101,93,0
101,94,0
101,95,0
101,96,0
101,97,0
101,98,0
101,99,0
101,100,0
101,101,0
101,102,0
101,103,0
101,104,0
101,105,0
101,106,0
101,107,0
101,108,0
101,109,0
101,110,0
101,111,0
101,112,0
101,113,0
101,114,0
101,115,0
101,116,0
101,117,0
101,118,0
101,119,0
101,120,0
101,121,0
101,122,0
101,123,0
101,124,0
101,125,0
101,126,0
101,127,0
101,128,0
101,129,0
101,130,0
101,131,0
101,132,0
101,133,0
101,134,0
101,135,0
101,136,0
101,137,0
101,138,0
101,139,0
101,140,0
101,141,0
101,142,0
101,143,0
101,144,0
101,145,0
101,146,0
101,147,0
101,148,0
101,149,0
101,150,0
101,151,0
101,152,0
101,153,0
101,154,0
101,155,0
101,156,0
101,157,0
101,158,0
101,159,0
101,160,0
101,161,0
101,162,0
101,163,0
101,164,0
101,165,0
101,166,0
101,167,0
101,168,0
101,169,0
101,170,0
101,171,0
101,172,0
101,173,0
101,174,0
101,175,0
101,176,0
101,177,0
101,178,0
101,179,0
101,180,0
101,181,0
101,182,0
101,183,0
101,184,0
101,185,0
101,186,0
101,187,0
101,188,0
101,189,0
101,190,0
101,191,0
101,192,0
101,193,0
101,194,0
101,195,0
101,196,0
101,197,0
101,198,0
101,199,0
101,200,0
101,201,0
101,202,0
101,203,0
101,204,0
101,205,0
101,206,0
101,207,0
101,208,0
101,209,0
101,210,0
101,211,0
101,212,0
101,213,0
101,214,0
101,215,0
101,216,0
101,217,0
101,218,0
101,219,0
101,220,0
101,221,0
101,222,0
101,223,0
101,224,0
101,225,0
101,226,0
101,227,0
101,228,0
101,229,0
101,230,0
101,231,0
101,232,0
101,233,0
101,234,0
101,235,0
101,236,0
102,1,0
102,2,0
102,3,0
102,4,0
102,5,0
102,6,0
102,7,0
102,8,0
102,9,0
102,10,0
102,11,0
102,12,0
102,13,0
102,14,0
102,15,0
102,16,0
102,17,0
102,18,0
102,19,0
102,20,0
102,21,0
102,22,0
102,23,0
102,24,0
102,25,0
102,26,0
102,27,0
102,28,0
102,29,0
102,30,0
102,31,0
102,32,0
102,33,0
102,34,0
102,35,0
102,36,0
102,37,0
102,38,0
102,39,0
102,40,0
102,41,0
102,42,0
102,43,0
102,44,0
102,45,0
102,46,0
102,47,0
102,48,0
102,49,0
102,50,0
102,51,0
102,52,0
102,53,0
102,54,0
102,55,0
102,56,0
102,57,0
102,58,0
102,59,0
102,60,0
102,61,0
102,62,0
102,63,0
102,64,0
102,65,0
102,66,0
102,67,0
102,68,0
102,69,0
102,70,0
102,71,0
102,72,0
102,73,0
102,74,0
102,75,0
102,76,0
102,77,0
102,78,0
102,79,0
102,80,0
102,81,0
102,82,0
102,83,0
102,84,0
102,85,0
102,86,0
102,87,0
102,88,0
102,89,0
102,90,0
102,91,0
102,92,0
102,93,0
102,94,0
102,95,0
102,96,0
102,97,0
102,98,0
102,99,0
102,100,0
102,101,0
102,102,0
102,103,0
102,104,0
102,105,0
102,106,0
102,107,0
102,108,0
102,109,0
102,110,0
102,111,0
102,112,0
102,113,0
102,114,0
102,115,0
102,116,0
102,117,0
102,118,0
102,119,0
102,120,0
102,121,0
102,122,0
102,123,0
102,124,0
102,125,0
102,126,0
102,127,0
102,128,0
102,129,0
102,130,0
102,131,0
102,132,0
102,133,0
102,134,0
102,135,0
102,136,0
102,137,0
102,138,0
102,139,0
102,140,0
102,141,0
102,142,0
102,143,0
102,144,0
102,145,0
102,146,0
102,147,0
102,148,0
102,149,0
102,150,0
102,151,0
102,152,0
102,153,0
102,154,0
102,155,0
102,156,0
102,157,0
102,158,0
102,159,0
102,160,0
102,161,0
102,162,0
102,163,0
102,164,0
102,165,0
102,166,0
102,167,0
102,168,0
102,169,0
102,170,0
102,171,0
102,172,0
102,173,0
102,174,0
102,175,0
102,176,0
102,177,0
102,178,0
102,179,0
102,180,0
102,181,0
102,182,0
102,183,0
102,184,0
102,185,0
102,186,0
102,187,0
102,188,0
102,189,0
102,190,0
102,191,0
102,192,0
102,193,0
102,194,0
102,195,0
102,196,0
102,197,0
102,198,0
102,199,0
102,200,0
102,201,0
102,202,0
102,203,0
102,204,0
102,205,0
102,206,0
102,207,0
102,208,0
102,209,0
102,210,0
102,211,0
102,212,0
102,213,0
102,214,0
102,215,0
102,216,0
102,217,0
102,218,0
102,219,0
102,220,0
102,221,0
102,222,0
102,223,0
102,224,0
102,225,0
102,226,0
102,227,0
102,228,0
102,229,0
102,230,0
102,231,0
102,232,0
102,233,0
102,234,0
102,235,0
102,236,0
103,1,0
103,2,0
103,3,0
103,4,0
103,5,0
103,6,0
103,7,0
103,8,0
103,9,0
103,10,0
103,11,0
103,12,0
103,13,0
103,14,0
103,15,0
103,16,0
103,17,0
103,18,0
103,19,0
103,20,0
103,21,0
103,22,0
103,23,0
103,24,0
103,25,0
103,26,0
103,27,0
103,28,0
103,29,0
103,30,0
103,31,0
103,32,0
103,33,0
103,34,0
103,35,0
103,36,0
103,37,0
103,38,0
103,39,0
103,40,0
103,41,0
103,42,0
103,43,0
103,44,0
103,45,0
103,46,0
103,47,0
103,48,0
103,49,0
103,50,0
103,51,0
103,52,0
103,53,0
103,54,0
103,55,0
103,56,0
103,57,0
103,58,0
103,59,0
103,60,0
103,61,0
103,62,0
103,63,0
103,64,0
103,65,0
103,66,0
103,67,0
103,68,0
103,69,0
103,70,0
103,71,0
103,72,0
103,73,0
103,74,0
103,75,0
103,76,0
103,77,0
103,78,0
103,79,0
103,80,0
103,81,0
103,82,0
103,83,0
103,84,0
103,85,0
103,86,0
103,87,0
103,88,0
103,89,0
103,90,0
103,91,0
103,92,0
103,93,0
103,94,0
103,95,0
103,96,0
103,97,0
103,98,0
103,99,0
103,100,0
103,101,0
103,102,0
103,103,0
103,104,0
103,105,0
103,106,0
103,107,0
103,108,0
103,109,0
103,110,0
103,111,0
103,112,0
103,113,0
103,114,0
103,115,0
103,116,0
103,117,0
103,118,0
103,119,0
103,120,0
103,121,0
103,122,0
103,123,0
103,124,0
103,125,0
103,126,0
103,127,0
103,128,0
103,129,0
103,130,0
103,131,0
103,132,0
103,133,0
103,134,0
103,135,0
103,136,0
103,137,0
103,138,0
103,139,0
103,140,0
103,141,0
103,142,0
103,143,0
103,144,0
103,145,0
103,146,0
103,147,0
103,148,0
103,149,0
103,150,0
103,151,0
103,152,0
103,153,0
103,154,0
103,155,0
103,156,0
103,157,0
103,158,0
103,159,0
103,160,0
103,161,0
103,162,0
103,163,0
103,164,0
103,165,0
103,166,0
103,167,0
103,168,0
103,169,0
103,170,0
103,171,0
103,172,0
103,173,0
103,174,0
103,175,0
103,176,0
103,177,0
103,178,0
103,179,0
103,180,0
103,181,0
103,182,0
103,183,0
103,184,0
103,185,0
103,186,0
103,187,0
103,188,0
103,189,0
103,190,0
103,191,0
103,192,0
103,193,0
103,194,0
103,195,0
103,196,0
103,197,0
103,198,0
103,199,0
103,200,0
103,201,0
103,202,0
103,203,0
103,204,0
103,205,0
103,206,0
103,207,0
103,208,0
103,209,0
103,210,0
103,211,0
103,212,0
103,213,0
103,214,0
103,215,0
103,216,0
103,217,0
103,218,0
103,219,0
103,220,0
103,221,0
103,222,0
103,223,0
103,224,0
103,225,0
103,226,0
103,227,0
103,228,0
103,229,0
103,230,0
103,231,0
103,232,0
103,233,0
103,234,0
103,235,0
103,236,0
